Plot ADC,,
No.,Data,"Temp., Â°C (LGR S/N: 20055127, SEN S/N: 20055127)"
1139,2/9/2019,25.22
1140,2/9/2019,25.22
1141,2/9/2019,25.13
1142,2/9/2019,25.13
1143,2/9/2019,25.13
1144,2/9/2019,25.13
1145,2/9/2019,25.13
1146,2/9/2019,25.13
1147,2/9/2019,25.13
1148,2/9/2019,25.22
1149,2/9/2019,25.22
1150,2/9/2019,25.32
1151,2/9/2019,25.42
1152,2/9/2019,25.42
1153,2/9/2019,25.32
1154,2/9/2019,25.32
1155,2/9/2019,25.32
1156,2/9/2019,25.32
1157,2/9/2019,25.32
1158,2/9/2019,25.51
1159,2/9/2019,25.61
1160,2/9/2019,25.71
1161,2/9/2019,25.81
1162,2/9/2019,25.71
1163,2/9/2019,25.61
1164,2/9/2019,25.61
1165,2/9/2019,26
1166,2/9/2019,26
1167,2/9/2019,26.1
1168,2/9/2019,25.9
1169,2/9/2019,25.9
1170,2/9/2019,26.2
1171,2/9/2019,26.29
1172,2/9/2019,26.39
1173,2/9/2019,26.39
1174,2/9/2019,26.39
1175,2/9/2019,26.29
1176,2/9/2019,26.29
1177,2/9/2019,26.29
1178,2/9/2019,26.29
1179,2/9/2019,26.2
1180,2/9/2019,26.29
1181,2/9/2019,26.29
1182,2/9/2019,26.29
1183,2/9/2019,26.29
1184,2/9/2019,26.29
1185,2/9/2019,26.29
1186,2/9/2019,26.29
1187,2/10/2019,26.29
1188,2/10/2019,26.2
1189,2/10/2019,26
1190,2/10/2019,26
1191,2/10/2019,25.9
1192,2/10/2019,25.9
1193,2/10/2019,25.9
1194,2/10/2019,25.9
1195,2/10/2019,25.9
1196,2/10/2019,25.9
1197,2/10/2019,25.9
1198,2/10/2019,25.9
1199,2/10/2019,25.9
1200,2/10/2019,25.81
1201,2/10/2019,25.81
1202,2/10/2019,25.81
1203,2/10/2019,25.9
1204,2/10/2019,25.9
1205,2/10/2019,26
1206,2/10/2019,26
1207,2/10/2019,26
1208,2/10/2019,26.1
1209,2/10/2019,26.2
1210,2/10/2019,26.29
1211,2/10/2019,26.39
1212,2/10/2019,26.59
1213,2/10/2019,26.78
1214,2/10/2019,26.68
1215,2/10/2019,26.59
1216,2/10/2019,26.59
1217,2/10/2019,26.59
1218,2/10/2019,26.59
1219,2/10/2019,26.59
1220,2/10/2019,26.59
1221,2/10/2019,26.59
1222,2/10/2019,26.68
1223,2/10/2019,26.68
1224,2/10/2019,26.68
1225,2/10/2019,26.68
1226,2/10/2019,26.68
1227,2/10/2019,26.68
1228,2/10/2019,26.59
1229,2/10/2019,26.59
1230,2/10/2019,26.59
1231,2/10/2019,26.59
1232,2/10/2019,26.59
1233,2/10/2019,26.59
1234,2/10/2019,26.49
1235,2/11/2019,26.49
1236,2/11/2019,26.39
1237,2/11/2019,26.39
1238,2/11/2019,26.39
1239,2/11/2019,26.39
1240,2/11/2019,26.29
1241,2/11/2019,26.29
1242,2/11/2019,26.29
1243,2/11/2019,26.29
1244,2/11/2019,26.2
1245,2/11/2019,26.1
1246,2/11/2019,26
1247,2/11/2019,26
1248,2/11/2019,25.9
1249,2/11/2019,25.9
1250,2/11/2019,25.9
1251,2/11/2019,25.9
1252,2/11/2019,25.9
1253,2/11/2019,25.9
1254,2/11/2019,25.9
1255,2/11/2019,26
1256,2/11/2019,26.1
1257,2/11/2019,26.1
1258,2/11/2019,26
1259,2/11/2019,26.1
1260,2/11/2019,26.29
1261,2/11/2019,26.39
1262,2/11/2019,26.39
1263,2/11/2019,26.49
1264,2/11/2019,26.59
1265,2/11/2019,26.59
1266,2/11/2019,26.59
1267,2/11/2019,26.59
1268,2/11/2019,26.68
1269,2/11/2019,26.59
1270,2/11/2019,26.59
1271,2/11/2019,26.68
1272,2/11/2019,26.78
1273,2/11/2019,26.59
1274,2/11/2019,26.49
1275,2/11/2019,26.49
1276,2/11/2019,26.49
1277,2/11/2019,26.49
1278,2/11/2019,26.49
1279,2/11/2019,26.49
1280,2/11/2019,26.49
1281,2/11/2019,26.39
1282,2/11/2019,26.39
1283,2/12/2019,26.29
1284,2/12/2019,26.2
1285,2/12/2019,26.1
1286,2/12/2019,26
1287,2/12/2019,25.9
1288,2/12/2019,25.81
1289,2/12/2019,25.71
1290,2/12/2019,25.71
1291,2/12/2019,25.71
1292,2/12/2019,25.61
1293,2/12/2019,25.61
1294,2/12/2019,25.61
1295,2/12/2019,25.61
1296,2/12/2019,25.61
1297,2/12/2019,25.61
1298,2/12/2019,25.61
1299,2/12/2019,25.51
1300,2/12/2019,25.51
1301,2/12/2019,25.51
1302,2/12/2019,25.51
1303,2/12/2019,25.51
1304,2/12/2019,25.61
1305,2/12/2019,25.61
1306,2/12/2019,25.71
1307,2/12/2019,25.9
1308,2/12/2019,26.1
1309,2/12/2019,26.1
1310,2/12/2019,26.29
1311,2/12/2019,26.2
1312,2/12/2019,26.1
1313,2/12/2019,26.78
1314,2/12/2019,26.39
1315,2/12/2019,26.39
1316,2/12/2019,26.29
1317,2/12/2019,26.29
1318,2/12/2019,26.2
1319,2/12/2019,26.2
1320,2/12/2019,26.39
1321,2/12/2019,26.29
1322,2/12/2019,26.39
1323,2/12/2019,26.39
1324,2/12/2019,26.39
1325,2/12/2019,26.49
1326,2/12/2019,26.49
1327,2/12/2019,26.49
1328,2/12/2019,26.49
1329,2/12/2019,26.39
1330,2/12/2019,26.49
1331,2/13/2019,26.49
1332,2/13/2019,26.49
1333,2/13/2019,26.39
1334,2/13/2019,26.2
1335,2/13/2019,25.81
1336,2/13/2019,25.32
1337,2/13/2019,25.22
1338,2/13/2019,25.61
1339,2/13/2019,25.61
1340,2/13/2019,25.9
1341,2/13/2019,25.81
1342,2/13/2019,25.81
1343,2/13/2019,25.71
1344,2/13/2019,25.42
1345,2/13/2019,24.64
1346,2/13/2019,24.64
1347,2/13/2019,24.35
1348,2/13/2019,24.35
1349,2/13/2019,24.35
1350,2/13/2019,24.45
1351,2/13/2019,24.35
1352,2/13/2019,24.55
1353,2/13/2019,24.26
1354,2/13/2019,24.16
1355,2/13/2019,23.58
1356,2/13/2019,23.29
1357,2/13/2019,23.39
1358,2/13/2019,23.29
1359,2/13/2019,23.29
1360,2/13/2019,23.39
1361,2/13/2019,23.48
1362,2/13/2019,23.39
1363,2/13/2019,23.29
1364,2/13/2019,23.29
1365,2/13/2019,23.58
1366,2/13/2019,23.58
1367,2/13/2019,23.58
1368,2/13/2019,23.48
1369,2/13/2019,23.58
1370,2/13/2019,23.68
1371,2/13/2019,23.77
1372,2/13/2019,23.77
1373,2/13/2019,23.77
1374,2/13/2019,23.87
1375,2/13/2019,23.77
1376,2/13/2019,23.77
1377,2/13/2019,23.77
1378,2/13/2019,23.68
1379,2/14/2019,23.68
1380,2/14/2019,23.87
1381,2/14/2019,23.87
1382,2/14/2019,23.97
1383,2/14/2019,24.06
1384,2/14/2019,24.06
1385,2/14/2019,24.06
1386,2/14/2019,23.97
1387,2/14/2019,23.87
1388,2/14/2019,23.68
1389,2/14/2019,23.77
1390,2/14/2019,23.39
1391,2/14/2019,23.39
1392,2/14/2019,23
1393,2/14/2019,23
1394,2/14/2019,23.1
1395,2/14/2019,22.91
1396,2/14/2019,22.62
1397,2/14/2019,22.05
1398,2/14/2019,21.95
1399,2/14/2019,22.33
1400,2/14/2019,22.43
1401,2/14/2019,22.33
1402,2/14/2019,22.43
1403,2/14/2019,22.81
1404,2/14/2019,22.91
1405,2/14/2019,23.1
1406,2/14/2019,23.2
1407,2/14/2019,23.2
1408,2/14/2019,23.29
1409,2/14/2019,23.39
1410,2/14/2019,23.39
1411,2/14/2019,23.58
1412,2/14/2019,23.48
1413,2/14/2019,23.58
1414,2/14/2019,23.58
1415,2/14/2019,23.48
1416,2/14/2019,23.48
1417,2/14/2019,23.39
1418,2/14/2019,23.39
1419,2/14/2019,23.2
1420,2/14/2019,23.2
1421,2/14/2019,23.2
1422,2/14/2019,23.2
1423,2/14/2019,23
1424,2/14/2019,22.72
1425,2/14/2019,22.62
1426,2/14/2019,22.53
1427,2/15/2019,22.43
1428,2/15/2019,22.24
1429,2/15/2019,22.24
1430,2/15/2019,22.24
1431,2/15/2019,22.43
1432,2/15/2019,22.62
1433,2/15/2019,22.62
1434,2/15/2019,22.72
1435,2/15/2019,22.81
1436,2/15/2019,22.91
1437,2/15/2019,22.81
1438,2/15/2019,22.81
1439,2/15/2019,22.62
1440,2/15/2019,22.72
1441,2/15/2019,22.81
1442,2/15/2019,22.81
1443,2/15/2019,22.81
1444,2/15/2019,22.91
1445,2/15/2019,23
1446,2/15/2019,23.1
1447,2/15/2019,23.2
1448,2/15/2019,23.29
1449,2/15/2019,23.29
1450,2/15/2019,23.29
1451,2/15/2019,23.2
1452,2/15/2019,23.2
1453,2/15/2019,23.48
1454,2/15/2019,23.48
1455,2/15/2019,23.58
1456,2/15/2019,23.97
1457,2/15/2019,23.97
1458,2/15/2019,23.87
1459,2/15/2019,23.77
1460,2/15/2019,23.77
1461,2/15/2019,23.77
1462,2/15/2019,23.87
1463,2/15/2019,23.87
1464,2/15/2019,23.87
1465,2/15/2019,23.87
1466,2/15/2019,23.87
1467,2/15/2019,23.77
1468,2/15/2019,23.77
1469,2/15/2019,23.77
1470,2/15/2019,23.68
1471,2/15/2019,23.68
1472,2/15/2019,23.68
1473,2/15/2019,23.68
1474,2/15/2019,23.68
1475,2/16/2019,23.68
1476,2/16/2019,23.58
1477,2/16/2019,23.58
1478,2/16/2019,23.58
1479,2/16/2019,23.48
1480,2/16/2019,23.48
1481,2/16/2019,23.97
1482,2/16/2019,24.16
1483,2/16/2019,23.97
1484,2/16/2019,23.77
1485,2/16/2019,23.68
1486,2/16/2019,23.68
1487,2/16/2019,23.77
1488,2/16/2019,23.77
1489,2/16/2019,23.77
1490,2/16/2019,23.77
1491,2/16/2019,23.68
1492,2/16/2019,23.58
1493,2/16/2019,23.58
1494,2/16/2019,23.58
1495,2/16/2019,23.58
1496,2/16/2019,23.68
1497,2/16/2019,24.06
1498,2/16/2019,24.16
1499,2/16/2019,24.16
1500,2/16/2019,24.06
1501,2/16/2019,23.97
1502,2/16/2019,24.06
1503,2/16/2019,24.06
1504,2/16/2019,24.06
1505,2/16/2019,24.06
1506,2/16/2019,24.26
1507,2/16/2019,24.26
1508,2/16/2019,24.35
1509,2/16/2019,24.35
1510,2/16/2019,24.35
1511,2/16/2019,24.35
1512,2/16/2019,24.35
1513,2/16/2019,24.35
1514,2/16/2019,24.35
1515,2/16/2019,24.26
1516,2/16/2019,24.35
1517,2/16/2019,24.35
1518,2/16/2019,24.35
1519,2/16/2019,24.35
1520,2/16/2019,24.35
1521,2/16/2019,24.35
1522,2/16/2019,24.35
1523,2/17/2019,24.26
1524,2/17/2019,24.26
1525,2/17/2019,24.26
1526,2/17/2019,24.26
1527,2/17/2019,24.26
1528,2/17/2019,24.26
1529,2/17/2019,24.26
1530,2/17/2019,24.26
1531,2/17/2019,24.26
1532,2/17/2019,24.26
1533,2/17/2019,24.26
1534,2/17/2019,24.26
1535,2/17/2019,24.26
1536,2/17/2019,24.26
1537,2/17/2019,24.26
1538,2/17/2019,24.26
1539,2/17/2019,24.26
1540,2/17/2019,24.35
1541,2/17/2019,24.35
1542,2/17/2019,24.45
1543,2/17/2019,24.45
1544,2/17/2019,24.45
1545,2/17/2019,24.45
1546,2/17/2019,24.55
1547,2/17/2019,24.64
1548,2/17/2019,24.74
1549,2/17/2019,24.93
1550,2/17/2019,25.22
1551,2/17/2019,25.03
1552,2/17/2019,24.93
1553,2/17/2019,25.13
1554,2/17/2019,25.03
1555,2/17/2019,25.22
1556,2/17/2019,25.42
1557,2/17/2019,25.42
1558,2/17/2019,25.32
1559,2/17/2019,25.22
1560,2/17/2019,25.22
1561,2/17/2019,25.22
1562,2/17/2019,25.22
1563,2/17/2019,25.22
1564,2/17/2019,24.93
1565,2/17/2019,24.74
1566,2/17/2019,22.14
1567,2/17/2019,20.33
1568,2/17/2019,18.71
1569,2/17/2019,18.71
1570,2/17/2019,22.33
1571,2/18/2019,24.64
1572,2/18/2019,24.74
1573,2/18/2019,24.64
1574,2/18/2019,24.84
1575,2/18/2019,24.84
1576,2/18/2019,24.64
1577,2/18/2019,24.55
1578,2/18/2019,24.45
1579,2/18/2019,24.35
1580,2/18/2019,24.35
1581,2/18/2019,24.26
1582,2/18/2019,24.35
1583,2/18/2019,24.35
1584,2/18/2019,24.45
1585,2/18/2019,24.45
1586,2/18/2019,24.35
1587,2/18/2019,24.45
1588,2/18/2019,24.45
1589,2/18/2019,24.55
1590,2/18/2019,24.64
1591,2/18/2019,24.35
1592,2/18/2019,24.35
1593,2/18/2019,24.55
1594,2/18/2019,24.64
1595,2/18/2019,24.74
1596,2/18/2019,24.93
1597,2/18/2019,25.42
1598,2/18/2019,25.32
1599,2/18/2019,25.32
1600,2/18/2019,25.42
1601,2/18/2019,25.22
1602,2/18/2019,25.22
1603,2/18/2019,25.03
1604,2/18/2019,25.03
1605,2/18/2019,25.13
1606,2/18/2019,25.13
1607,2/18/2019,25.22
1608,2/18/2019,25.13
1609,2/18/2019,25.13
1610,2/18/2019,25.13
1611,2/18/2019,25.22
1612,2/18/2019,25.22
1613,2/18/2019,25.13
1614,2/18/2019,25.22
1615,2/18/2019,25.22
1616,2/18/2019,25.22
1617,2/18/2019,25.22
1618,2/18/2019,25.22
1619,2/19/2019,25.22
1620,2/19/2019,25.22
1621,2/19/2019,25.22
1622,2/19/2019,25.13
1623,2/19/2019,25.13
1624,2/19/2019,25.22
1625,2/19/2019,25.22
1626,2/19/2019,25.32
1627,2/19/2019,25.42
1628,2/19/2019,25.42
1629,2/19/2019,25.32
1630,2/19/2019,25.32
1631,2/19/2019,25.22
1632,2/19/2019,25.22
1633,2/19/2019,25.22
1634,2/19/2019,25.22
1635,2/19/2019,25.22
1636,2/19/2019,25.22
1637,2/19/2019,25.22
1638,2/19/2019,25.32
1639,2/19/2019,25.32
1640,2/19/2019,25.42
1641,2/19/2019,25.32
1642,2/19/2019,25.32
1643,2/19/2019,25.51
1644,2/19/2019,25.51
1645,2/19/2019,25.81
1646,2/19/2019,25.81
1647,2/19/2019,26.1
1648,2/19/2019,25.9
1649,2/19/2019,25.71
1650,2/19/2019,25.81
1651,2/19/2019,25.81
1652,2/19/2019,25.81
1653,2/19/2019,25.81
1654,2/19/2019,25.9
1655,2/19/2019,25.9
1656,2/19/2019,25.81
1657,2/19/2019,25.81
1658,2/19/2019,25.71
1659,2/19/2019,25.61
1660,2/19/2019,25.61
1661,2/19/2019,25.51
1662,2/19/2019,25.42
1663,2/19/2019,25.22
1664,2/19/2019,24.93
1665,2/19/2019,24.74
1666,2/19/2019,25.03
1667,2/20/2019,24.93
1668,2/20/2019,25.32
1669,2/20/2019,25.22
1670,2/20/2019,25.22
1671,2/20/2019,25.13
1672,2/20/2019,25.22
1673,2/20/2019,25.03
1674,2/20/2019,25.13
1675,2/20/2019,25.13
1676,2/20/2019,25.22
1677,2/20/2019,25.22
1678,2/20/2019,25.13
1679,2/20/2019,25.13
1680,2/20/2019,25.13
1681,2/20/2019,25.13
1682,2/20/2019,25.13
1683,2/20/2019,25.13
1684,2/20/2019,25.13
1685,2/20/2019,25.13
1686,2/20/2019,25.22
1687,2/20/2019,25.51
1688,2/20/2019,25.22
1689,2/20/2019,25.13
1690,2/20/2019,24.74
1691,2/20/2019,23.39
1692,2/20/2019,22.62
1693,2/20/2019,22.62
1694,2/20/2019,23.97
1695,2/20/2019,24.26
1696,2/20/2019,24.26
1697,2/20/2019,24.74
1698,2/20/2019,24.55
1699,2/20/2019,24.64
1700,2/20/2019,24.84
1701,2/20/2019,25.32
1702,2/20/2019,25.42
1703,2/20/2019,25.51
1704,2/20/2019,25.51
1705,2/20/2019,25.51
1706,2/20/2019,25.61
1707,2/20/2019,25.61
1708,2/20/2019,25.61
1709,2/20/2019,25.61
1710,2/20/2019,25.61
1711,2/20/2019,25.61
1712,2/20/2019,25.61
1713,2/20/2019,25.51
1714,2/20/2019,25.51
1715,2/21/2019,25.32
1716,2/21/2019,25.32
1717,2/21/2019,25.42
1718,2/21/2019,25.32
1719,2/21/2019,25.42
1720,2/21/2019,25.51
1721,2/21/2019,25.71
1722,2/21/2019,25.71
1723,2/21/2019,25.81
1724,2/21/2019,26
1725,2/21/2019,26
1726,2/21/2019,26.1
1727,2/21/2019,26
1728,2/21/2019,26.1
1729,2/21/2019,26
1730,2/21/2019,26
1731,2/21/2019,26
1732,2/21/2019,26
1733,2/21/2019,26
1734,2/21/2019,26
1735,2/21/2019,25.9
1736,2/21/2019,25.9
1737,2/21/2019,25.81
1738,2/21/2019,23.87
1739,2/21/2019,22.72
1740,2/21/2019,22.72
1741,2/21/2019,22.14
1742,2/21/2019,22.24
1743,2/21/2019,22.53
1744,2/21/2019,22.05
1745,2/21/2019,22.43
1746,2/21/2019,22.72
1747,2/21/2019,23.58
1748,2/21/2019,25.13
1749,2/21/2019,25.22
1750,2/21/2019,25.42
1751,2/21/2019,25.61
1752,2/21/2019,25.42
1753,2/21/2019,25.42
1754,2/21/2019,25.22
1755,2/21/2019,24.74
1756,2/21/2019,24.74
1757,2/21/2019,25.03
1758,2/21/2019,25.22
1759,2/21/2019,25.32
1760,2/21/2019,25.51
1761,2/21/2019,25.51
1762,2/21/2019,25.81
1763,2/22/2019,25.13
1764,2/22/2019,24.74
1765,2/22/2019,24.93
1766,2/22/2019,24.93
1767,2/22/2019,24.93
1768,2/22/2019,25.42
1769,2/22/2019,25.42
1770,2/22/2019,25.32
1771,2/22/2019,25.42
1772,2/22/2019,25.42
1773,2/22/2019,25.51
1774,2/22/2019,25.51
1775,2/22/2019,25.61
1776,2/22/2019,25.71
1777,2/22/2019,25.81
1778,2/22/2019,25.81
1779,2/22/2019,25.81
1780,2/22/2019,25.9
1781,2/22/2019,25.9
1782,2/22/2019,25.9
1783,2/22/2019,26
1784,2/22/2019,26.1
1785,2/22/2019,26.1
1786,2/22/2019,26.2
1787,2/22/2019,26.29
1788,2/22/2019,26.2
1789,2/22/2019,26.2
1790,2/22/2019,26.49
1791,2/22/2019,26.68
1792,2/22/2019,26.59
1793,2/22/2019,26.49
1794,2/22/2019,26.59
1795,2/22/2019,26.49
1796,2/22/2019,26.59
1797,2/22/2019,26.68
1798,2/22/2019,26.68
1799,2/22/2019,26.59
1800,2/22/2019,26.59
1801,2/22/2019,26.49
1802,2/22/2019,26.39
1803,2/22/2019,26.29
1804,2/22/2019,26.29
1805,2/22/2019,26.29
1806,2/22/2019,26.29
1807,2/22/2019,26.29
1808,2/22/2019,26.29
1809,2/22/2019,26.29
1810,2/22/2019,26.29
1811,2/23/2019,26.29
1812,2/23/2019,26.29
1813,2/23/2019,26.2
1814,2/23/2019,26.2
1815,2/23/2019,26.2
1816,2/23/2019,26.2
1817,2/23/2019,26.2
1818,2/23/2019,26.2
1819,2/23/2019,26.2
1820,2/23/2019,26.1
1821,2/23/2019,26.2
1822,2/23/2019,26.29
1823,2/23/2019,26.29
1824,2/23/2019,26.29
1825,2/23/2019,26.29
1826,2/23/2019,26.29
1827,2/23/2019,26.29
1828,2/23/2019,26.39
1829,2/23/2019,26.49
1830,2/23/2019,26.49
1831,2/23/2019,26.59
1832,2/23/2019,26.59
1833,2/23/2019,26.68
1834,2/23/2019,26.78
1835,2/23/2019,26.78
1836,2/23/2019,26.88
1837,2/23/2019,26.98
1838,2/23/2019,27.08
1839,2/23/2019,27.27
1840,2/23/2019,27.27
1841,2/23/2019,27.37
1842,2/23/2019,27.37
1843,2/23/2019,27.47
1844,2/23/2019,27.47
1845,2/23/2019,27.47
1846,2/23/2019,27.57
1847,2/23/2019,27.57
1848,2/23/2019,27.57
1849,2/23/2019,27.47
1850,2/23/2019,27.47
1851,2/23/2019,27.47
1852,2/23/2019,27.37
1853,2/23/2019,27.37
1854,2/23/2019,27.27
1855,2/23/2019,27.17
1856,2/23/2019,27.17
1857,2/23/2019,27.08
1858,2/23/2019,26.98
1859,2/24/2019,26.98
1860,2/24/2019,26.88
1861,2/24/2019,26.78
1862,2/24/2019,26.68
1863,2/24/2019,26.59
1864,2/24/2019,26.59
1865,2/24/2019,26.49
1866,2/24/2019,26.49
1867,2/24/2019,26.49
1868,2/24/2019,26.49
1869,2/24/2019,26.49
1870,2/24/2019,26.49
1871,2/24/2019,26.39
1872,2/24/2019,26.29
1873,2/24/2019,26.2
1874,2/24/2019,26.1
1875,2/24/2019,26.29
1876,2/24/2019,26.29
1877,2/24/2019,26.29
1878,2/24/2019,26.39
1879,2/24/2019,26.49
1880,2/24/2019,26.59
1881,2/24/2019,26.68
1882,2/24/2019,26.88
1883,2/24/2019,26.98
1884,2/24/2019,27.08
1885,2/24/2019,27.27
1886,2/24/2019,27.27
1887,2/24/2019,27.47
1888,2/24/2019,27.67
1889,2/24/2019,27.37
1890,2/24/2019,27.67
1891,2/24/2019,27.86
1892,2/24/2019,27.86
1893,2/24/2019,27.67
1894,2/24/2019,27.76
1895,2/24/2019,27.67
1896,2/24/2019,27.67
1897,2/24/2019,27.76
1898,2/24/2019,27.86
1899,2/24/2019,27.76
1900,2/24/2019,27.67
1901,2/24/2019,27.67
1902,2/24/2019,27.67
1903,2/24/2019,27.67
1904,2/24/2019,27.57
1905,2/24/2019,27.57
1906,2/24/2019,27.57
1907,2/25/2019,27.57
1908,2/25/2019,27.57
1909,2/25/2019,27.57
1910,2/25/2019,27.57
1911,2/25/2019,27.47
1912,2/25/2019,27.47
1913,2/25/2019,27.47
1914,2/25/2019,27.47
1915,2/25/2019,27.37
1916,2/25/2019,27.37
1917,2/25/2019,27.37
1918,2/25/2019,27.37
1919,2/25/2019,27.37
1920,2/25/2019,27.37
1921,2/25/2019,27.37
1922,2/25/2019,27.37
1923,2/25/2019,27.37
1924,2/25/2019,27.27
1925,2/25/2019,27.17
1926,2/25/2019,26.78
1927,2/25/2019,26.49
1928,2/25/2019,26.59
1929,2/25/2019,26.49
1930,2/25/2019,26.29
1931,2/25/2019,26.49
1932,2/25/2019,26.49
1933,2/25/2019,26.49
1934,2/25/2019,26.68
1935,2/25/2019,26.68
1936,2/25/2019,26.98
1937,2/25/2019,26.98
1938,2/25/2019,27.27
1939,2/25/2019,27.37
1940,2/25/2019,27.27
1941,2/25/2019,27.17
1942,2/25/2019,27.08
1943,2/25/2019,27.08
1944,2/25/2019,27.17
1945,2/25/2019,27.17
1946,2/25/2019,27.37
1947,2/25/2019,27.37
1948,2/25/2019,27.37
1949,2/25/2019,27.17
1950,2/25/2019,27.17
1951,2/25/2019,27.17
1952,2/25/2019,27.27
1953,2/25/2019,27.27
1954,2/25/2019,27.17
1955,2/26/2019,26.88
1956,2/26/2019,26
1957,2/26/2019,24.64
1958,2/26/2019,24.06
1959,2/26/2019,24.06
1960,2/26/2019,24.55
1961,2/26/2019,23.39
1962,2/26/2019,23.68
1963,2/26/2019,23.39
1964,2/26/2019,23.29
1965,2/26/2019,23.2
1966,2/26/2019,23.1
1967,2/26/2019,22.91
1968,2/26/2019,23.1
1969,2/26/2019,22.72
1970,2/26/2019,23.1
1971,2/26/2019,23.2
1972,2/26/2019,22.91
1973,2/26/2019,22.72
1974,2/26/2019,22.72
1975,2/26/2019,23.39
1976,2/26/2019,23.58
1977,2/26/2019,23.87
1978,2/26/2019,24.16
1979,2/26/2019,24.35
1980,2/26/2019,24.55
1981,2/26/2019,24.74
1982,2/26/2019,24.93
1983,2/26/2019,25.03
1984,2/26/2019,25.22
1985,2/26/2019,25.42
1986,2/26/2019,25.42
1987,2/26/2019,25.61
1988,2/26/2019,25.61
1989,2/26/2019,25.61
1990,2/26/2019,25.61
1991,2/26/2019,25.61
1992,2/26/2019,25.61
1993,2/26/2019,25.81
1994,2/26/2019,25.81
1995,2/26/2019,25.81
1996,2/26/2019,25.81
1997,2/26/2019,25.81
1998,2/26/2019,25.81
1999,2/26/2019,25.81
2000,2/26/2019,25.81
2001,2/26/2019,25.71
2002,2/26/2019,25.71
2003,2/27/2019,25.71
2004,2/27/2019,25.71
2005,2/27/2019,25.81
2006,2/27/2019,25.9
2007,2/27/2019,25.81
2008,2/27/2019,25.81
2009,2/27/2019,25.81
2010,2/27/2019,25.61
2011,2/27/2019,25.81
2012,2/27/2019,25.71
2013,2/27/2019,25.71
2014,2/27/2019,25.61
2015,2/27/2019,24.93
2016,2/27/2019,24.93
2017,2/27/2019,25.22
2018,2/27/2019,25.22
2019,2/27/2019,25.32
2020,2/27/2019,25.51
2021,2/27/2019,25.13
2022,2/27/2019,25.32
2023,2/27/2019,25.22
2024,2/27/2019,25.22
2025,2/27/2019,25.61
2026,2/27/2019,25.51
2027,2/27/2019,25.61
2028,2/27/2019,25.81
2029,2/27/2019,25.81
2030,2/27/2019,25.71
2031,2/27/2019,25.61
2032,2/27/2019,25.42
2033,2/27/2019,25.61
2034,2/27/2019,25.51
2035,2/27/2019,25.42
2036,2/27/2019,25.13
2037,2/27/2019,24.84
2038,2/27/2019,24.55
2039,2/27/2019,24.55
2040,2/27/2019,24.45
2041,2/27/2019,24.64
2042,2/27/2019,24.55
2043,2/27/2019,24.64
2044,2/27/2019,25.13
2045,2/27/2019,25.03
2046,2/27/2019,25.03
2047,2/27/2019,25.03
2048,2/27/2019,24.93
2049,2/27/2019,25.03
2050,2/27/2019,25.13
2051,2/28/2019,25.13
2052,2/28/2019,25.22
2053,2/28/2019,25.22
2054,2/28/2019,25.13
2055,2/28/2019,25.13
2056,2/28/2019,25.13
2057,2/28/2019,25.03
2058,2/28/2019,24.55
2059,2/28/2019,24.74
2060,2/28/2019,24.84
2061,2/28/2019,25.03
2062,2/28/2019,25.03
2063,2/28/2019,25.13
2064,2/28/2019,25.61
2065,2/28/2019,25.71
2066,2/28/2019,25.61
2067,2/28/2019,25.71
2068,2/28/2019,25.71
2069,2/28/2019,25.81
2070,2/28/2019,25.9
2071,2/28/2019,26.1
2072,2/28/2019,26.39
2073,2/28/2019,26.39
2074,2/28/2019,26.39
2075,2/28/2019,26.39
2076,2/28/2019,26.59
2077,2/28/2019,26.78
2078,2/28/2019,26.88
2079,2/28/2019,26.78
2080,2/28/2019,26.98
2081,2/28/2019,26.98
2082,2/28/2019,26.78
2083,2/28/2019,26.78
2084,2/28/2019,26.78
2085,2/28/2019,26.78
2086,2/28/2019,26.59
2087,2/28/2019,26.59
2088,2/28/2019,26.49
2089,2/28/2019,26.49
2090,2/28/2019,26.49
2091,2/28/2019,26.49
2092,2/28/2019,26.29
2093,2/28/2019,25.9
2094,2/28/2019,26
2095,2/28/2019,26.1
2096,2/28/2019,26.1
2097,2/28/2019,26.29
2098,2/28/2019,26.29
2099,3/1/2019,26.2
2100,3/1/2019,26.2
2101,3/1/2019,26
2102,3/1/2019,26.2
2103,3/1/2019,26.2
2104,3/1/2019,26
2105,3/1/2019,25.61
2106,3/1/2019,25.22
2107,3/1/2019,25.32
2108,3/1/2019,25.51
2109,3/1/2019,25.61
2110,3/1/2019,25.71
2111,3/1/2019,25.61
2112,3/1/2019,25.71
2113,3/1/2019,25.9
2114,3/1/2019,26.2
2115,3/1/2019,26.2
2116,3/1/2019,26.49
2117,3/1/2019,26.29
2118,3/1/2019,26.39
2119,3/1/2019,26.39
2120,3/1/2019,26.49
2121,3/1/2019,26.49
2122,3/1/2019,26.39
2123,3/1/2019,26.59
2124,3/1/2019,26.68
2125,3/1/2019,26.78
2126,3/1/2019,26.68
2127,3/1/2019,26.68
2128,3/1/2019,26.78
2129,3/1/2019,26.59
2130,3/1/2019,26.49
2131,3/1/2019,26.59
2132,3/1/2019,26.49
2133,3/1/2019,26.68
2134,3/1/2019,26.39
2135,3/1/2019,26.39
2136,3/1/2019,26.49
2137,3/1/2019,26.59
2138,3/1/2019,26.49
2139,3/1/2019,26.68
2140,3/1/2019,26.78
2141,3/1/2019,26.78
2142,3/1/2019,26.78
2143,3/1/2019,26.88
2144,3/1/2019,26.78
2145,3/1/2019,26.98
2146,3/1/2019,26.98
2147,3/2/2019,27.08
2148,3/2/2019,26.88
2149,3/2/2019,26.98
2150,3/2/2019,26.98
2151,3/2/2019,26.98
2152,3/2/2019,26.88
2153,3/2/2019,26.98
2154,3/2/2019,27.08
2155,3/2/2019,27.08
2156,3/2/2019,27.08
2157,3/2/2019,27.08
2158,3/2/2019,26.98
2159,3/2/2019,27.08
2160,3/2/2019,27.08
2161,3/2/2019,27.08
2162,3/2/2019,27.08
2163,3/2/2019,27.08
2164,3/2/2019,27.08
2165,3/2/2019,26.98
2166,3/2/2019,26.98
2167,3/2/2019,26.88
2168,3/2/2019,26.98
2169,3/2/2019,26.88
2170,3/2/2019,26.88
2171,3/2/2019,26.88
2172,3/2/2019,26.98
2173,3/2/2019,27.17
2174,3/2/2019,27.17
2175,3/2/2019,27.17
2176,3/2/2019,27.27
2177,3/2/2019,27.37
2178,3/2/2019,27.37
2179,3/2/2019,27.37
2180,3/2/2019,27.37
2181,3/2/2019,27.37
2182,3/2/2019,27.37
2183,3/2/2019,27.37
2184,3/2/2019,27.37
2185,3/2/2019,27.37
2186,3/2/2019,27.37
2187,3/2/2019,27.37
2188,3/2/2019,27.37
2189,3/2/2019,27.37
2190,3/2/2019,27.37
2191,3/2/2019,27.27
2192,3/2/2019,27.37
2193,3/2/2019,27.37
2194,3/2/2019,27.37
2195,3/3/2019,27.37
2196,3/3/2019,27.27
2197,3/3/2019,27.27
2198,3/3/2019,27.27
2199,3/3/2019,27.17
2200,3/3/2019,27.17
2201,3/3/2019,27.17
2202,3/3/2019,27.17
2203,3/3/2019,27.17
2204,3/3/2019,27.17
2205,3/3/2019,27.17
2206,3/3/2019,27.17
2207,3/3/2019,27.08
2208,3/3/2019,27.08
2209,3/3/2019,27.08
2210,3/3/2019,27.08
2211,3/3/2019,27.17
2212,3/3/2019,27.17
2213,3/3/2019,27.17
2214,3/3/2019,26.88
2215,3/3/2019,27.08
2216,3/3/2019,27.08
2217,3/3/2019,27.27
2218,3/3/2019,27.47
2219,3/3/2019,27.67
2220,3/3/2019,27.57
2221,3/3/2019,27.57
2222,3/3/2019,27.57
2223,3/3/2019,27.76
2224,3/3/2019,27.86
2225,3/3/2019,27.67
2226,3/3/2019,27.57
2227,3/3/2019,27.47
2228,3/3/2019,27.37
2229,3/3/2019,27.47
2230,3/3/2019,27.47
2231,3/3/2019,27.47
2232,3/3/2019,27.37
2233,3/3/2019,27.47
2234,3/3/2019,27.37
2235,3/3/2019,27.27
2236,3/3/2019,27.17
2237,3/3/2019,27.17
2238,3/3/2019,27.17
2239,3/3/2019,27.17
2240,3/3/2019,27.17
2241,3/3/2019,27.27
2242,3/3/2019,26.98
2243,3/4/2019,26.88
2244,3/4/2019,27.08
2245,3/4/2019,27.08
2246,3/4/2019,26.98
2247,3/4/2019,26.88
2248,3/4/2019,26.88
2249,3/4/2019,26.88
2250,3/4/2019,26.78
2251,3/4/2019,26.78
2252,3/4/2019,26.78
2253,3/4/2019,26.78
2254,3/4/2019,26.78
2255,3/4/2019,26.78
2256,3/4/2019,26.88
2257,3/4/2019,26.98
2258,3/4/2019,26.98
2259,3/4/2019,26.98
2260,3/4/2019,26.98
2261,3/4/2019,26.98
2262,3/4/2019,27.08
2263,3/4/2019,27.17
2264,3/4/2019,27.08
2265,3/4/2019,27.08
2266,3/4/2019,27.08
2267,3/4/2019,27.17
2268,3/4/2019,27.17
2269,3/4/2019,27.27
2270,3/4/2019,27.47
2271,3/4/2019,27.57
2272,3/4/2019,27.57
2273,3/4/2019,27.57
2274,3/4/2019,27.67
2275,3/4/2019,27.67
2276,3/4/2019,27.57
2277,3/4/2019,27.57
2278,3/4/2019,27.57
2279,3/4/2019,27.57
2280,3/4/2019,27.57
2281,3/4/2019,27.57
2282,3/4/2019,27.47
2283,3/4/2019,27.47
2284,3/4/2019,27.47
2285,3/4/2019,27.47
2286,3/4/2019,27.47
2287,3/4/2019,27.47
2288,3/4/2019,27.47
2289,3/4/2019,27.47
2290,3/4/2019,27.37
2291,3/5/2019,27.37
2292,3/5/2019,27.37
2293,3/5/2019,27.37
2294,3/5/2019,27.27
2295,3/5/2019,26.98
2296,3/5/2019,26.98
2297,3/5/2019,26.98
2298,3/5/2019,27.08
2299,3/5/2019,26.98
2300,3/5/2019,26.98
2301,3/5/2019,26.88
2302,3/5/2019,26.88
2303,3/5/2019,26.98
2304,3/5/2019,26.98
2305,3/5/2019,26.98
2306,3/5/2019,26.98
2307,3/5/2019,26.98
2308,3/5/2019,27.08
2309,3/5/2019,26.98
2310,3/5/2019,26.98
2311,3/5/2019,27.08
2312,3/5/2019,27.08
2313,3/5/2019,26.98
2314,3/5/2019,26.29
2315,3/5/2019,25.81
2316,3/5/2019,25.71
2317,3/5/2019,25.71
2318,3/5/2019,25.81
2319,3/5/2019,26.29
2320,3/5/2019,26.39
2321,3/5/2019,26.1
2322,3/5/2019,26.59
2323,3/5/2019,27.27
2324,3/5/2019,27.57
2325,3/5/2019,27.67
2326,3/5/2019,27.76
2327,3/5/2019,27.67
2328,3/5/2019,27.67
2329,3/5/2019,27.57
2330,3/5/2019,27.67
2331,3/5/2019,27.57
2332,3/5/2019,27.57
2333,3/5/2019,27.57
2334,3/5/2019,27.47
2335,3/5/2019,27.47
2336,3/5/2019,27.47
2337,3/5/2019,27.57
2338,3/5/2019,27.47
2339,3/6/2019,27.47
2340,3/6/2019,27.47
2341,3/6/2019,27.47
2342,3/6/2019,27.47
2343,3/6/2019,27.37
2344,3/6/2019,27.37
2345,3/6/2019,27.37
2346,3/6/2019,27.37
2347,3/6/2019,27.37
2348,3/6/2019,27.27
2349,3/6/2019,27.27
2350,3/6/2019,27.27
2351,3/6/2019,27.27
2352,3/6/2019,27.27
2353,3/6/2019,27.27
2354,3/6/2019,27.27
2355,3/6/2019,27.27
2356,3/6/2019,27.27
2357,3/6/2019,27.27
2358,3/6/2019,27.37
2359,3/6/2019,27.37
2360,3/6/2019,27.47
2361,3/6/2019,27.57
2362,3/6/2019,27.76
2363,3/6/2019,27.86
2364,3/6/2019,27.86
2365,3/6/2019,27.86
2366,3/6/2019,27.96
2367,3/6/2019,27.96
2368,3/6/2019,27.96
2369,3/6/2019,27.96
2370,3/6/2019,28.06
2371,3/6/2019,28.06
2372,3/6/2019,27.96
2373,3/6/2019,27.96
2374,3/6/2019,27.96
2375,3/6/2019,27.96
2376,3/6/2019,27.86
2377,3/6/2019,27.86
2378,3/6/2019,27.86
2379,3/6/2019,27.76
2380,3/6/2019,27.76
2381,3/6/2019,27.67
2382,3/6/2019,27.67
2383,3/6/2019,27.57
2384,3/6/2019,27.67
2385,3/6/2019,27.67
2386,3/6/2019,27.67
2387,3/7/2019,27.57
2388,3/7/2019,27.57
2389,3/7/2019,27.57
2390,3/7/2019,27.47
2391,3/7/2019,27.47
2392,3/7/2019,27.37
2393,3/7/2019,27.17
2394,3/7/2019,27.17
2395,3/7/2019,27.17
2396,3/7/2019,27.08
2397,3/7/2019,27.08
2398,3/7/2019,27.08
2399,3/7/2019,27.08
2400,3/7/2019,27.08
2401,3/7/2019,27.08
2402,3/7/2019,27.08
2403,3/7/2019,27.08
2404,3/7/2019,27.17
2405,3/7/2019,27.17
2406,3/7/2019,27.27
2407,3/7/2019,27.27
2408,3/7/2019,27.37
2409,3/7/2019,27.47
2410,3/7/2019,27.57
2411,3/7/2019,27.57
2412,3/7/2019,27.76
2413,3/7/2019,27.76
2414,3/7/2019,27.67
2415,3/7/2019,27.67
2416,3/7/2019,27.76
2417,3/7/2019,27.76
2418,3/7/2019,27.76
2419,3/7/2019,27.76
2420,3/7/2019,27.76
2421,3/7/2019,27.76
2422,3/7/2019,27.76
2423,3/7/2019,27.76
2424,3/7/2019,27.76
2425,3/7/2019,27.67
2426,3/7/2019,27.57
2427,3/7/2019,27.57
2428,3/7/2019,27.47
2429,3/7/2019,27.47
2430,3/7/2019,27.37
2431,3/7/2019,27.37
2432,3/7/2019,27.47
2433,3/7/2019,27.57
2434,3/7/2019,27.47
2435,3/8/2019,27.17
2436,3/8/2019,27.08
2437,3/8/2019,27.08
2438,3/8/2019,26.98
2439,3/8/2019,27.08
2440,3/8/2019,27.08
2441,3/8/2019,27.08
2442,3/8/2019,27.08
2443,3/8/2019,27.08
2444,3/8/2019,27.08
2445,3/8/2019,27.08
2446,3/8/2019,27.08
2447,3/8/2019,26.98
2448,3/8/2019,26.98
2449,3/8/2019,26.98
2450,3/8/2019,26.98
2451,3/8/2019,26.98
2452,3/8/2019,27.08
2453,3/8/2019,27.08
2454,3/8/2019,27.17
2455,3/8/2019,27.27
2456,3/8/2019,27.27
2457,3/8/2019,27.47
2458,3/8/2019,27.57
2459,3/8/2019,27.67
2460,3/8/2019,27.67
2461,3/8/2019,27.67
2462,3/8/2019,27.76
2463,3/8/2019,27.76
2464,3/8/2019,27.86
2465,3/8/2019,27.86
2466,3/8/2019,27.76
2467,3/8/2019,27.76
2468,3/8/2019,27.86
2469,3/8/2019,27.86
2470,3/8/2019,27.76
2471,3/8/2019,27.76
2472,3/8/2019,27.76
2473,3/8/2019,27.76
2474,3/8/2019,27.76
2475,3/8/2019,27.76
2476,3/8/2019,27.76
2477,3/8/2019,27.67
2478,3/8/2019,27.67
2479,3/8/2019,27.67
2480,3/8/2019,27.67
2481,3/8/2019,27.67
2482,3/8/2019,27.57
2483,3/9/2019,27.57
2484,3/9/2019,27.47
2485,3/9/2019,27.47
2486,3/9/2019,27.47
2487,3/9/2019,27.47
2488,3/9/2019,27.47
2489,3/9/2019,27.37
2490,3/9/2019,27.27
2491,3/9/2019,27.08
2492,3/9/2019,27.08
2493,3/9/2019,27.08
2494,3/9/2019,26.98
2495,3/9/2019,26.98
2496,3/9/2019,26.98
2497,3/9/2019,26.88
2498,3/9/2019,26.88
2499,3/9/2019,26.98
2500,3/9/2019,26.98
2501,3/9/2019,26.98
2502,3/9/2019,27.08
2503,3/9/2019,27.08
2504,3/9/2019,27.17
2505,3/9/2019,27.27
2506,3/9/2019,27.37
2507,3/9/2019,27.47
2508,3/9/2019,27.57
2509,3/9/2019,27.67
2510,3/9/2019,27.67
2511,3/9/2019,27.76
2512,3/9/2019,27.76
2513,3/9/2019,27.76
2514,3/9/2019,27.76
2515,3/9/2019,27.76
2516,3/9/2019,27.86
2517,3/9/2019,27.86
2518,3/9/2019,27.86
2519,3/9/2019,27.76
2520,3/9/2019,27.76
2521,3/9/2019,27.76
2522,3/9/2019,27.76
2523,3/9/2019,27.76
2524,3/9/2019,27.67
2525,3/9/2019,27.67
2526,3/9/2019,27.67
2527,3/9/2019,27.67
2528,3/9/2019,27.57
2529,3/9/2019,27.57
2530,3/9/2019,27.57
2531,3/10/2019,27.57
2532,3/10/2019,27.57
2533,3/10/2019,27.57
2534,3/10/2019,27.47
2535,3/10/2019,27.47
2536,3/10/2019,27.47
2537,3/10/2019,27.37
2538,3/10/2019,27.37
2539,3/10/2019,27.37
2540,3/10/2019,27.27
2541,3/10/2019,27.27
2542,3/10/2019,27.27
2543,3/10/2019,27.27
2544,3/10/2019,27.17
2545,3/10/2019,27.17
2546,3/10/2019,27.17
2547,3/10/2019,27.27
2548,3/10/2019,27.27
2549,3/10/2019,27.37
2550,3/10/2019,27.37
2551,3/10/2019,27.47
2552,3/10/2019,27.57
2553,3/10/2019,27.76
2554,3/10/2019,27.67
2555,3/10/2019,28.16
2556,3/10/2019,27.96
2557,3/10/2019,28.06
2558,3/10/2019,27.86
2559,3/10/2019,27.96
2560,3/10/2019,27.86
2561,3/10/2019,27.96
2562,3/10/2019,28.06
2563,3/10/2019,28.06
2564,3/10/2019,28.06
2565,3/10/2019,27.96
2566,3/10/2019,28.06
2567,3/10/2019,28.06
2568,3/10/2019,27.96
2569,3/10/2019,28.06
2570,3/10/2019,27.86
2571,3/10/2019,27.76
2572,3/10/2019,27.67
2573,3/10/2019,27.47
2574,3/10/2019,27.37
2575,3/10/2019,27.27
2576,3/10/2019,27.17
2577,3/10/2019,26.98
2578,3/10/2019,26.98
2579,3/11/2019,26.98
2580,3/11/2019,26.98
2581,3/11/2019,26.88
2582,3/11/2019,26.68
2583,3/11/2019,26.78
2584,3/11/2019,26.98
2585,3/11/2019,26.98
2586,3/11/2019,26.98
2587,3/11/2019,26.98
2588,3/11/2019,26.98
2589,3/11/2019,26.88
2590,3/11/2019,26.88
2591,3/11/2019,26.88
2592,3/11/2019,26.78
2593,3/11/2019,26.78
2594,3/11/2019,26.78
2595,3/11/2019,26.78
2596,3/11/2019,26.68
2597,3/11/2019,26.68
2598,3/11/2019,26.78
2599,3/11/2019,26.88
2600,3/11/2019,26.88
2601,3/11/2019,26.88
2602,3/11/2019,25.42
2603,3/11/2019,25.51
2604,3/11/2019,25.71
2605,3/11/2019,25.81
2606,3/11/2019,25.81
2607,3/11/2019,25.9
2608,3/11/2019,25.9
2609,3/11/2019,26
2610,3/11/2019,26
2611,3/11/2019,26
2612,3/11/2019,26
2613,3/11/2019,26
2614,3/11/2019,26.1
2615,3/11/2019,25.9
2616,3/11/2019,25.81
2617,3/11/2019,25.51
2618,3/11/2019,25.81
2619,3/11/2019,25.9
2620,3/11/2019,25.9
2621,3/11/2019,25.9
2622,3/11/2019,25.9
2623,3/11/2019,25.9
2624,3/11/2019,26
2625,3/11/2019,25.9
2626,3/11/2019,26
2627,3/12/2019,26
2628,3/12/2019,26
2629,3/12/2019,26
2630,3/12/2019,26
2631,3/12/2019,25.9
2632,3/12/2019,25.9
2633,3/12/2019,25.9
2634,3/12/2019,25.81
2635,3/12/2019,25.81
2636,3/12/2019,25.81
2637,3/12/2019,25.81
2638,3/12/2019,25.81
2639,3/12/2019,25.81
2640,3/12/2019,25.71
2641,3/12/2019,25.71
2642,3/12/2019,25.81
2643,3/12/2019,25.81
2644,3/12/2019,25.81
2645,3/12/2019,25.9
2646,3/12/2019,25.9
2647,3/12/2019,26
2648,3/12/2019,26.2
2649,3/12/2019,26.29
2650,3/12/2019,26.2
2651,3/12/2019,26.29
2652,3/12/2019,26.49
2653,3/12/2019,26.49
2654,3/12/2019,26.59
2655,3/12/2019,26.59
2656,3/12/2019,26.88
2657,3/12/2019,26.59
2658,3/12/2019,26.68
2659,3/12/2019,26.68
2660,3/12/2019,26.59
2661,3/12/2019,26.59
2662,3/12/2019,26.68
2663,3/12/2019,26.59
2664,3/12/2019,26.68
2665,3/12/2019,26.59
2666,3/12/2019,26.59
2667,3/12/2019,26.59
2668,3/12/2019,26.59
2669,3/12/2019,26.59
2670,3/12/2019,26.59
2671,3/12/2019,26.59
2672,3/12/2019,26.59
2673,3/12/2019,26.49
2674,3/12/2019,26.59
2675,3/13/2019,26.68
2676,3/13/2019,26.68
2677,3/13/2019,26.68
2678,3/13/2019,26.78
2679,3/13/2019,26.78
2680,3/13/2019,26.68
2681,3/13/2019,26.68
2682,3/13/2019,26.78
2683,3/13/2019,26.78
2684,3/13/2019,26.78
2685,3/13/2019,26.68
2686,3/13/2019,26.68
2687,3/13/2019,26.68
2688,3/13/2019,26.59
2689,3/13/2019,26.59
2690,3/13/2019,26.59
2691,3/13/2019,26.68
2692,3/13/2019,26.68
2693,3/13/2019,26.68
2694,3/13/2019,26.68
2695,3/13/2019,26.78
2696,3/13/2019,26.88
2697,3/13/2019,26.98
2698,3/13/2019,27.17
2699,3/13/2019,27.17
2700,3/13/2019,27.27
2701,3/13/2019,27.37
2702,3/13/2019,27.47
2703,3/13/2019,27.57
2704,3/13/2019,27.67
2705,3/13/2019,27.67
2706,3/13/2019,27.76
2707,3/13/2019,27.86
2708,3/13/2019,27.96
2709,3/13/2019,27.86
2710,3/13/2019,27.86
2711,3/13/2019,27.86
2712,3/13/2019,27.86
2713,3/13/2019,27.86
2714,3/13/2019,27.96
2715,3/13/2019,28.06
2716,3/13/2019,28.06
2717,3/13/2019,28.16
2718,3/13/2019,28.16
2719,3/13/2019,28.16
2720,3/13/2019,28.16
2721,3/13/2019,28.06
2722,3/13/2019,28.06
2723,3/14/2019,28.06
2724,3/14/2019,28.06
2725,3/14/2019,28.06
2726,3/14/2019,27.96
2727,3/14/2019,27.96
2728,3/14/2019,27.96
2729,3/14/2019,27.96
2730,3/14/2019,27.96
2731,3/14/2019,27.96
2732,3/14/2019,27.96
2733,3/14/2019,27.96
2734,3/14/2019,27.86
2735,3/14/2019,27.86
2736,3/14/2019,27.86
2737,3/14/2019,27.86
2738,3/14/2019,27.86
2739,3/14/2019,27.86
2740,3/14/2019,27.86
2741,3/14/2019,27.86
2742,3/14/2019,27.86
2743,3/14/2019,27.96
2744,3/14/2019,28.16
2745,3/14/2019,27.96
2746,3/14/2019,27.96
2747,3/14/2019,27.96
2748,3/14/2019,27.96
2749,3/14/2019,28.06
2750,3/14/2019,28.26
2751,3/14/2019,28.16
2752,3/14/2019,28.06
2753,3/14/2019,27.96
2754,3/14/2019,27.86
2755,3/14/2019,27.76
2756,3/14/2019,27.86
2757,3/14/2019,27.76
2758,3/14/2019,27.76
2759,3/14/2019,27.76
2760,3/14/2019,27.76
2761,3/14/2019,27.76
2762,3/14/2019,27.86
2763,3/14/2019,27.86
2764,3/14/2019,27.86
2765,3/14/2019,27.86
2766,3/14/2019,27.86
2767,3/14/2019,27.67
2768,3/14/2019,27.17
2769,3/14/2019,27.17
2770,3/14/2019,27.47
2771,3/15/2019,27.37
2772,3/15/2019,27.47
2773,3/15/2019,27.37
2774,3/15/2019,27.27
2775,3/15/2019,27.27
2776,3/15/2019,27.27
2777,3/15/2019,27.27
2778,3/15/2019,27.37
2779,3/15/2019,27.37
2780,3/15/2019,27.27
2781,3/15/2019,27.27
2782,3/15/2019,27.27
2783,3/15/2019,27.27
2784,3/15/2019,27.27
2785,3/15/2019,27.27
2786,3/15/2019,27.27
2787,3/15/2019,27.27
2788,3/15/2019,27.27
2789,3/15/2019,27.27
2790,3/15/2019,27.37
2791,3/15/2019,27.37
2792,3/15/2019,27.47
2793,3/15/2019,27.57
2794,3/15/2019,27.57
2795,3/15/2019,27.67
2796,3/15/2019,27.76
2797,3/15/2019,27.67
2798,3/15/2019,27.76
2799,3/15/2019,27.86
2800,3/15/2019,27.86
2801,3/15/2019,27.76
2802,3/15/2019,27.76
2803,3/15/2019,27.57
2804,3/15/2019,27.57
2805,3/15/2019,27.76
2806,3/15/2019,27.67
2807,3/15/2019,27.57
2808,3/15/2019,27.57
2809,3/15/2019,27.57
2810,3/15/2019,27.57
2811,3/15/2019,27.67
2812,3/15/2019,27.67
2813,3/15/2019,27.67
2814,3/15/2019,27.67
2815,3/15/2019,27.67
2816,3/15/2019,27.67
2817,3/15/2019,27.67
2818,3/15/2019,27.67
2819,3/16/2019,27.67
2820,3/16/2019,27.67
2821,3/16/2019,27.67
2822,3/16/2019,27.67
2823,3/16/2019,27.67
2824,3/16/2019,27.47
2825,3/16/2019,27.47
2826,3/16/2019,27.37
2827,3/16/2019,27.37
2828,3/16/2019,27.27
2829,3/16/2019,26.98
2830,3/16/2019,26.88
2831,3/16/2019,26.98
2832,3/16/2019,27.17
2833,3/16/2019,26.59
2834,3/16/2019,27.08
2835,3/16/2019,26.59
2836,3/16/2019,27.08
2837,3/16/2019,26.98
2838,3/16/2019,26.98
2839,3/16/2019,27.08
2840,3/16/2019,26.98
2841,3/16/2019,26.88
2842,3/16/2019,27.17
2843,3/16/2019,27.17
2844,3/16/2019,27.37
2845,3/16/2019,27.47
2846,3/16/2019,27.57
2847,3/16/2019,27.37
2848,3/16/2019,27.27
2849,3/16/2019,27.47
2850,3/16/2019,27.57
2851,3/16/2019,27.47
2852,3/16/2019,27.17
2853,3/16/2019,27.47
2854,3/16/2019,27.57
2855,3/16/2019,27.47
2856,3/16/2019,27.57
2857,3/16/2019,27.57
2858,3/16/2019,27.57
2859,3/16/2019,27.57
2860,3/16/2019,27.57
2861,3/16/2019,27.67
2862,3/16/2019,27.67
2863,3/16/2019,27.76
2864,3/16/2019,27.86
2865,3/16/2019,27.76
2866,3/16/2019,27.86
2867,3/17/2019,27.86
2868,3/17/2019,27.86
2869,3/17/2019,27.76
2870,3/17/2019,27.76
2871,3/17/2019,27.76
2872,3/17/2019,27.76
2873,3/17/2019,27.76
2874,3/17/2019,27.76
2875,3/17/2019,27.76
2876,3/17/2019,27.67
2877,3/17/2019,27.67
2878,3/17/2019,27.67
2879,3/17/2019,27.67
2880,3/17/2019,27.67
2881,3/17/2019,27.67
2882,3/17/2019,27.57
2883,3/17/2019,27.67
2884,3/17/2019,27.67
2885,3/17/2019,27.57
2886,3/17/2019,27.67
2887,3/17/2019,27.86
2888,3/17/2019,28.06
2889,3/17/2019,27.96
2890,3/17/2019,28.06
2891,3/17/2019,28.16
2892,3/17/2019,28.16
2893,3/17/2019,28.06
2894,3/17/2019,27.96
2895,3/17/2019,28.06
2896,3/17/2019,28.06
2897,3/17/2019,28.06
2898,3/17/2019,28.06
2899,3/17/2019,28.06
2900,3/17/2019,28.06
2901,3/17/2019,28.16
2902,3/17/2019,28.16
2903,3/17/2019,28.16
2904,3/17/2019,28.16
2905,3/17/2019,28.16
2906,3/17/2019,28.16
2907,3/17/2019,28.26
2908,3/17/2019,28.16
2909,3/17/2019,28.16
2910,3/17/2019,28.16
2911,3/17/2019,28.06
2912,3/17/2019,28.16
2913,3/17/2019,28.16
2914,3/17/2019,28.16
2915,3/18/2019,28.16
2916,3/18/2019,28.16
2917,3/18/2019,28.16
2918,3/18/2019,28.06
2919,3/18/2019,28.06
2920,3/18/2019,28.06
2921,3/18/2019,28.06
2922,3/18/2019,28.06
2923,3/18/2019,28.06
2924,3/18/2019,28.06
2925,3/18/2019,28.06
2926,3/18/2019,28.06
2927,3/18/2019,28.16
2928,3/18/2019,28.16
2929,3/18/2019,28.16
2930,3/18/2019,28.16
2931,3/18/2019,28.16
2932,3/18/2019,28.16
2933,3/18/2019,28.16
2934,3/18/2019,28.26
2935,3/18/2019,28.26
2936,3/18/2019,28.26
2937,3/18/2019,28.36
2938,3/18/2019,28.36
2939,3/18/2019,28.46
2940,3/18/2019,28.46
2941,3/18/2019,28.56
2942,3/18/2019,28.66
2943,3/18/2019,28.66
2944,3/18/2019,28.75
2945,3/18/2019,28.75
2946,3/18/2019,28.85
2947,3/18/2019,28.85
2948,3/18/2019,28.85
2949,3/18/2019,28.85
2950,3/18/2019,28.75
2951,3/18/2019,28.75
2952,3/18/2019,28.66
2953,3/18/2019,28.66
2954,3/18/2019,28.66
2955,3/18/2019,28.66
2956,3/18/2019,28.66
2957,3/18/2019,28.66
2958,3/18/2019,28.66
2959,3/18/2019,28.66
2960,3/18/2019,28.56
2961,3/18/2019,28.56
2962,3/18/2019,28.56
2963,3/19/2019,28.46
2964,3/19/2019,28.46
2965,3/19/2019,28.46
2966,3/19/2019,28.36
2967,3/19/2019,28.36
2968,3/19/2019,28.26
2969,3/19/2019,28.26
2970,3/19/2019,28.26
2971,3/19/2019,28.26
2972,3/19/2019,28.26
2973,3/19/2019,28.26
2974,3/19/2019,28.26
2975,3/19/2019,28.16
2976,3/19/2019,28.16
2977,3/19/2019,28.16
2978,3/19/2019,28.16
2979,3/19/2019,28.26
2980,3/19/2019,28.26
2981,3/19/2019,28.26
2982,3/19/2019,28.36
2983,3/19/2019,28.36
2984,3/19/2019,28.46
2985,3/19/2019,28.46
2986,3/19/2019,28.56
2987,3/19/2019,28.85
2988,3/19/2019,28.75
2989,3/19/2019,28.75
2990,3/19/2019,28.85
2991,3/19/2019,28.75
2992,3/19/2019,28.85
2993,3/19/2019,28.95
2994,3/19/2019,29.15
2995,3/19/2019,29.15
2996,3/19/2019,29.05
2997,3/19/2019,28.95
2998,3/19/2019,28.75
2999,3/19/2019,28.56
3000,3/19/2019,28.46
3001,3/19/2019,28.26
3002,3/19/2019,28.36
3003,3/19/2019,28.36
3004,3/19/2019,28.16
3005,3/19/2019,28.16
3006,3/19/2019,28.06
3007,3/19/2019,27.96
3008,3/19/2019,27.86
3009,3/19/2019,27.86
3010,3/19/2019,27.86
3011,3/20/2019,27.96
3012,3/20/2019,27.96
3013,3/20/2019,27.76
3014,3/20/2019,27.57
3015,3/20/2019,27.57
3016,3/20/2019,27.37
3017,3/20/2019,27.37
3018,3/20/2019,27.37
3019,3/20/2019,27.37
3020,3/20/2019,27.37
3021,3/20/2019,27.37
3022,3/20/2019,27.47
3023,3/20/2019,27.47
3024,3/20/2019,27.57
3025,3/20/2019,27.57
3026,3/20/2019,27.57
3027,3/20/2019,27.57
3028,3/20/2019,27.57
3029,3/20/2019,27.57
3030,3/20/2019,27.67
3031,3/20/2019,27.67
3032,3/20/2019,27.67
3033,3/20/2019,27.67
3034,3/20/2019,27.76
3035,3/20/2019,27.76
3036,3/20/2019,27.57
3037,3/20/2019,27.76
3038,3/20/2019,27.67
3039,3/20/2019,27.86
3040,3/20/2019,27.96
3041,3/20/2019,27.96
3042,3/20/2019,27.86
3043,3/20/2019,27.96
3044,3/20/2019,27.86
3045,3/20/2019,27.96
3046,3/20/2019,27.86
3047,3/20/2019,27.86
3048,3/20/2019,27.67
3049,3/20/2019,27.57
3050,3/20/2019,27.47
3051,3/20/2019,27.37
3052,3/20/2019,27.37
3053,3/20/2019,27.27
3054,3/20/2019,27.17
3055,3/20/2019,27.17
3056,3/20/2019,27.17
3057,3/20/2019,27.17
3058,3/20/2019,27.17
3059,3/21/2019,26.98
3060,3/21/2019,26.68
3061,3/21/2019,26.68
3062,3/21/2019,26.39
3063,3/21/2019,26.39
3064,3/21/2019,26.49
3065,3/21/2019,26.68
3066,3/21/2019,26.68
3067,3/21/2019,26.98
3068,3/21/2019,26.88
3069,3/21/2019,26.88
3070,3/21/2019,26.78
3071,3/21/2019,26.88
3072,3/21/2019,26.88
3073,3/21/2019,26.98
3074,3/21/2019,26.98
3075,3/21/2019,27.08
3076,3/21/2019,27.08
3077,3/21/2019,27.08
3078,3/21/2019,27.08
3079,3/21/2019,27.08
3080,3/21/2019,27.08
3081,3/21/2019,27.17
3082,3/21/2019,27.17
3083,3/21/2019,27.27
3084,3/21/2019,26.2
3085,3/21/2019,25.9
3086,3/21/2019,25.71
3087,3/21/2019,25.81
3088,3/21/2019,26.1
3089,3/21/2019,26.2
3090,3/21/2019,26.29
3091,3/21/2019,26.29
3092,3/21/2019,26.39
3093,3/21/2019,26.39
3094,3/21/2019,26.29
3095,3/21/2019,26.39
3096,3/21/2019,26.49
3097,3/21/2019,27.08
3098,3/21/2019,27.08
3099,3/21/2019,27.08
3100,3/21/2019,27.27
3101,3/21/2019,27.27
3102,3/21/2019,27.37
3103,3/21/2019,27.37
3104,3/21/2019,27.47
3105,3/21/2019,27.37
3106,3/21/2019,27.37
3107,3/22/2019,27.37
3108,3/22/2019,27.37
3109,3/22/2019,27.47
3110,3/22/2019,27.27
3111,3/22/2019,27.27
3112,3/22/2019,27.37
3113,3/22/2019,27.37
3114,3/22/2019,27.37
3115,3/22/2019,27.37
3116,3/22/2019,27.37
3117,3/22/2019,27.37
3118,3/22/2019,27.37
3119,3/22/2019,27.27
3120,3/22/2019,27.37
3121,3/22/2019,27.37
3122,3/22/2019,27.37
3123,3/22/2019,27.47
3124,3/22/2019,27.47
3125,3/22/2019,27.47
3126,3/22/2019,27.47
3127,3/22/2019,27.47
3128,3/22/2019,27.57
3129,3/22/2019,27.57
3130,3/22/2019,27.57
3131,3/22/2019,27.57
3132,3/22/2019,27.57
3133,3/22/2019,27.57
3134,3/22/2019,27.67
3135,3/22/2019,27.67
3136,3/22/2019,27.67
3137,3/22/2019,27.67
3138,3/22/2019,27.67
3139,3/22/2019,27.67
3140,3/22/2019,27.67
3141,3/22/2019,27.67
3142,3/22/2019,27.57
3143,3/22/2019,27.57
3144,3/22/2019,27.57
3145,3/22/2019,27.47
3146,3/22/2019,27.57
3147,3/22/2019,27.57
3148,3/22/2019,27.57
3149,3/22/2019,27.47
3150,3/22/2019,27.47
3151,3/22/2019,27.37
3152,3/22/2019,27.17
3153,3/22/2019,27.17
3154,3/22/2019,27.17
3155,3/23/2019,27.27
3156,3/23/2019,27.27
3157,3/23/2019,27.27
3158,3/23/2019,27.27
3159,3/23/2019,27.17
3160,3/23/2019,27.27
3161,3/23/2019,27.27
3162,3/23/2019,27.27
3163,3/23/2019,27.37
3164,3/23/2019,27.37
3165,3/23/2019,27.27
3166,3/23/2019,27.27
3167,3/23/2019,27.37
3168,3/23/2019,27.27
3169,3/23/2019,27.27
3170,3/23/2019,27.27
3171,3/23/2019,27.27
3172,3/23/2019,27.27
3173,3/23/2019,27.37
3174,3/23/2019,27.47
3175,3/23/2019,27.47
3176,3/23/2019,27.57
3177,3/23/2019,27.57
3178,3/23/2019,27.37
3179,3/23/2019,27.47
3180,3/23/2019,27.37
3181,3/23/2019,27.27
3182,3/23/2019,27.27
3183,3/23/2019,27.17
3184,3/23/2019,27.27
3185,3/23/2019,27.37
3186,3/23/2019,27.47
3187,3/23/2019,27.47
3188,3/23/2019,27.47
3189,3/23/2019,27.67
3190,3/23/2019,27.67
3191,3/23/2019,27.67
3192,3/23/2019,27.67
3193,3/23/2019,27.67
3194,3/23/2019,27.67
3195,3/23/2019,27.67
3196,3/23/2019,27.57
3197,3/23/2019,27.57
3198,3/23/2019,27.47
3199,3/23/2019,27.47
3200,3/23/2019,27.37
3201,3/23/2019,27.37
3202,3/23/2019,27.27
3203,3/24/2019,27.27
3204,3/24/2019,27.27
3205,3/24/2019,27.27
3206,3/24/2019,27.37
3207,3/24/2019,27.37
3208,3/24/2019,27.37
3209,3/24/2019,27.37
3210,3/24/2019,27.37
3211,3/24/2019,27.37
3212,3/24/2019,27.37
3213,3/24/2019,27.17
3214,3/24/2019,27.17
3215,3/24/2019,27.17
3216,3/24/2019,27.08
3217,3/24/2019,27.08
3218,3/24/2019,27.08
3219,3/24/2019,27.08
3220,3/24/2019,27.08
3221,3/24/2019,27.08
3222,3/24/2019,27.17
3223,3/24/2019,27.27
3224,3/24/2019,27.27
3225,3/24/2019,27.37
3226,3/24/2019,27.47
3227,3/24/2019,27.47
3228,3/24/2019,27.57
3229,3/24/2019,27.67
3230,3/24/2019,27.67
3231,3/24/2019,27.67
3232,3/24/2019,27.76
3233,3/24/2019,27.76
3234,3/24/2019,27.86
3235,3/24/2019,27.86
3236,3/24/2019,27.96
3237,3/24/2019,27.96
3238,3/24/2019,27.86
3239,3/24/2019,27.86
3240,3/24/2019,27.86
3241,3/24/2019,27.86
3242,3/24/2019,27.76
3243,3/24/2019,27.76
3244,3/24/2019,27.67
3245,3/24/2019,27.67
3246,3/24/2019,27.67
3247,3/24/2019,27.57
3248,3/24/2019,27.57
3249,3/24/2019,27.57
3250,3/24/2019,27.57
3251,3/25/2019,27.47
3252,3/25/2019,27.47
3253,3/25/2019,27.47
3254,3/25/2019,27.37
3255,3/25/2019,27.37
3256,3/25/2019,27.37
3257,3/25/2019,27.37
3258,3/25/2019,27.27
3259,3/25/2019,27.27
3260,3/25/2019,27.37
3261,3/25/2019,27.27
3262,3/25/2019,27.27
3263,3/25/2019,27.27
3264,3/25/2019,27.17
3265,3/25/2019,27.17
3266,3/25/2019,27.17
3267,3/25/2019,27.17
3268,3/25/2019,27.17
3269,3/25/2019,27.17
3270,3/25/2019,27.27
3271,3/25/2019,27.27
3272,3/25/2019,27.27
3273,3/25/2019,27.37
3274,3/25/2019,27.47
3275,3/25/2019,27.57
3276,3/25/2019,27.67
3277,3/25/2019,27.67
3278,3/25/2019,27.67
3279,3/25/2019,27.67
3280,3/25/2019,27.67
3281,3/25/2019,27.67
3282,3/25/2019,27.67
3283,3/25/2019,27.76
3284,3/25/2019,27.67
3285,3/25/2019,27.67
3286,3/25/2019,27.67
3287,3/25/2019,27.67
3288,3/25/2019,27.67
3289,3/25/2019,27.67
3290,3/25/2019,27.57
3291,3/25/2019,27.57
3292,3/25/2019,27.57
3293,3/25/2019,27.57
3294,3/25/2019,27.57
3295,3/25/2019,27.47
3296,3/25/2019,27.47
3297,3/25/2019,27.47
3298,3/25/2019,27.47
3299,3/26/2019,27.47
3300,3/26/2019,27.37
3301,3/26/2019,27.37
3302,3/26/2019,27.37
3303,3/26/2019,27.37
3304,3/26/2019,27.37
3305,3/26/2019,27.27
3306,3/26/2019,27.27
3307,3/26/2019,27.27
3308,3/26/2019,27.27
3309,3/26/2019,27.27
3310,3/26/2019,27.17
3311,3/26/2019,27.17
3312,3/26/2019,27.17
3313,3/26/2019,27.17
3314,3/26/2019,27.17
3315,3/26/2019,27.17
3316,3/26/2019,27.17
3317,3/26/2019,27.17
3318,3/26/2019,27.17
3319,3/26/2019,27.27
3320,3/26/2019,27.27
3321,3/26/2019,27.37
3322,3/26/2019,27.67
3323,3/26/2019,27.76
3324,3/26/2019,27.86
3325,3/26/2019,27.86
3326,3/26/2019,27.76
3327,3/26/2019,27.86
3328,3/26/2019,27.76
3329,3/26/2019,27.76
3330,3/26/2019,27.76
3331,3/26/2019,27.67
3332,3/26/2019,27.76
3333,3/26/2019,27.76
3334,3/26/2019,27.76
3335,3/26/2019,27.76
3336,3/26/2019,27.67
3337,3/26/2019,27.67
3338,3/26/2019,27.67
3339,3/26/2019,27.67
3340,3/26/2019,27.76
3341,3/26/2019,27.67
3342,3/26/2019,27.67
3343,3/26/2019,27.67
3344,3/26/2019,27.67
3345,3/26/2019,27.67
3346,3/26/2019,27.67
3347,3/27/2019,27.67
3348,3/27/2019,27.57
3349,3/27/2019,27.57
3350,3/27/2019,27.57
3351,3/27/2019,27.47
3352,3/27/2019,27.47
3353,3/27/2019,27.47
3354,3/27/2019,27.37
3355,3/27/2019,27.37
3356,3/27/2019,27.37
3357,3/27/2019,27.37
3358,3/27/2019,27.27
3359,3/27/2019,27.27
3360,3/27/2019,27.27
3361,3/27/2019,27.27
3362,3/27/2019,27.27
3363,3/27/2019,27.27
3364,3/27/2019,27.27
3365,3/27/2019,27.27
3366,3/27/2019,27.27
3367,3/27/2019,27.37
3368,3/27/2019,27.37
3369,3/27/2019,27.37
3370,3/27/2019,27.37
3371,3/27/2019,27.47
3372,3/27/2019,27.47
3373,3/27/2019,27.47
3374,3/27/2019,27.47
3375,3/27/2019,27.47
3376,3/27/2019,27.47
3377,3/27/2019,26.68
3378,3/27/2019,26.29
3379,3/27/2019,26.68
3380,3/27/2019,25.9
3381,3/27/2019,26
3382,3/27/2019,26
3383,3/27/2019,26.1
3384,3/27/2019,26.1
3385,3/27/2019,26.39
3386,3/27/2019,26.29
3387,3/27/2019,26.39
3388,3/27/2019,26.49
3389,3/27/2019,26.49
3390,3/27/2019,26.39
3391,3/27/2019,26.59
3392,3/27/2019,26.39
3393,3/27/2019,26.49
3394,3/27/2019,26.49
3395,3/28/2019,26.39
3396,3/28/2019,26.39
3397,3/28/2019,26.39
3398,3/28/2019,26.29
3399,3/28/2019,26.1
3400,3/28/2019,26.2
3401,3/28/2019,26.2
3402,3/28/2019,26.2
3403,3/28/2019,26.1
3404,3/28/2019,26
3405,3/28/2019,25.9
3406,3/28/2019,25.81
3407,3/28/2019,25.81
3408,3/28/2019,25.81
3409,3/28/2019,25.9
3410,3/28/2019,26
3411,3/28/2019,26
3412,3/28/2019,26
3413,3/28/2019,26
3414,3/28/2019,26
3415,3/28/2019,26
3416,3/28/2019,26
3417,3/28/2019,26.1
3418,3/28/2019,26.78
3419,3/28/2019,27.08
3420,3/28/2019,27.08
3421,3/28/2019,27.08
3422,3/28/2019,26.98
3423,3/28/2019,26.98
3424,3/28/2019,27.17
3425,3/28/2019,27.17
3426,3/28/2019,27.17
3427,3/28/2019,27.17
3428,3/28/2019,27.17
3429,3/28/2019,27.17
3430,3/28/2019,27.17
3431,3/28/2019,27.08
3432,3/28/2019,27.08
3433,3/28/2019,27.08
3434,3/28/2019,27.08
3435,3/28/2019,26.98
3436,3/28/2019,26.98
3437,3/28/2019,26.88
3438,3/28/2019,26.88
3439,3/28/2019,26.78
3440,3/28/2019,26.78
3441,3/28/2019,26.78
3442,3/28/2019,26.68
3443,3/29/2019,26.78
3444,3/29/2019,26.78
3445,3/29/2019,26.78
3446,3/29/2019,26.68
3447,3/29/2019,26.78
3448,3/29/2019,26.78
3449,3/29/2019,26.88
3450,3/29/2019,26.78
3451,3/29/2019,26.78
3452,3/29/2019,26.78
3453,3/29/2019,26.78
3454,3/29/2019,26.78
3455,3/29/2019,26.68
3456,3/29/2019,26.68
3457,3/29/2019,26.68
3458,3/29/2019,26.68
3459,3/29/2019,26.59
3460,3/29/2019,26.68
3461,3/29/2019,26.78
3462,3/29/2019,26.88
3463,3/29/2019,26.88
3464,3/29/2019,26.98
3465,3/29/2019,26.98
3466,3/29/2019,26.98
3467,3/29/2019,26.98
3468,3/29/2019,27.08
3469,3/29/2019,27.08
3470,3/29/2019,27.17
3471,3/29/2019,27.27
3472,3/29/2019,27.27
3473,3/29/2019,27.27
3474,3/29/2019,27.27
3475,3/29/2019,27.27
3476,3/29/2019,27.27
3477,3/29/2019,27.27
3478,3/29/2019,27.27
3479,3/29/2019,27.27
3480,3/29/2019,27.17
3481,3/29/2019,26.98
3482,3/29/2019,26.49
3483,3/29/2019,26.39
3484,3/29/2019,25.81
3485,3/29/2019,26
3486,3/29/2019,25.81
3487,3/29/2019,25.9
3488,3/29/2019,25.9
3489,3/29/2019,26.1
3490,3/29/2019,26.1
3491,3/30/2019,26.2
3492,3/30/2019,26.49
3493,3/30/2019,26.39
3494,3/30/2019,26.39
3495,3/30/2019,26.39
3496,3/30/2019,26.39
3497,3/30/2019,26.39
3498,3/30/2019,26.29
3499,3/30/2019,26.29
3500,3/30/2019,26.29
3501,3/30/2019,26.29
3502,3/30/2019,26.39
3503,3/30/2019,26.39
3504,3/30/2019,26.39
3505,3/30/2019,26.39
3506,3/30/2019,26.39
3507,3/30/2019,26.39
3508,3/30/2019,26.39
3509,3/30/2019,26.39
3510,3/30/2019,26.39
3511,3/30/2019,26.49
3512,3/30/2019,26.59
3513,3/30/2019,26.59
3514,3/30/2019,26.68
3515,3/30/2019,26.59
3516,3/30/2019,26.68
3517,3/30/2019,26.68
3518,3/30/2019,26.68
3519,3/30/2019,26.78
3520,3/30/2019,26.78
3521,3/30/2019,26.78
3522,3/30/2019,26.78
3523,3/30/2019,26.78
3524,3/30/2019,26.78
3525,3/30/2019,26.78
3526,3/30/2019,26.78
3527,3/30/2019,26.78
3528,3/30/2019,26.78
3529,3/30/2019,26.68
3530,3/30/2019,26.68
3531,3/30/2019,26.68
3532,3/30/2019,26.68
3533,3/30/2019,26.68
3534,3/30/2019,26.68
3535,3/30/2019,26.68
3536,3/30/2019,26.68
3537,3/30/2019,26.68
3538,3/30/2019,26.68
3539,3/31/2019,26.68
3540,3/31/2019,26.68
3541,3/31/2019,26.68
3542,3/31/2019,26.68
3543,3/31/2019,26.59
3544,3/31/2019,26.49
3545,3/31/2019,26.49
3546,3/31/2019,26.49
3547,3/31/2019,26.49
3548,3/31/2019,26.39
3549,3/31/2019,26.39
3550,3/31/2019,26.29
3551,3/31/2019,26.29
3552,3/31/2019,26.29
3553,3/31/2019,26.29
3554,3/31/2019,26.29
3555,3/31/2019,26.29
3556,3/31/2019,26.29
3557,3/31/2019,26.2
3558,3/31/2019,26.29
3559,3/31/2019,26.29
3560,3/31/2019,26.29
3561,3/31/2019,26.29
3562,3/31/2019,26.39
3563,3/31/2019,26.49
3564,3/31/2019,26.49
3565,3/31/2019,26.49
3566,3/31/2019,26.49
3567,3/31/2019,26.39
3568,3/31/2019,26.49
3569,3/31/2019,26.49
3570,3/31/2019,26.59
3571,3/31/2019,26.59
3572,3/31/2019,26.68
3573,3/31/2019,26.68
3574,3/31/2019,26.59
3575,3/31/2019,26.59
3576,3/31/2019,26.59
3577,3/31/2019,26.59
3578,3/31/2019,26.59
3579,3/31/2019,26.59
3580,3/31/2019,26.49
3581,3/31/2019,26.49
3582,3/31/2019,26.49
3583,3/31/2019,26.49
3584,3/31/2019,26.49
3585,3/31/2019,26.49
3586,3/31/2019,26.39
3587,4/1/2019,26.39
3588,4/1/2019,26.39
3589,4/1/2019,26.39
3590,4/1/2019,26.39
3591,4/1/2019,26.39
3592,4/1/2019,26.29
3593,4/1/2019,26.29
3594,4/1/2019,26.2
3595,4/1/2019,26.2
3596,4/1/2019,26.2
3597,4/1/2019,26.2
3598,4/1/2019,26.2
3599,4/1/2019,26.2
3600,4/1/2019,26.2
3601,4/1/2019,26.2
3602,4/1/2019,26.2
3603,4/1/2019,26.29
3604,4/1/2019,26.29
3605,4/1/2019,26.39
3606,4/1/2019,26.39
3607,4/1/2019,26.49
3608,4/1/2019,26.49
3609,4/1/2019,26.59
3610,4/1/2019,26.59
3611,4/1/2019,26.68
3612,4/1/2019,26.78
3613,4/1/2019,26.78
3614,4/1/2019,26.78
3615,4/1/2019,26.78
3616,4/1/2019,26.78
3617,4/1/2019,26.88
3618,4/1/2019,26.88
3619,4/1/2019,26.88
3620,4/1/2019,26.88
3621,4/1/2019,26.78
3622,4/1/2019,26.78
3623,4/1/2019,26.68
3624,4/1/2019,26.68
3625,4/1/2019,26.59
3626,4/1/2019,26.59
3627,4/1/2019,26.59
3628,4/1/2019,26.49
3629,4/1/2019,26.49
3630,4/1/2019,26.49
3631,4/1/2019,26.49
3632,4/1/2019,26.49
3633,4/1/2019,26.39
3634,4/1/2019,26.49
3635,4/2/2019,26.49
3636,4/2/2019,26.39
3637,4/2/2019,26.39
3638,4/2/2019,26.29
3639,4/2/2019,26.29
3640,4/2/2019,26.29
3641,4/2/2019,26.29
3642,4/2/2019,26.29
3643,4/2/2019,26.29
3644,4/2/2019,26.29
3645,4/2/2019,26.29
3646,4/2/2019,26.29
3647,4/2/2019,26.2
3648,4/2/2019,26.2
3649,4/2/2019,26.2
3650,4/2/2019,26.2
3651,4/2/2019,26.29
3652,4/2/2019,26.29
3653,4/2/2019,26.29
3654,4/2/2019,26.39
3655,4/2/2019,26.39
3656,4/2/2019,26.39
3657,4/2/2019,26.39
3658,4/2/2019,26.49
3659,4/2/2019,26.49
3660,4/2/2019,26.59
3661,4/2/2019,26.59
3662,4/2/2019,26.68
3663,4/2/2019,26.68
3664,4/2/2019,26.68
3665,4/2/2019,26.68
3666,4/2/2019,26.68
3667,4/2/2019,26.68
3668,4/2/2019,26.78
3669,4/2/2019,26.68
3670,4/2/2019,26.68
3671,4/2/2019,26.68
3672,4/2/2019,26.68
3673,4/2/2019,26.68
3674,4/2/2019,26.59
3675,4/2/2019,26.59
3676,4/2/2019,26.59
3677,4/2/2019,26.59
3678,4/2/2019,26.49
3679,4/2/2019,26.49
3680,4/2/2019,26.49
3681,4/2/2019,26.49
3682,4/2/2019,26.49
3683,4/3/2019,26.39
3684,4/3/2019,26.39
3685,4/3/2019,26.39
3686,4/3/2019,26.39
3687,4/3/2019,26.39
3688,4/3/2019,26.39
3689,4/3/2019,26.39
3690,4/3/2019,26.29
3691,4/3/2019,26.29
3692,4/3/2019,26.29
3693,4/3/2019,26.2
3694,4/3/2019,26.2
3695,4/3/2019,26.2
3696,4/3/2019,26.2
3697,4/3/2019,26.2
3698,4/3/2019,26.29
3699,4/3/2019,26.29
3700,4/3/2019,26.29
3701,4/3/2019,26.29
3702,4/3/2019,26.29
3703,4/3/2019,26.39
3704,4/3/2019,26.39
3705,4/3/2019,26.49
3706,4/3/2019,26.59
3707,4/3/2019,26.59
3708,4/3/2019,26.68
3709,4/3/2019,26.78
3710,4/3/2019,26.78
3711,4/3/2019,26.88
3712,4/3/2019,26.88
3713,4/3/2019,26.98
3714,4/3/2019,26.98
3715,4/3/2019,26.98
3716,4/3/2019,26.88
3717,4/3/2019,26.88
3718,4/3/2019,26.88
3719,4/3/2019,26.88
3720,4/3/2019,26.88
3721,4/3/2019,26.88
3722,4/3/2019,26.88
3723,4/3/2019,26.78
3724,4/3/2019,26.78
3725,4/3/2019,26.68
3726,4/3/2019,26.68
3727,4/3/2019,26.68
3728,4/3/2019,26.68
3729,4/3/2019,26.68
3730,4/3/2019,26.68
3731,4/4/2019,26.68
3732,4/4/2019,26.59
3733,4/4/2019,26.59
3734,4/4/2019,26.59
3735,4/4/2019,26.59
3736,4/4/2019,26.59
3737,4/4/2019,26.59
3738,4/4/2019,26.49
3739,4/4/2019,26.49
3740,4/4/2019,26.49
3741,4/4/2019,26.49
3742,4/4/2019,26.39
3743,4/4/2019,26.39
3744,4/4/2019,26.39
3745,4/4/2019,26.39
3746,4/4/2019,26.39
3747,4/4/2019,26.39
3748,4/4/2019,26.39
3749,4/4/2019,26.39
3750,4/4/2019,26.49
3751,4/4/2019,26.49
3752,4/4/2019,26.59
3753,4/4/2019,26.59
3754,4/4/2019,26.68
3755,4/4/2019,26.78
3756,4/4/2019,26.78
3757,4/4/2019,26.78
3758,4/4/2019,26.88
3759,4/4/2019,26.98
3760,4/4/2019,26.98
3761,4/4/2019,26.98
3762,4/4/2019,27.08
3763,4/4/2019,27.08
3764,4/4/2019,27.08
3765,4/4/2019,27.08
3766,4/4/2019,27.08
3767,4/4/2019,27.08
3768,4/4/2019,26.98
3769,4/4/2019,26.98
3770,4/4/2019,26.98
3771,4/4/2019,26.88
3772,4/4/2019,26.88
3773,4/4/2019,26.88
3774,4/4/2019,26.88
3775,4/4/2019,26.78
3776,4/4/2019,26.88
3777,4/4/2019,26.88
3778,4/4/2019,26.78
3779,4/5/2019,26.88
3780,4/5/2019,26.78
3781,4/5/2019,26.78
3782,4/5/2019,26.78
3783,4/5/2019,26.78
3784,4/5/2019,26.78
3785,4/5/2019,26.78
3786,4/5/2019,26.68
3787,4/5/2019,26.68
3788,4/5/2019,26.68
3789,4/5/2019,26.68
3790,4/5/2019,26.68
3791,4/5/2019,26.59
3792,4/5/2019,26.59
3793,4/5/2019,26.59
3794,4/5/2019,26.59
3795,4/5/2019,26.59
3796,4/5/2019,26.59
3797,4/5/2019,26.68
3798,4/5/2019,26.68
3799,4/5/2019,26.78
3800,4/5/2019,26.78
3801,4/5/2019,26.78
3802,4/5/2019,26.88
3803,4/5/2019,26.88
3804,4/5/2019,26.98
3805,4/5/2019,26.98
3806,4/5/2019,26.98
3807,4/5/2019,27.08
3808,4/5/2019,27.08
3809,4/5/2019,27.08
3810,4/5/2019,27.17
3811,4/5/2019,27.17
3812,4/5/2019,27.17
3813,4/5/2019,27.17
3814,4/5/2019,27.08
3815,4/5/2019,27.08
3816,4/5/2019,27.08
3817,4/5/2019,27.08
3818,4/5/2019,27.08
3819,4/5/2019,27.08
3820,4/5/2019,27.08
3821,4/5/2019,26.98
3822,4/5/2019,26.98
3823,4/5/2019,26.98
3824,4/5/2019,26.98
3825,4/5/2019,26.98
3826,4/5/2019,26.98
3827,4/6/2019,26.98
3828,4/6/2019,26.88
3829,4/6/2019,26.78
3830,4/6/2019,26.78
3831,4/6/2019,26.68
3832,4/6/2019,26.68
3833,4/6/2019,26.68
3834,4/6/2019,26.68
3835,4/6/2019,26.68
3836,4/6/2019,26.68
3837,4/6/2019,26.68
3838,4/6/2019,26.68
3839,4/6/2019,26.68
3840,4/6/2019,26.59
3841,4/6/2019,26.59
3842,4/6/2019,26.59
3843,4/6/2019,26.59
3844,4/6/2019,26.59
3845,4/6/2019,26.68
3846,4/6/2019,26.68
3847,4/6/2019,26.78
3848,4/6/2019,26.78
3849,4/6/2019,26.88
3850,4/6/2019,27.08
3851,4/6/2019,27.08
3852,4/6/2019,26.78
3853,4/6/2019,27.08
3854,4/6/2019,27.47
3855,4/6/2019,27.27
3856,4/6/2019,27.27
3857,4/6/2019,27.17
3858,4/6/2019,27.17
3859,4/6/2019,27.17
3860,4/6/2019,27.17
3861,4/6/2019,27.17
3862,4/6/2019,27.08
3863,4/6/2019,27.08
3864,4/6/2019,26.88
3865,4/6/2019,26.49
3866,4/6/2019,26.39
3867,4/6/2019,26.1
3868,4/6/2019,26
3869,4/6/2019,25.71
3870,4/6/2019,25.13
3871,4/6/2019,26.2
3872,4/6/2019,26
3873,4/6/2019,25.9
3874,4/6/2019,25.42
3875,4/7/2019,21.86
3876,4/7/2019,20.62
3877,4/7/2019,20.52
3878,4/7/2019,20.33
3879,4/7/2019,21.47
3880,4/7/2019,21
3881,4/7/2019,21.76
3882,4/7/2019,23
3883,4/7/2019,24.26
3884,4/7/2019,24.55
3885,4/7/2019,24.84
3886,4/7/2019,25.13
3887,4/7/2019,25.61
3888,4/7/2019,25.71
3889,4/7/2019,25.81
3890,4/7/2019,25.81
3891,4/7/2019,25.81
3892,4/7/2019,25.81
3893,4/7/2019,25.9
3894,4/7/2019,25.81
3895,4/7/2019,24.55
3896,4/7/2019,24.35
3897,4/7/2019,24.16
3898,4/7/2019,24.06
3899,4/7/2019,24.35
3900,4/7/2019,24.35
3901,4/7/2019,24.55
3902,4/7/2019,24.74
3903,4/7/2019,24.93
3904,4/7/2019,25.13
3905,4/7/2019,25.13
3906,4/7/2019,25.13
3907,4/7/2019,25.22
3908,4/7/2019,25.32
3909,4/7/2019,25.22
3910,4/7/2019,24.93
3911,4/7/2019,25.13
3912,4/7/2019,25.22
3913,4/7/2019,25.13
3914,4/7/2019,25.03
3915,4/7/2019,25.03
3916,4/7/2019,24.84
3917,4/7/2019,23.77
3918,4/7/2019,23.87
3919,4/7/2019,24.55
3920,4/7/2019,24.74
3921,4/7/2019,24.84
3922,4/7/2019,24.93
3923,4/8/2019,24.84
3924,4/8/2019,25.03
3925,4/8/2019,25.03
3926,4/8/2019,24.74
3927,4/8/2019,24.45
3928,4/8/2019,24.26
3929,4/8/2019,24.26
3930,4/8/2019,24.26
3931,4/8/2019,24.06
3932,4/8/2019,23.77
3933,4/8/2019,23.68
3934,4/8/2019,23.58
3935,4/8/2019,23.48
3936,4/8/2019,23.39
3937,4/8/2019,23.39
3938,4/8/2019,23.48
3939,4/8/2019,23.58
3940,4/8/2019,23.97
3941,4/8/2019,24.35
3942,4/8/2019,24.35
3943,4/8/2019,24.45
3944,4/8/2019,24.55
3945,4/8/2019,24.84
3946,4/8/2019,24.93
3947,4/8/2019,25.13
3948,4/8/2019,25.42
3949,4/8/2019,26
3950,4/8/2019,26.49
3951,4/8/2019,26.59
3952,4/8/2019,26.68
3953,4/8/2019,26.68
3954,4/8/2019,26.88
3955,4/8/2019,26.78
3956,4/8/2019,26.59
3957,4/8/2019,26.78
3958,4/8/2019,26.68
3959,4/8/2019,26.68
3960,4/8/2019,26.68
3961,4/8/2019,26.68
3962,4/8/2019,26.59
3963,4/8/2019,26.59
3964,4/8/2019,26.49
3965,4/8/2019,26.39
3966,4/8/2019,26.49
3967,4/8/2019,26.49
3968,4/8/2019,26.39
3969,4/8/2019,26.2
3970,4/8/2019,26.68
3971,4/9/2019,26.59
3972,4/9/2019,26.49
3973,4/9/2019,26.59
3974,4/9/2019,26.68
3975,4/9/2019,26.68
3976,4/9/2019,26.68
3977,4/9/2019,26.68
3978,4/9/2019,26.59
3979,4/9/2019,26.49
3980,4/9/2019,26.49
3981,4/9/2019,26.49
3982,4/9/2019,26.49
3983,4/9/2019,26.59
3984,4/9/2019,26.49
3985,4/9/2019,26.49
3986,4/9/2019,26.49
3987,4/9/2019,26.39
3988,4/9/2019,26.49
3989,4/9/2019,26.68
3990,4/9/2019,26.68
3991,4/9/2019,26.78
3992,4/9/2019,26.78
3993,4/9/2019,26.88
3994,4/9/2019,26.88
3995,4/9/2019,26.68
3996,4/9/2019,26.68
3997,4/9/2019,26.78
3998,4/9/2019,26.68
3999,4/9/2019,26.59
4000,4/9/2019,26.49
4001,4/9/2019,26.49
4002,4/9/2019,26.68
4003,4/9/2019,26.49
4004,4/9/2019,26.39
4005,4/9/2019,26.2
4006,4/9/2019,26.29
4007,4/9/2019,26.49
4008,4/9/2019,26.59
4009,4/9/2019,26.59
4010,4/9/2019,26.59
4011,4/9/2019,26.59
4012,4/9/2019,26.49
4013,4/9/2019,26.88
4014,4/9/2019,26.88
4015,4/9/2019,26.78
4016,4/9/2019,26.78
4017,4/9/2019,26.88
4018,4/9/2019,26.88
4019,4/10/2019,26.98
4020,4/10/2019,27.08
4021,4/10/2019,27.08
4022,4/10/2019,26.98
4023,4/10/2019,26.88
4024,4/10/2019,26.78
4025,4/10/2019,26.78
4026,4/10/2019,26.68
4027,4/10/2019,26.59
4028,4/10/2019,26.59
4029,4/10/2019,26.68
4030,4/10/2019,26.68
4031,4/10/2019,26.68
4032,4/10/2019,26.59
4033,4/10/2019,26.68
4034,4/10/2019,26.59
4035,4/10/2019,26.68
4036,4/10/2019,26.78
4037,4/10/2019,26.88
4038,4/10/2019,26.88
4039,4/10/2019,26.88
4040,4/10/2019,26.98
4041,4/10/2019,26.88
4042,4/10/2019,26.88
4043,4/10/2019,26.68
4044,4/10/2019,26.49
4045,4/10/2019,26.49
4046,4/10/2019,26.68
4047,4/10/2019,26.68
4048,4/10/2019,26.39
4049,4/10/2019,26.1
4050,4/10/2019,26.29
4051,4/10/2019,26.2
4052,4/10/2019,26.29
4053,4/10/2019,26.29
4054,4/10/2019,26.39
4055,4/10/2019,26.59
4056,4/10/2019,26.59
4057,4/10/2019,26.59
4058,4/10/2019,26.68
4059,4/10/2019,26.68
4060,4/10/2019,26.68
4061,4/10/2019,26.68
4062,4/10/2019,26.68
4063,4/10/2019,26.68
4064,4/10/2019,26.68
4065,4/10/2019,26.68
4066,4/10/2019,26.78
4067,4/11/2019,26.68
4068,4/11/2019,26.68
4069,4/11/2019,26.68
4070,4/11/2019,26.68
4071,4/11/2019,26.59
4072,4/11/2019,26.59
4073,4/11/2019,26.49
4074,4/11/2019,26.49
4075,4/11/2019,26.49
4076,4/11/2019,26.59
4077,4/11/2019,26.59
4078,4/11/2019,26.59
4079,4/11/2019,26.59
4080,4/11/2019,26.59
4081,4/11/2019,26.68
4082,4/11/2019,26.59
4083,4/11/2019,26.68
4084,4/11/2019,26.68
4085,4/11/2019,26.78
4086,4/11/2019,26.78
4087,4/11/2019,26.88
4088,4/11/2019,26.88
4089,4/11/2019,26.98
4090,4/11/2019,26.98
4091,4/11/2019,27.08
4092,4/11/2019,27.08
4093,4/11/2019,27.17
4094,4/11/2019,26.98
4095,4/11/2019,27.08
4096,4/11/2019,27.17
4097,4/11/2019,27.17
4098,4/11/2019,27.17
4099,4/11/2019,27.17
4100,4/11/2019,27.17
4101,4/11/2019,27.08
4102,4/11/2019,27.08
4103,4/11/2019,27.08
4104,4/11/2019,27.08
4105,4/11/2019,27.08
4106,4/11/2019,27.08
4107,4/11/2019,27.08
4108,4/11/2019,26.98
4109,4/11/2019,27.08
4110,4/11/2019,27.08
4111,4/11/2019,27.08
4112,4/11/2019,27.08
4113,4/11/2019,27.08
4114,4/11/2019,27.08
4115,4/12/2019,26.98
4116,4/12/2019,27.08
4117,4/12/2019,26.98
4118,4/12/2019,26.98
4119,4/12/2019,26.98
4120,4/12/2019,26.98
4121,4/12/2019,26.98
4122,4/12/2019,26.98
4123,4/12/2019,26.98
4124,4/12/2019,26.88
4125,4/12/2019,26.88
4126,4/12/2019,26.88
4127,4/12/2019,26.88
4128,4/12/2019,26.78
4129,4/12/2019,26.78
4130,4/12/2019,26.88
4131,4/12/2019,26.88
4132,4/12/2019,26.78
4133,4/12/2019,26.78
4134,4/12/2019,26.88
4135,4/12/2019,26.78
4136,4/12/2019,26.88
4137,4/12/2019,26.88
4138,4/12/2019,26.88
4139,4/12/2019,26.78
4140,4/12/2019,27.08
4141,4/12/2019,27.17
4142,4/12/2019,27.37
4143,4/12/2019,27.47
4144,4/12/2019,27.47
4145,4/12/2019,27.47
4146,4/12/2019,27.47
4147,4/12/2019,27.47
4148,4/12/2019,27.47
4149,4/12/2019,27.37
4150,4/12/2019,27.37
4151,4/12/2019,27.27
4152,4/12/2019,27.27
4153,4/12/2019,27.08
4154,4/12/2019,27.17
4155,4/12/2019,27.08
4156,4/12/2019,27.08
4157,4/12/2019,27.08
4158,4/12/2019,27.08
4159,4/12/2019,27.08
4160,4/12/2019,27.08
4161,4/12/2019,27.08
4162,4/12/2019,27.08
4163,4/13/2019,27.08
4164,4/13/2019,27.08
4165,4/13/2019,26.98
4166,4/13/2019,26.98
4167,4/13/2019,27.08
4168,4/13/2019,27.08
4169,4/13/2019,26.98
4170,4/13/2019,26.98
4171,4/13/2019,26.98
4172,4/13/2019,27.08
4173,4/13/2019,26.98
4174,4/13/2019,27.08
4175,4/13/2019,26.98
4176,4/13/2019,26.98
4177,4/13/2019,26.98
4178,4/13/2019,26.98
4179,4/13/2019,26.98
4180,4/13/2019,26.98
4181,4/13/2019,26.98
4182,4/13/2019,26.98
4183,4/13/2019,27.08
4184,4/13/2019,27.08
4185,4/13/2019,27.17
4186,4/13/2019,27.27
4187,4/13/2019,27.27
4188,4/13/2019,27.37
4189,4/13/2019,27.37
4190,4/13/2019,27.37
4191,4/13/2019,27.37
4192,4/13/2019,27.37
4193,4/13/2019,27.37
4194,4/13/2019,27.37
4195,4/13/2019,27.37
4196,4/13/2019,27.37
4197,4/13/2019,27.37
4198,4/13/2019,27.37
4199,4/13/2019,27.27
4200,4/13/2019,27.17
4201,4/13/2019,27.08
4202,4/13/2019,27.08
4203,4/13/2019,27.08
4204,4/13/2019,27.08
4205,4/13/2019,26.98
4206,4/13/2019,26.98
4207,4/13/2019,26.98
4208,4/13/2019,26.98
4209,4/13/2019,26.98
4210,4/13/2019,26.88
4211,4/14/2019,26.88
4212,4/14/2019,26.88
4213,4/14/2019,26.98
4214,4/14/2019,26.98
4215,4/14/2019,26.98
4216,4/14/2019,26.98
4217,4/14/2019,26.88
4218,4/14/2019,26.98
4219,4/14/2019,26.88
4220,4/14/2019,26.88
4221,4/14/2019,26.88
4222,4/14/2019,26.78
4223,4/14/2019,26.68
4224,4/14/2019,26.49
4225,4/14/2019,25.81
4226,4/14/2019,25.42
4227,4/14/2019,26.29
4228,4/14/2019,26.49
4229,4/14/2019,26.49
4230,4/14/2019,26.49
4231,4/14/2019,26.59
4232,4/14/2019,26.59
4233,4/14/2019,26.68
4234,4/14/2019,26.68
4235,4/14/2019,26.78
4236,4/14/2019,26.68
4237,4/14/2019,26.78
4238,4/14/2019,26.88
4239,4/14/2019,26.98
4240,4/14/2019,26.98
4241,4/14/2019,26.98
4242,4/14/2019,27.08
4243,4/14/2019,26.98
4244,4/14/2019,26.98
4245,4/14/2019,26.98
4246,4/14/2019,26.98
4247,4/14/2019,26.98
4248,4/14/2019,26.88
4249,4/14/2019,26.68
4250,4/14/2019,25.51
4251,4/14/2019,25.42
4252,4/14/2019,25.32
4253,4/14/2019,24.84
4254,4/14/2019,24.64
4255,4/14/2019,24.93
4256,4/14/2019,25.42
4257,4/14/2019,25.71
4258,4/14/2019,25.81
4259,4/15/2019,26.2
4260,4/15/2019,26.39
4261,4/15/2019,26.39
4262,4/15/2019,26.29
4263,4/15/2019,26.59
4264,4/15/2019,26.59
4265,4/15/2019,26.59
4266,4/15/2019,26.68
4267,4/15/2019,26.68
4268,4/15/2019,26.68
4269,4/15/2019,26.68
4270,4/15/2019,26.59
4271,4/15/2019,26.59
4272,4/15/2019,26.59
4273,4/15/2019,26.59
4274,4/15/2019,26.59
4275,4/15/2019,26.59
4276,4/15/2019,26.59
4277,4/15/2019,26.59
4278,4/15/2019,26.59
4279,4/15/2019,26.59
4280,4/15/2019,26.59
4281,4/15/2019,26.68
4282,4/15/2019,26.68
4283,4/15/2019,26.68
4284,4/15/2019,26.78
4285,4/15/2019,26.78
4286,4/15/2019,26.88
4287,4/15/2019,26.98
4288,4/15/2019,27.08
4289,4/15/2019,27.08
4290,4/15/2019,27.08
4291,4/15/2019,27.08
4292,4/15/2019,27.17
4293,4/15/2019,27.08
4294,4/15/2019,27.08
4295,4/15/2019,27.08
4296,4/15/2019,27.08
4297,4/15/2019,27.08
4298,4/15/2019,26.98
4299,4/15/2019,26.78
4300,4/15/2019,26.68
4301,4/15/2019,26.59
4302,4/15/2019,26.68
4303,4/15/2019,26.68
4304,4/15/2019,26.68
4305,4/15/2019,26.68
4306,4/15/2019,26.68
4307,4/16/2019,26.68
4308,4/16/2019,26.68
4309,4/16/2019,26.59
4310,4/16/2019,26.59
4311,4/16/2019,26.59
4312,4/16/2019,26.39
4313,4/16/2019,26.39
4314,4/16/2019,26.29
4315,4/16/2019,26.29
4316,4/16/2019,26.29
4317,4/16/2019,26.2
4318,4/16/2019,26.2
4319,4/16/2019,26.2
4320,4/16/2019,26.2
4321,4/16/2019,26.2
4322,4/16/2019,26.2
4323,4/16/2019,26.2
4324,4/16/2019,26.2
4325,4/16/2019,26.29
4326,4/16/2019,26.29
4327,4/16/2019,26.29
4328,4/16/2019,26.29
4329,4/16/2019,26.39
4330,4/16/2019,26.49
4331,4/16/2019,26.59
4332,4/16/2019,26.68
4333,4/16/2019,26.68
4334,4/16/2019,26.68
4335,4/16/2019,26.68
4336,4/16/2019,26.68
4337,4/16/2019,26.68
4338,4/16/2019,26.68
4339,4/16/2019,26.59
4340,4/16/2019,26.49
4341,4/16/2019,26.49
4342,4/16/2019,26.49
4343,4/16/2019,26.39
4344,4/16/2019,26.49
4345,4/16/2019,26.39
4346,4/16/2019,26.39
4347,4/16/2019,26.39
4348,4/16/2019,26.39
4349,4/16/2019,26.39
4350,4/16/2019,26.39
4351,4/16/2019,26.29
4352,4/16/2019,26.29
4353,4/16/2019,26.29
4354,4/16/2019,26.2
4355,4/17/2019,26.2
4356,4/17/2019,26.2
4357,4/17/2019,26.1
4358,4/17/2019,26.1
4359,4/17/2019,26.1
4360,4/17/2019,26.1
4361,4/17/2019,26
4362,4/17/2019,26
4363,4/17/2019,26.1
4364,4/17/2019,26.1
4365,4/17/2019,26
4366,4/17/2019,26
4367,4/17/2019,26
4368,4/17/2019,26
4369,4/17/2019,26
4370,4/17/2019,26
4371,4/17/2019,26.1
4372,4/17/2019,26.1
4373,4/17/2019,26.1
4374,4/17/2019,26.1
4375,4/17/2019,26.2
4376,4/17/2019,26.29
4377,4/17/2019,26.39
4378,4/17/2019,26.68
4379,4/17/2019,26.59
4380,4/17/2019,26.78
4381,4/17/2019,27.08
4382,4/17/2019,26.88
4383,4/17/2019,26.88
4384,4/17/2019,26.88
4385,4/17/2019,26.88
4386,4/17/2019,26.88
4387,4/17/2019,26.88
4388,4/17/2019,26.88
4389,4/17/2019,26.78
4390,4/17/2019,26.68
4391,4/17/2019,26.59
4392,4/17/2019,26.39
4393,4/17/2019,26.39
4394,4/17/2019,26.29
4395,4/17/2019,26.1
4396,4/17/2019,25.81
4397,4/17/2019,25.51
4398,4/17/2019,24.45
4399,4/17/2019,23.48
4400,4/17/2019,22.72
4401,4/17/2019,23.48
4402,4/17/2019,23.48
4403,4/18/2019,23.77
4404,4/18/2019,23.68
4405,4/18/2019,23.39
4406,4/18/2019,23.2
4407,4/18/2019,24.35
4408,4/18/2019,24.45
4409,4/18/2019,24.45
4410,4/18/2019,24.64
4411,4/18/2019,24.93
4412,4/18/2019,25.22
4413,4/18/2019,25.51
4414,4/18/2019,25.71
4415,4/18/2019,25.71
4416,4/18/2019,25.71
4417,4/18/2019,25.81
4418,4/18/2019,25.81
4419,4/18/2019,25.81
4420,4/18/2019,25.9
4421,4/18/2019,26
4422,4/18/2019,26
4423,4/18/2019,26
4424,4/18/2019,25.32
4425,4/18/2019,25.51
4426,4/18/2019,24.93
4427,4/18/2019,24.35
4428,4/18/2019,24.06
4429,4/18/2019,24.16
4430,4/18/2019,23.97
4431,4/18/2019,24.16
4432,4/18/2019,24.26
4433,4/18/2019,24.16
4434,4/18/2019,24.16
4435,4/18/2019,24.06
4436,4/18/2019,24.06
4437,4/18/2019,24.06
4438,4/18/2019,24.16
4439,4/18/2019,24.26
4440,4/18/2019,24.45
4441,4/18/2019,24.55
4442,4/18/2019,24.55
4443,4/18/2019,24.55
4444,4/18/2019,24.55
4445,4/18/2019,24.55
4446,4/18/2019,24.55
4447,4/18/2019,24.64
4448,4/18/2019,24.64
4449,4/18/2019,24.74
4450,4/18/2019,24.84
4451,4/19/2019,24.74
4452,4/19/2019,24.84
4453,4/19/2019,24.84
4454,4/19/2019,24.93
4455,4/19/2019,24.93
4456,4/19/2019,25.03
4457,4/19/2019,25.13
4458,4/19/2019,25.13
4459,4/19/2019,25.13
4460,4/19/2019,25.13
4461,4/19/2019,25.13
4462,4/19/2019,25.13
4463,4/19/2019,25.13
4464,4/19/2019,25.13
4465,4/19/2019,25.13
4466,4/19/2019,25.13
4467,4/19/2019,25.13
4468,4/19/2019,25.13
4469,4/19/2019,25.22
4470,4/19/2019,25.32
4471,4/19/2019,25.32
4472,4/19/2019,25.42
4473,4/19/2019,25.42
4474,4/19/2019,25.51
4475,4/19/2019,25.51
4476,4/19/2019,25.61
4477,4/19/2019,25.61
4478,4/19/2019,25.61
4479,4/19/2019,25.61
4480,4/19/2019,25.61
4481,4/19/2019,25.71
4482,4/19/2019,25.71
4483,4/19/2019,25.71
4484,4/19/2019,25.71
4485,4/19/2019,25.81
4486,4/19/2019,25.81
4487,4/19/2019,25.71
4488,4/19/2019,25.71
4489,4/19/2019,25.71
4490,4/19/2019,25.61
4491,4/19/2019,25.61
4492,4/19/2019,25.61
4493,4/19/2019,25.61
4494,4/19/2019,25.51
4495,4/19/2019,25.51
4496,4/19/2019,25.51
4497,4/19/2019,25.51
4498,4/19/2019,25.51
4499,4/20/2019,25.51
4500,4/20/2019,25.51
4501,4/20/2019,25.51
4502,4/20/2019,25.51
4503,4/20/2019,25.51
4504,4/20/2019,25.51
4505,4/20/2019,25.51
4506,4/20/2019,25.51
4507,4/20/2019,25.51
4508,4/20/2019,25.51
4509,4/20/2019,25.51
4510,4/20/2019,25.51
4511,4/20/2019,25.51
4512,4/20/2019,25.51
4513,4/20/2019,25.51
4514,4/20/2019,25.42
4515,4/20/2019,25.42
4516,4/20/2019,25.42
4517,4/20/2019,25.42
4518,4/20/2019,25.51
4519,4/20/2019,25.81
4520,4/20/2019,25.81
4521,4/20/2019,25.9
4522,4/20/2019,25.9
4523,4/20/2019,26
4524,4/20/2019,26.1
4525,4/20/2019,26.1
4526,4/20/2019,26.1
4527,4/20/2019,26.1
4528,4/20/2019,26.1
4529,4/20/2019,26.1
4530,4/20/2019,26.1
4531,4/20/2019,26.1
4532,4/20/2019,26.1
4533,4/20/2019,26.2
4534,4/20/2019,26.1
4535,4/20/2019,26.1
4536,4/20/2019,26.1
4537,4/20/2019,25.9
4538,4/20/2019,25.81
4539,4/20/2019,25.9
4540,4/20/2019,25.81
4541,4/20/2019,25.81
4542,4/20/2019,25.81
4543,4/20/2019,25.81
4544,4/20/2019,25.81
4545,4/20/2019,25.81
4546,4/20/2019,25.71
4547,4/21/2019,25.71
4548,4/21/2019,25.71
4549,4/21/2019,25.61
4550,4/21/2019,25.71
4551,4/21/2019,25.71
4552,4/21/2019,25.71
4553,4/21/2019,25.71
4554,4/21/2019,25.71
4555,4/21/2019,25.61
4556,4/21/2019,25.61
4557,4/21/2019,25.61
4558,4/21/2019,25.61
4559,4/21/2019,25.61
4560,4/21/2019,25.61
4561,4/21/2019,25.51
4562,4/21/2019,25.51
4563,4/21/2019,25.61
4564,4/21/2019,25.51
4565,4/21/2019,25.51
4566,4/21/2019,25.61
4567,4/21/2019,25.71
4568,4/21/2019,26
4569,4/21/2019,26
4570,4/21/2019,26
4571,4/21/2019,26
4572,4/21/2019,26
4573,4/21/2019,25.9
4574,4/21/2019,25.9
4575,4/21/2019,26
4576,4/21/2019,26
4577,4/21/2019,26.1
4578,4/21/2019,26.1
4579,4/21/2019,26.1
4580,4/21/2019,26.2
4581,4/21/2019,26.1
4582,4/21/2019,26.1
4583,4/21/2019,26.1
4584,4/21/2019,26.1
4585,4/21/2019,26.1
4586,4/21/2019,26.1
4587,4/21/2019,26
4588,4/21/2019,26
4589,4/21/2019,25.9
4590,4/21/2019,25.9
4591,4/21/2019,25.81
4592,4/21/2019,25.81
4593,4/21/2019,25.81
4594,4/21/2019,25.81
4595,4/22/2019,25.81
4596,4/22/2019,25.61
4597,4/22/2019,25.61
4598,4/22/2019,25.61
4599,4/22/2019,25.61
4600,4/22/2019,25.61
4601,4/22/2019,25.71
4602,4/22/2019,25.71
4603,4/22/2019,25.71
4604,4/22/2019,25.71
4605,4/22/2019,25.61
4606,4/22/2019,25.61
4607,4/22/2019,25.61
4608,4/22/2019,25.61
4609,4/22/2019,25.61
4610,4/22/2019,25.61
4611,4/22/2019,25.61
4612,4/22/2019,25.61
4613,4/22/2019,25.71
4614,4/22/2019,25.71
4615,4/22/2019,25.81
4616,4/22/2019,25.9
4617,4/22/2019,25.9
4618,4/22/2019,25.9
4619,4/22/2019,26
4620,4/22/2019,26
4621,4/22/2019,26.1
4622,4/22/2019,26.1
4623,4/22/2019,26.1
4624,4/22/2019,26.1
4625,4/22/2019,26.1
4626,4/22/2019,26.1
4627,4/22/2019,26.1
4628,4/22/2019,26.1
4629,4/22/2019,26.1
4630,4/22/2019,26
4631,4/22/2019,26
4632,4/22/2019,25.9
4633,4/22/2019,25.81
4634,4/22/2019,25.81
4635,4/22/2019,25.81
4636,4/22/2019,25.71
4637,4/22/2019,25.71
4638,4/22/2019,25.71
4639,4/22/2019,25.81
4640,4/22/2019,25.81
4641,4/22/2019,25.81
4642,4/22/2019,25.81
4643,4/23/2019,25.9
4644,4/23/2019,25.9
4645,4/23/2019,25.81
4646,4/23/2019,25.9
4647,4/23/2019,26
4648,4/23/2019,26.1
4649,4/23/2019,26.1
4650,4/23/2019,26.1
4651,4/23/2019,26.1
4652,4/23/2019,26.1
4653,4/23/2019,26.1
4654,4/23/2019,26.1
4655,4/23/2019,26.1
4656,4/23/2019,26.1
4657,4/23/2019,26.1
4658,4/23/2019,26.2
4659,4/23/2019,26.29
4660,4/23/2019,26.29
4661,4/23/2019,26.29
4662,4/23/2019,26.39
4663,4/23/2019,26.39
4664,4/23/2019,26.49
4665,4/23/2019,26.49
4666,4/23/2019,26.49
4667,4/23/2019,26.49
4668,4/23/2019,26.39
4669,4/23/2019,26.2
4670,4/23/2019,26.1
4671,4/23/2019,26.29
4672,4/23/2019,26.39
4673,4/23/2019,26.39
4674,4/23/2019,26.29
4675,4/23/2019,26.39
4676,4/23/2019,26.39
4677,4/23/2019,26.39
4678,4/23/2019,26.39
4679,4/23/2019,26.39
4680,4/23/2019,26.49
4681,4/23/2019,26.49
4682,4/23/2019,26.49
4683,4/23/2019,26.49
4684,4/23/2019,26.49
4685,4/23/2019,26.49
4686,4/23/2019,26.49
4687,4/23/2019,26.49
4688,4/23/2019,26.49
4689,4/23/2019,26.49
4690,4/23/2019,26.49
4691,4/24/2019,26.49
4692,4/24/2019,26.49
4693,4/24/2019,26.49
4694,4/24/2019,26.39
4695,4/24/2019,26.39
4696,4/24/2019,26.39
4697,4/24/2019,26.49
4698,4/24/2019,26.49
4699,4/24/2019,26.49
4700,4/24/2019,26.39
4701,4/24/2019,26.39
4702,4/24/2019,26.39
4703,4/24/2019,26.39
4704,4/24/2019,26.39
4705,4/24/2019,26.49
4706,4/24/2019,26.49
4707,4/24/2019,26.49
4708,4/24/2019,26.49
4709,4/24/2019,26.49
4710,4/24/2019,26.59
4711,4/24/2019,26.59
4712,4/24/2019,26.59
4713,4/24/2019,26.29
4714,4/24/2019,26.29
4715,4/24/2019,26.49
4716,4/24/2019,26.59
4717,4/24/2019,26.39
4718,4/24/2019,26.39
4719,4/24/2019,26.39
4720,4/24/2019,26.39
4721,4/24/2019,26.39
4722,4/24/2019,26.39
4723,4/24/2019,26.29
4724,4/24/2019,26.29
4725,4/24/2019,26.1
4726,4/24/2019,26.1
4727,4/24/2019,25.9
4728,4/24/2019,25.9
4729,4/24/2019,25.9
4730,4/24/2019,25.9
4731,4/24/2019,25.9
4732,4/24/2019,25.81
4733,4/24/2019,25.81
4734,4/24/2019,25.9
4735,4/24/2019,25.9
4736,4/24/2019,25.81
4737,4/24/2019,25.81
4738,4/24/2019,25.81
4739,4/25/2019,25.81
4740,4/25/2019,25.81
4741,4/25/2019,25.71
4742,4/25/2019,25.71
4743,4/25/2019,25.81
4744,4/25/2019,25.81
4745,4/25/2019,25.9
4746,4/25/2019,25.9
4747,4/25/2019,25.9
4748,4/25/2019,25.9
4749,4/25/2019,25.9
4750,4/25/2019,25.9
4751,4/25/2019,25.9
4752,4/25/2019,25.81
4753,4/25/2019,25.81
4754,4/25/2019,25.81
4755,4/25/2019,25.81
4756,4/25/2019,25.81
4757,4/25/2019,25.9
4758,4/25/2019,25.9
4759,4/25/2019,26
4760,4/25/2019,26
4761,4/25/2019,26.2
4762,4/25/2019,26.29
4763,4/25/2019,26.39
4764,4/25/2019,26.49
4765,4/25/2019,26.49
4766,4/25/2019,26.59
4767,4/25/2019,26.78
4768,4/25/2019,26.88
4769,4/25/2019,26.88
4770,4/25/2019,26.88
4771,4/25/2019,26.78
4772,4/25/2019,26.78
4773,4/25/2019,26.78
4774,4/25/2019,26.68
4775,4/25/2019,26.68
4776,4/25/2019,26.68
4777,4/25/2019,26.68
4778,4/25/2019,26.68
4779,4/25/2019,26.68
4780,4/25/2019,26.59
4781,4/25/2019,26.59
4782,4/25/2019,26.59
4783,4/25/2019,26.59
4784,4/25/2019,26.59
4785,4/25/2019,26.59
4786,4/25/2019,26.59
4787,4/26/2019,26.59
4788,4/26/2019,26.59
4789,4/26/2019,26.59
4790,4/26/2019,26.59
4791,4/26/2019,26.59
4792,4/26/2019,26.59
4793,4/26/2019,26.59
4794,4/26/2019,26.59
4795,4/26/2019,26.49
4796,4/26/2019,26.49
4797,4/26/2019,26.49
4798,4/26/2019,26.49
4799,4/26/2019,26.49
4800,4/26/2019,26.49
4801,4/26/2019,26.49
4802,4/26/2019,26.39
4803,4/26/2019,26.39
4804,4/26/2019,26.39
4805,4/26/2019,26.39
4806,4/26/2019,26.49
4807,4/26/2019,26.49
4808,4/26/2019,26.49
4809,4/26/2019,26.59
4810,4/26/2019,26.59
4811,4/26/2019,26.68
4812,4/26/2019,26.78
4813,4/26/2019,26.78
4814,4/26/2019,26.78
4815,4/26/2019,26.88
4816,4/26/2019,26.88
4817,4/26/2019,26.88
4818,4/26/2019,26.88
4819,4/26/2019,26.88
4820,4/26/2019,26.88
4821,4/26/2019,26.88
4822,4/26/2019,26.78
4823,4/26/2019,26.78
4824,4/26/2019,26.78
4825,4/26/2019,26.78
4826,4/26/2019,26.78
4827,4/26/2019,26.78
4828,4/26/2019,26.78
4829,4/26/2019,26.68
4830,4/26/2019,26.68
4831,4/26/2019,26.68
4832,4/26/2019,26.78
4833,4/26/2019,26.68
4834,4/26/2019,26.68
4835,4/27/2019,26.68
4836,4/27/2019,26.68
4837,4/27/2019,26.68
4838,4/27/2019,26.68
4839,4/27/2019,26.68
4840,4/27/2019,26.68
4841,4/27/2019,26.68
4842,4/27/2019,26.68
4843,4/27/2019,26.68
4844,4/27/2019,26.59
4845,4/27/2019,26.59
4846,4/27/2019,26.59
4847,4/27/2019,26.59
4848,4/27/2019,26.59
4849,4/27/2019,26.49
4850,4/27/2019,26.49
4851,4/27/2019,26.49
4852,4/27/2019,26.49
4853,4/27/2019,26.49
4854,4/27/2019,26.59
4855,4/27/2019,26.59
4856,4/27/2019,26.68
4857,4/27/2019,26.59
4858,4/27/2019,26.59
4859,4/27/2019,26.59
4860,4/27/2019,26.68
4861,4/27/2019,26.78
4862,4/27/2019,26.78
4863,4/27/2019,26.78
4864,4/27/2019,26.78
4865,4/27/2019,26.98
4866,4/27/2019,26.98
4867,4/27/2019,26.98
4868,4/27/2019,26.98
4869,4/27/2019,26.98
4870,4/27/2019,26.88
4871,4/27/2019,26.88
4872,4/27/2019,26.88
4873,4/27/2019,26.88
4874,4/27/2019,26.88
4875,4/27/2019,26.88
4876,4/27/2019,26.88
4877,4/27/2019,26.78
4878,4/27/2019,26.68
4879,4/27/2019,26.78
4880,4/27/2019,26.78
4881,4/27/2019,26.68
4882,4/27/2019,26.68
4883,4/28/2019,26.59
4884,4/28/2019,26.59
4885,4/28/2019,26.59
4886,4/28/2019,26.59
4887,4/28/2019,26.59
4888,4/28/2019,26.59
4889,4/28/2019,26.59
4890,4/28/2019,26.49
4891,4/28/2019,26.49
4892,4/28/2019,26.49
4893,4/28/2019,26.39
4894,4/28/2019,26.39
4895,4/28/2019,26.39
4896,4/28/2019,26.39
4897,4/28/2019,26.39
4898,4/28/2019,26.39
4899,4/28/2019,26.39
4900,4/28/2019,26.49
4901,4/28/2019,26.49
4902,4/28/2019,26.49
4903,4/28/2019,26.59
4904,4/28/2019,26.68
4905,4/28/2019,26.68
4906,4/28/2019,26.78
4907,4/28/2019,26.88
4908,4/28/2019,26.98
4909,4/28/2019,27.08
4910,4/28/2019,27.17
4911,4/28/2019,27.37
4912,4/28/2019,27.47
4913,4/28/2019,27.47
4914,4/28/2019,27.47
4915,4/28/2019,27.47
4916,4/28/2019,27.47
4917,4/28/2019,27.47
4918,4/28/2019,27.47
4919,4/28/2019,27.47
4920,4/28/2019,27.47
4921,4/28/2019,27.37
4922,4/28/2019,27.27
4923,4/28/2019,27.17
4924,4/28/2019,27.17
4925,4/28/2019,27.08
4926,4/28/2019,26.49
4927,4/28/2019,25.9
4928,4/28/2019,26.2
4929,4/28/2019,26
4930,4/28/2019,25.81
4931,4/29/2019,25.9
4932,4/29/2019,25.81
4933,4/29/2019,25.81
4934,4/29/2019,25.81
4935,4/29/2019,25.81
4936,4/29/2019,25.9
4937,4/29/2019,26
4938,4/29/2019,26
4939,4/29/2019,26.1
4940,4/29/2019,26
4941,4/29/2019,26
4942,4/29/2019,26
4943,4/29/2019,26
4944,4/29/2019,26
4945,4/29/2019,26.1
4946,4/29/2019,26.1
4947,4/29/2019,26.1
4948,4/29/2019,26.1
4949,4/29/2019,26.1
4950,4/29/2019,26.2
4951,4/29/2019,26.2
4952,4/29/2019,26.2
4953,4/29/2019,26.2
4954,4/29/2019,26.29
4955,4/29/2019,26.29
4956,4/29/2019,26.39
4957,4/29/2019,26.39
4958,4/29/2019,26.49
4959,4/29/2019,26.49
4960,4/29/2019,26.49
4961,4/29/2019,26.59
4962,4/29/2019,26.59
4963,4/29/2019,26.68
4964,4/29/2019,26.59
4965,4/29/2019,26.49
4966,4/29/2019,26.49
4967,4/29/2019,26.49
4968,4/29/2019,26.39
4969,4/29/2019,26.49
4970,4/29/2019,26.49
4971,4/29/2019,26.49
4972,4/29/2019,26.39
4973,4/29/2019,26.39
4974,4/29/2019,26.49
4975,4/29/2019,26.49
4976,4/29/2019,26.49
4977,4/29/2019,26.49
4978,4/29/2019,26.49
4979,4/30/2019,26.39
4980,4/30/2019,26.39
4981,4/30/2019,26.39
4982,4/30/2019,26.39
4983,4/30/2019,26.39
4984,4/30/2019,26.39
4985,4/30/2019,26.39
4986,4/30/2019,26.39
4987,4/30/2019,26.39
4988,4/30/2019,26.29
4989,4/30/2019,26.29
4990,4/30/2019,26.39
4991,4/30/2019,26.39
4992,4/30/2019,26.39
4993,4/30/2019,26.39
4994,4/30/2019,26.49
4995,4/30/2019,26.39
4996,4/30/2019,26.49
4997,4/30/2019,26.49
4998,4/30/2019,26.49
4999,4/30/2019,26.39
5000,4/30/2019,26.49
5001,4/30/2019,26.49
5002,4/30/2019,26.49
5003,4/30/2019,26.49
5004,4/30/2019,26.59
5005,4/30/2019,26.59
5006,4/30/2019,26.59
5007,4/30/2019,26.59
5008,4/30/2019,26.59
5009,4/30/2019,26.59
5010,4/30/2019,26.68
5011,4/30/2019,26.68
5012,4/30/2019,26.59
5013,4/30/2019,26.59
5014,4/30/2019,26.59
5015,4/30/2019,26.59
5016,4/30/2019,26.59
5017,4/30/2019,26.59
5018,4/30/2019,26.59
5019,4/30/2019,26.59
5020,4/30/2019,26.59
5021,4/30/2019,26.49
5022,4/30/2019,26.49
5023,4/30/2019,26.59
5024,4/30/2019,26.49
5025,4/30/2019,26.49
5026,4/30/2019,26.49
5027,5/1/2019,26.49
5028,5/1/2019,26.49
5029,5/1/2019,26.49
5030,5/1/2019,26.49
5031,5/1/2019,26.49
5032,5/1/2019,26.49
5033,5/1/2019,26.49
5034,5/1/2019,26.39
5035,5/1/2019,26.39
5036,5/1/2019,26.39
5037,5/1/2019,26.39
5038,5/1/2019,26.39
5039,5/1/2019,26.39
5040,5/1/2019,26.39
5041,5/1/2019,26.29
5042,5/1/2019,26.29
5043,5/1/2019,26.29
5044,5/1/2019,26.29
5045,5/1/2019,26.29
5046,5/1/2019,26.39
5047,5/1/2019,26.39
5048,5/1/2019,26.39
5049,5/1/2019,26.29
5050,5/1/2019,26.39
5051,5/1/2019,26.39
5052,5/1/2019,26.39
5053,5/1/2019,26.49
5054,5/1/2019,26.49
5055,5/1/2019,26.49
5056,5/1/2019,26.59
5057,5/1/2019,26.59
5058,5/1/2019,26.59
5059,5/1/2019,26.59
5060,5/1/2019,26.59
5061,5/1/2019,26.59
5062,5/1/2019,26.59
5063,5/1/2019,26.49
5064,5/1/2019,26.49
5065,5/1/2019,26.49
5066,5/1/2019,26.49
5067,5/1/2019,26.49
5068,5/1/2019,26.49
5069,5/1/2019,26.39
5070,5/1/2019,26.39
5071,5/1/2019,26.39
5072,5/1/2019,26.29
5073,5/1/2019,26.29
5074,5/1/2019,26.29
