Plot Title: CCP,,
#,"Date Time, GMT-05:00",Temp. °F (LGR S/N: 20462604. SEN S/N: 20462604)
2669,2/20/2019 0:00,60
2670,2/20/2019 0:30,60
2671,2/20/2019 1:00,60
2672,2/20/2019 1:30,60
2673,2/20/2019 2:00,60
2674,2/20/2019 2:30,60
2675,2/20/2019 3:00,60
2676,2/20/2019 3:30,60
2677,2/20/2019 4:00,60
2678,2/20/2019 4:30,60
2679,2/20/2019 5:00,60
2680,2/20/2019 5:30,60
2681,2/20/2019 6:00,60
2682,2/20/2019 6:30,60
2683,2/20/2019 7:00,60
2684,2/20/2019 7:30,60
2685,2/20/2019 8:00,61
2686,2/20/2019 8:30,61
2687,2/20/2019 9:00,61
2688,2/20/2019 9:30,61
2689,2/20/2019 10:00,61
2690,2/20/2019 10:30,61
2691,2/20/2019 11:00,61
2692,2/20/2019 11:30,61
2693,2/20/2019 12:00,61
2694,2/20/2019 12:30,61
2695,2/20/2019 13:00,63
2696,2/20/2019 13:30,63
2697,2/20/2019 14:00,63
2698,2/20/2019 14:30,63
2699,2/20/2019 15:00,63
2700,2/20/2019 15:30,62
2701,2/20/2019 16:00,62
2702,2/20/2019 16:30,62
2703,2/20/2019 17:00,61
2704,2/20/2019 17:30,61
2705,2/20/2019 18:00,61
2706,2/20/2019 18:30,61
2707,2/20/2019 19:00,61
2708,2/20/2019 19:30,61
2709,2/20/2019 20:00,62
2710,2/20/2019 20:30,62
2711,2/20/2019 21:00,62
2712,2/20/2019 21:30,62
2713,2/20/2019 22:00,62
2714,2/20/2019 22:30,62
2715,2/20/2019 23:00,61
2716,2/20/2019 23:30,61
2717,2/21/2019 0:00,61
2718,2/21/2019 0:30,61
2719,2/21/2019 1:00,61
2720,2/21/2019 1:30,61
2721,2/21/2019 2:00,61
2722,2/21/2019 2:30,61
2723,2/21/2019 3:00,61
2724,2/21/2019 3:30,61
2725,2/21/2019 4:00,61
2726,2/21/2019 4:30,61
2727,2/21/2019 5:00,61
2728,2/21/2019 5:30,61
2729,2/21/2019 6:00,61
2730,2/21/2019 6:30,61
2731,2/21/2019 7:00,61
2732,2/21/2019 7:30,61
2733,2/21/2019 8:00,61
2734,2/21/2019 8:30,61
2735,2/21/2019 9:00,61
2736,2/21/2019 9:30,61
2737,2/21/2019 10:00,61
2738,2/21/2019 10:30,61
2739,2/21/2019 11:00,62
2740,2/21/2019 11:30,62
2741,2/21/2019 12:00,62
2742,2/21/2019 12:30,62
2743,2/21/2019 13:00,62
2744,2/21/2019 13:30,62
2745,2/21/2019 14:00,62
2746,2/21/2019 14:30,62
2747,2/21/2019 15:00,62
2748,2/21/2019 15:30,62
2749,2/21/2019 16:00,62
2750,2/21/2019 16:30,62
2751,2/21/2019 17:00,62
2752,2/21/2019 17:30,62
2753,2/21/2019 18:00,62
2754,2/21/2019 18:30,62
2755,2/21/2019 19:00,62
2756,2/21/2019 19:30,61
2757,2/21/2019 20:00,62
2758,2/21/2019 20:30,62
2759,2/21/2019 21:00,62
2760,2/21/2019 21:30,62
2761,2/21/2019 22:00,62
2762,2/21/2019 22:30,62
2763,2/21/2019 23:00,62
2764,2/21/2019 23:30,62
2765,2/22/2019 0:00,61
2766,2/22/2019 0:30,61
2767,2/22/2019 1:00,61
2768,2/22/2019 1:30,61
2769,2/22/2019 2:00,61
2770,2/22/2019 2:30,61
2771,2/22/2019 3:00,61
2772,2/22/2019 3:30,61
2773,2/22/2019 4:00,61
2774,2/22/2019 4:30,61
2775,2/22/2019 5:00,61
2776,2/22/2019 5:30,61
2777,2/22/2019 6:00,61
2778,2/22/2019 6:30,61
2779,2/22/2019 7:00,61
2780,2/22/2019 7:30,61
2781,2/22/2019 8:00,61
2782,2/22/2019 8:30,62
2783,2/22/2019 9:00,62
2784,2/22/2019 9:30,62
2785,2/22/2019 10:00,62
2786,2/22/2019 10:30,62
2787,2/22/2019 11:00,63
2788,2/22/2019 11:30,63
2789,2/22/2019 12:00,63
2790,2/22/2019 12:30,63
2791,2/22/2019 13:00,62
2792,2/22/2019 13:30,63
2793,2/22/2019 14:00,63
2794,2/22/2019 14:30,63
2795,2/22/2019 15:00,63
2796,2/22/2019 15:30,64
2797,2/22/2019 16:00,64
2798,2/22/2019 16:30,64
2799,2/22/2019 17:00,64
2800,2/22/2019 17:30,63
2801,2/22/2019 18:00,63
2802,2/22/2019 18:30,63
2803,2/22/2019 19:00,64
2804,2/22/2019 19:30,63
2805,2/22/2019 20:00,63
2806,2/22/2019 20:30,63
2807,2/22/2019 21:00,63
2808,2/22/2019 21:30,63
2809,2/22/2019 22:00,63
2810,2/22/2019 22:30,62
2811,2/22/2019 23:00,62
2812,2/22/2019 23:30,62
2813,2/23/2019 0:00,62
2814,2/23/2019 0:30,62
2815,2/23/2019 1:00,62
2816,2/23/2019 1:30,62
2817,2/23/2019 2:00,62
2818,2/23/2019 2:30,62
2819,2/23/2019 3:00,62
2820,2/23/2019 3:30,62
2821,2/23/2019 4:00,62
2822,2/23/2019 4:30,62
2823,2/23/2019 5:00,62
2824,2/23/2019 5:30,62
2825,2/23/2019 6:00,62
2826,2/23/2019 6:30,61
2827,2/23/2019 7:00,62
2828,2/23/2019 7:30,62
2829,2/23/2019 8:00,62
2830,2/23/2019 8:30,62
2831,2/23/2019 9:00,62
2832,2/23/2019 9:30,62
2833,2/23/2019 10:00,62
2834,2/23/2019 10:30,62
2835,2/23/2019 11:00,63
2836,2/23/2019 11:30,63
2837,2/23/2019 12:00,63
2838,2/23/2019 12:30,63
2839,2/23/2019 13:00,64
2840,2/23/2019 13:30,64
2841,2/23/2019 14:00,64
2842,2/23/2019 14:30,64
2843,2/23/2019 15:00,64
2844,2/23/2019 15:30,64
2845,2/23/2019 16:00,64
2846,2/23/2019 16:30,64
2847,2/23/2019 17:00,64
2848,2/23/2019 17:30,64
2849,2/23/2019 18:00,64
2850,2/23/2019 18:30,64
2851,2/23/2019 19:00,64
2852,2/23/2019 19:30,63
2853,2/23/2019 20:00,63
2854,2/23/2019 20:30,63
2855,2/23/2019 21:00,63
2856,2/23/2019 21:30,62
2857,2/23/2019 22:00,62
2858,2/23/2019 22:30,62
2859,2/23/2019 23:00,62
2860,2/23/2019 23:30,62
2861,2/24/2019 0:00,62
2862,2/24/2019 0:30,62
2863,2/24/2019 1:00,62
2864,2/24/2019 1:30,62
2865,2/24/2019 2:00,61
2866,2/24/2019 2:30,61
2867,2/24/2019 3:00,61
2868,2/24/2019 3:30,61
2869,2/24/2019 4:00,61
2870,2/24/2019 4:30,61
2871,2/24/2019 5:00,61
2872,2/24/2019 5:30,61
2873,2/24/2019 6:00,61
2874,2/24/2019 6:30,61
2875,2/24/2019 7:00,61
2876,2/24/2019 7:30,61
2877,2/24/2019 8:00,61
2878,2/24/2019 8:30,61
2879,2/24/2019 9:00,61
2880,2/24/2019 9:30,61
2881,2/24/2019 10:00,61
2882,2/24/2019 10:30,61
2883,2/24/2019 11:00,61
2884,2/24/2019 11:30,62
2885,2/24/2019 12:00,62
2886,2/24/2019 12:30,62
2887,2/24/2019 13:00,63
2888,2/24/2019 13:30,63
2889,2/24/2019 14:00,63
2890,2/24/2019 14:30,64
2891,2/24/2019 15:00,64
2892,2/24/2019 15:30,63
2893,2/24/2019 16:00,64
2894,2/24/2019 16:30,63
2895,2/24/2019 17:00,63
2896,2/24/2019 17:30,63
2897,2/24/2019 18:00,64
2898,2/24/2019 18:30,63
2899,2/24/2019 19:00,63
2900,2/24/2019 19:30,63
2901,2/24/2019 20:00,62
2902,2/24/2019 20:30,62
2903,2/24/2019 21:00,62
2904,2/24/2019 21:30,62
2905,2/24/2019 22:00,62
2906,2/24/2019 22:30,61
2907,2/24/2019 23:00,61
2908,2/24/2019 23:30,61
2909,2/25/2019 0:00,61
2910,2/25/2019 0:30,61
2911,2/25/2019 1:00,61
2912,2/25/2019 1:30,61
2913,2/25/2019 2:00,61
2914,2/25/2019 2:30,61
2915,2/25/2019 3:00,60
2916,2/25/2019 3:30,60
2917,2/25/2019 4:00,60
2918,2/25/2019 4:30,60
2919,2/25/2019 5:00,60
2920,2/25/2019 5:30,60
2921,2/25/2019 6:00,60
2922,2/25/2019 6:30,60
2923,2/25/2019 7:00,60
2924,2/25/2019 7:30,60
2925,2/25/2019 8:00,60
2926,2/25/2019 8:30,60
2927,2/25/2019 9:00,60
2928,2/25/2019 9:30,60
2929,2/25/2019 10:00,60
2930,2/25/2019 10:30,61
2931,2/25/2019 11:00,61
2932,2/25/2019 11:30,61
2933,2/25/2019 12:00,61
2934,2/25/2019 12:30,61
2935,2/25/2019 13:00,62
2936,2/25/2019 13:30,62
2937,2/25/2019 14:00,62
2938,2/25/2019 14:30,62
2939,2/25/2019 15:00,62
2940,2/25/2019 15:30,63
2941,2/25/2019 16:00,62
2942,2/25/2019 16:30,62
2943,2/25/2019 17:00,62
2944,2/25/2019 17:30,62
2945,2/25/2019 18:00,62
2946,2/25/2019 18:30,62
2947,2/25/2019 19:00,62
2948,2/25/2019 19:30,62
2949,2/25/2019 20:00,62
2950,2/25/2019 20:30,61
2951,2/25/2019 21:00,61
2952,2/25/2019 21:30,60
2953,2/25/2019 22:00,60
2954,2/25/2019 22:30,60
2955,2/25/2019 23:00,60
2956,2/25/2019 23:30,60
2957,2/26/2019 0:00,60
2958,2/26/2019 0:30,60
2959,2/26/2019 1:00,60
2960,2/26/2019 1:30,60
2961,2/26/2019 2:00,60
2962,2/26/2019 2:30,60
2963,2/26/2019 3:00,60
2964,2/26/2019 3:30,60
2965,2/26/2019 4:00,60
2966,2/26/2019 4:30,60
2967,2/26/2019 5:00,60
2968,2/26/2019 5:30,60
2969,2/26/2019 6:00,60
2970,2/26/2019 6:30,60
2971,2/26/2019 7:00,59
2972,2/26/2019 7:30,60
2973,2/26/2019 8:00,60
2974,2/26/2019 8:30,60
2975,2/26/2019 9:00,60
2976,2/26/2019 9:30,60
2977,2/26/2019 10:00,60
2978,2/26/2019 10:30,60
2979,2/26/2019 11:00,61
2980,2/26/2019 11:30,61
2981,2/26/2019 12:00,61
2982,2/26/2019 12:30,61
2983,2/26/2019 13:00,61
2984,2/26/2019 13:30,62
2985,2/26/2019 14:00,62
2986,2/26/2019 14:30,62
2987,2/26/2019 15:00,63
2988,2/26/2019 15:30,63
2989,2/26/2019 16:00,63
2990,2/26/2019 16:30,62
2991,2/26/2019 17:00,62
2992,2/26/2019 17:30,62
2993,2/26/2019 18:00,62
2994,2/26/2019 18:30,63
2995,2/26/2019 19:00,63
2996,2/26/2019 19:30,62
2997,2/26/2019 20:00,61
2998,2/26/2019 20:30,61
2999,2/26/2019 21:00,61
3000,2/26/2019 21:30,61
3001,2/26/2019 22:00,61
3002,2/26/2019 22:30,61
3003,2/26/2019 23:00,61
3004,2/26/2019 23:30,60
3005,2/27/2019 0:00,60
3006,2/27/2019 0:30,60
3007,2/27/2019 1:00,60
3008,2/27/2019 1:30,60
3009,2/27/2019 2:00,60
3010,2/27/2019 2:30,60
3011,2/27/2019 3:00,60
3012,2/27/2019 3:30,60
3013,2/27/2019 4:00,60
3014,2/27/2019 4:30,60
3015,2/27/2019 5:00,60
3016,2/27/2019 5:30,60
3017,2/27/2019 6:00,60
3018,2/27/2019 6:30,60
3019,2/27/2019 7:00,60
3020,2/27/2019 7:30,60
3021,2/27/2019 8:00,60
3022,2/27/2019 8:30,60
3023,2/27/2019 9:00,60
3024,2/27/2019 9:30,60
3025,2/27/2019 10:00,60
3026,2/27/2019 10:30,60
3027,2/27/2019 11:00,61
3028,2/27/2019 11:30,61
3029,2/27/2019 12:00,61
3030,2/27/2019 12:30,61
3031,2/27/2019 13:00,60
3032,2/27/2019 13:30,61
3033,2/27/2019 14:00,61
3034,2/27/2019 14:30,61
3035,2/27/2019 15:00,61
3036,2/27/2019 15:30,61
3037,2/27/2019 16:00,62
3038,2/27/2019 16:30,62
3039,2/27/2019 17:00,62
3040,2/27/2019 17:30,62
3041,2/27/2019 18:00,62
3042,2/27/2019 18:30,61
3043,2/27/2019 19:00,61
3044,2/27/2019 19:30,60
3045,2/27/2019 20:00,60
3046,2/27/2019 20:30,60
3047,2/27/2019 21:00,60
3048,2/27/2019 21:30,60
3049,2/27/2019 22:00,59
3050,2/27/2019 22:30,59
3051,2/27/2019 23:00,60
3052,2/27/2019 23:30,60
3053,2/28/2019 0:00,59
3054,2/28/2019 0:30,59
3055,2/28/2019 1:00,60
3056,2/28/2019 1:30,60
3057,2/28/2019 2:00,60
3058,2/28/2019 2:30,59
3059,2/28/2019 3:00,59
3060,2/28/2019 3:30,59
3061,2/28/2019 4:00,59
3062,2/28/2019 4:30,59
3063,2/28/2019 5:00,59
3064,2/28/2019 5:30,59
3065,2/28/2019 6:00,59
3066,2/28/2019 6:30,59
3067,2/28/2019 7:00,59
3068,2/28/2019 7:30,59
3069,2/28/2019 8:00,59
3070,2/28/2019 8:30,59
3071,2/28/2019 9:00,59
3072,2/28/2019 9:30,59
3073,2/28/2019 10:00,59
3074,2/28/2019 10:30,59
3075,2/28/2019 11:00,59
3076,2/28/2019 11:30,59
3077,2/28/2019 12:00,60
3078,2/28/2019 12:30,60
3079,2/28/2019 13:00,60
3080,2/28/2019 13:30,60
3081,2/28/2019 14:00,60
3082,2/28/2019 14:30,60
3083,2/28/2019 15:00,60
3084,2/28/2019 15:30,60
3085,2/28/2019 16:00,60
3086,2/28/2019 16:30,60
3087,2/28/2019 17:00,60
3088,2/28/2019 17:30,60
3089,2/28/2019 18:00,60
3090,2/28/2019 18:30,60
3091,2/28/2019 19:00,60
3092,2/28/2019 19:30,60
3093,2/28/2019 20:00,60
3094,2/28/2019 20:30,60
3095,2/28/2019 21:00,60
3096,2/28/2019 21:30,60
3097,2/28/2019 22:00,60
3098,2/28/2019 22:30,60
3099,2/28/2019 23:00,60
3100,2/28/2019 23:30,60
3101,1/3/2019 0:00,60
3102,1/3/2019 0:30,59
3103,1/3/2019 1:00,60
3104,1/3/2019 1:30,60
3105,1/3/2019 2:00,59
3106,1/3/2019 2:30,59
3107,1/3/2019 3:00,59
3108,1/3/2019 3:30,59
3109,1/3/2019 4:00,58
3110,1/3/2019 4:30,59
3111,1/3/2019 5:00,59
3112,1/3/2019 5:30,59
3113,1/3/2019 6:00,58
3114,1/3/2019 6:30,58
3115,1/3/2019 7:00,58
3116,1/3/2019 7:30,58
3117,1/3/2019 8:00,58
3118,1/3/2019 8:30,59
3119,1/3/2019 9:00,59
3120,1/3/2019 9:30,59
3121,1/3/2019 10:00,59
3122,1/3/2019 10:30,59
3123,1/3/2019 11:00,60
3124,1/3/2019 11:30,59
3125,1/3/2019 12:00,59
3126,1/3/2019 12:30,59
3127,1/3/2019 13:00,59
3128,1/3/2019 13:30,61
3129,1/3/2019 14:00,61
3130,1/3/2019 14:30,61
3131,1/3/2019 15:00,61
3132,1/3/2019 15:30,60
3133,1/3/2019 16:00,60
3134,1/3/2019 16:30,61
3135,1/3/2019 17:00,61
3136,1/3/2019 17:30,60
3137,1/3/2019 18:00,59
3138,1/3/2019 18:30,59
3139,1/3/2019 19:00,58
3140,1/3/2019 19:30,59
3141,1/3/2019 20:00,59
3142,1/3/2019 20:30,60
3143,1/3/2019 21:00,59
3144,1/3/2019 21:30,59
3145,1/3/2019 22:00,58
3146,1/3/2019 22:30,58
3147,1/3/2019 23:00,58
3148,1/3/2019 23:30,58
3149,2/3/2019 0:00,58
3150,2/3/2019 0:30,58
3151,2/3/2019 1:00,58
3152,2/3/2019 1:30,58
3153,2/3/2019 2:00,58
3154,2/3/2019 2:30,57
3155,2/3/2019 3:00,57
3156,2/3/2019 3:30,58
3157,2/3/2019 4:00,57
3158,2/3/2019 4:30,57
3159,2/3/2019 5:00,57
3160,2/3/2019 5:30,57
3161,2/3/2019 6:00,57
3162,2/3/2019 6:30,57
3163,2/3/2019 7:00,57
3164,2/3/2019 7:30,57
3165,2/3/2019 8:00,57
3166,2/3/2019 8:30,58
3167,2/3/2019 9:00,58
3168,2/3/2019 9:30,58
3169,2/3/2019 10:00,58
3170,2/3/2019 10:30,58
3171,2/3/2019 11:00,58
3172,2/3/2019 11:30,58
3173,2/3/2019 12:00,59
3174,2/3/2019 12:30,59
3175,2/3/2019 13:00,60
3176,2/3/2019 13:30,60
3177,2/3/2019 14:00,60
3178,2/3/2019 14:30,60
3179,2/3/2019 15:00,60
3180,2/3/2019 15:30,60
3181,2/3/2019 16:00,60
3182,2/3/2019 16:30,60
3183,2/3/2019 17:00,60
3184,2/3/2019 17:30,60
3185,2/3/2019 18:00,60
3186,2/3/2019 18:30,60
3187,2/3/2019 19:00,59
3188,2/3/2019 19:30,59
3189,2/3/2019 20:00,59
3190,2/3/2019 20:30,59
3191,2/3/2019 21:00,59
3192,2/3/2019 21:30,59
3193,2/3/2019 22:00,58
3194,2/3/2019 22:30,58
3195,2/3/2019 23:00,58
3196,2/3/2019 23:30,58
3197,3/3/2019 0:00,58
3198,3/3/2019 0:30,58
3199,3/3/2019 1:00,58
3200,3/3/2019 1:30,58
3201,3/3/2019 2:00,58
3202,3/3/2019 2:30,58
3203,3/3/2019 3:00,58
3204,3/3/2019 3:30,58
3205,3/3/2019 4:00,58
3206,3/3/2019 4:30,57
3207,3/3/2019 5:00,57
3208,3/3/2019 5:30,57
3209,3/3/2019 6:00,57
3210,3/3/2019 6:30,57
3211,3/3/2019 7:00,57
3212,3/3/2019 7:30,57
3213,3/3/2019 8:00,57
3214,3/3/2019 8:30,57
3215,3/3/2019 9:00,57
3216,3/3/2019 9:30,57
3217,3/3/2019 10:00,58
3218,3/3/2019 10:30,58
3219,3/3/2019 11:00,58
3220,3/3/2019 11:30,58
3221,3/3/2019 12:00,58
3222,3/3/2019 12:30,58
3223,3/3/2019 13:00,58
3224,3/3/2019 13:30,58
3225,3/3/2019 14:00,58
3226,3/3/2019 14:30,59
3227,3/3/2019 15:00,60
3228,3/3/2019 15:30,60
3229,3/3/2019 16:00,60
3230,3/3/2019 16:30,60
3231,3/3/2019 17:00,59
3232,3/3/2019 17:30,58
3233,3/3/2019 18:00,58
3234,3/3/2019 18:30,58
3235,3/3/2019 19:00,58
3236,3/3/2019 19:30,57
3237,3/3/2019 20:00,57
3238,3/3/2019 20:30,57
3239,3/3/2019 21:00,57
3240,3/3/2019 21:30,57
3241,3/3/2019 22:00,56
3242,3/3/2019 22:30,56
3243,3/3/2019 23:00,57
3244,3/3/2019 23:30,56
3245,4/3/2019 0:00,56
3246,4/3/2019 0:30,56
3247,4/3/2019 1:00,56
3248,4/3/2019 1:30,55
3249,4/3/2019 2:00,55
3250,4/3/2019 2:30,55
3251,4/3/2019 3:00,55
3252,4/3/2019 3:30,55
3253,4/3/2019 4:00,55
3254,4/3/2019 4:30,55
3255,4/3/2019 5:00,55
3256,4/3/2019 5:30,55
3257,4/3/2019 6:00,55
3258,4/3/2019 6:30,55
3259,4/3/2019 7:00,55
3260,4/3/2019 7:30,55
3261,4/3/2019 8:00,55
3262,4/3/2019 8:30,55
3263,4/3/2019 9:00,55
3264,4/3/2019 9:30,56
3265,4/3/2019 10:00,56
3266,4/3/2019 10:30,56
3267,4/3/2019 11:00,57
3268,4/3/2019 11:30,57
3269,4/3/2019 12:00,57
3270,4/3/2019 12:30,57
3271,4/3/2019 13:00,57
3272,4/3/2019 13:30,57
3273,4/3/2019 14:00,57
3274,4/3/2019 14:30,58
3275,4/3/2019 15:00,58
3276,4/3/2019 15:30,58
3277,4/3/2019 16:00,58
3278,4/3/2019 16:30,58
3279,4/3/2019 17:00,58
3280,4/3/2019 17:30,58
3281,4/3/2019 18:00,57
3282,4/3/2019 18:30,57
3283,4/3/2019 19:00,57
3284,4/3/2019 19:30,57
3285,4/3/2019 20:00,57
3286,4/3/2019 20:30,57
3287,4/3/2019 21:00,57
3288,4/3/2019 21:30,57
3289,4/3/2019 22:00,56
3290,4/3/2019 22:30,57
3291,4/3/2019 23:00,57
3292,4/3/2019 23:30,56
3293,5/3/2019 0:00,56
3294,5/3/2019 0:30,56
3295,5/3/2019 1:00,56
3296,5/3/2019 1:30,56
3297,5/3/2019 2:00,56
3298,5/3/2019 2:30,56
3299,5/3/2019 3:00,56
3300,5/3/2019 3:30,56
3301,5/3/2019 4:00,56
3302,5/3/2019 4:30,55
3303,5/3/2019 5:00,55
3304,5/3/2019 5:30,55
3305,5/3/2019 6:00,55
3306,5/3/2019 6:30,55
3307,5/3/2019 7:00,55
3308,5/3/2019 7:30,55
3309,5/3/2019 8:00,55
3310,5/3/2019 8:30,55
3311,5/3/2019 9:00,55
3312,5/3/2019 9:30,56
3313,5/3/2019 10:00,56
3314,5/3/2019 10:30,56
3315,5/3/2019 11:00,56
3316,5/3/2019 11:30,56
3317,5/3/2019 12:00,56
3318,5/3/2019 12:30,57
3319,5/3/2019 13:00,57
3320,5/3/2019 13:30,57
3321,5/3/2019 14:00,57
3322,5/3/2019 14:30,57
3323,5/3/2019 15:00,57
3324,5/3/2019 15:30,58
3325,5/3/2019 16:00,58
3326,5/3/2019 16:30,58
3327,5/3/2019 17:00,58
3328,5/3/2019 17:30,58
3329,5/3/2019 18:00,58
3330,5/3/2019 18:30,58
3331,5/3/2019 19:00,57
3332,5/3/2019 19:30,57
3333,5/3/2019 20:00,57
3334,5/3/2019 20:30,56
3335,5/3/2019 21:00,57
3336,5/3/2019 21:30,57
3337,5/3/2019 22:00,57
3338,5/3/2019 22:30,56
3339,5/3/2019 23:00,56
3340,5/3/2019 23:30,56
3341,6/3/2019 0:00,56
3342,6/3/2019 0:30,56
3343,6/3/2019 1:00,56
3344,6/3/2019 1:30,56
3345,6/3/2019 2:00,56
3346,6/3/2019 2:30,56
3347,6/3/2019 3:00,56
3348,6/3/2019 3:30,56
3349,6/3/2019 4:00,56
3350,6/3/2019 4:30,56
3351,6/3/2019 5:00,56
3352,6/3/2019 5:30,56
3353,6/3/2019 6:00,56
3354,6/3/2019 6:30,56
3355,6/3/2019 7:00,56
3356,6/3/2019 7:30,56
3357,6/3/2019 8:00,56
3358,6/3/2019 8:30,56
3359,6/3/2019 9:00,56
3360,6/3/2019 9:30,56
3361,6/3/2019 10:00,56
3362,6/3/2019 10:30,56
3363,6/3/2019 11:00,56
3364,6/3/2019 11:30,56
3365,6/3/2019 12:00,57
3366,6/3/2019 12:30,57
3367,6/3/2019 13:00,57
3368,6/3/2019 13:30,56
3369,6/3/2019 14:00,56
3370,6/3/2019 14:30,57
3371,6/3/2019 15:00,57
3372,6/3/2019 15:30,57
3373,6/3/2019 16:00,57
3374,6/3/2019 16:30,56
3375,6/3/2019 17:00,56
3376,6/3/2019 17:30,56
3377,6/3/2019 18:00,56
3378,6/3/2019 18:30,56
3379,6/3/2019 19:00,56
3380,6/3/2019 19:30,57
3381,6/3/2019 20:00,56
3382,6/3/2019 20:30,56
3383,6/3/2019 21:00,56
3384,6/3/2019 21:30,56
3385,6/3/2019 22:00,56
3386,6/3/2019 22:30,56
3387,6/3/2019 23:00,56
3388,6/3/2019 23:30,56
3389,7/3/2019 0:00,56
3390,7/3/2019 0:30,57
3391,7/3/2019 1:00,56
3392,7/3/2019 1:30,56
3393,7/3/2019 2:00,56
3394,7/3/2019 2:30,56
3395,7/3/2019 3:00,56
3396,7/3/2019 3:30,56
3397,7/3/2019 4:00,56
3398,7/3/2019 4:30,56
3399,7/3/2019 5:00,56
3400,7/3/2019 5:30,57
3401,7/3/2019 6:00,57
3402,7/3/2019 6:30,56
3403,7/3/2019 7:00,57
3404,7/3/2019 7:30,57
3405,7/3/2019 8:00,57
3406,7/3/2019 8:30,57
3407,7/3/2019 9:00,57
3408,7/3/2019 9:30,57
3409,7/3/2019 10:00,58
3410,7/3/2019 10:30,58
3411,7/3/2019 11:00,58
3412,7/3/2019 11:30,59
3413,7/3/2019 12:00,58
3414,7/3/2019 12:30,58
3415,7/3/2019 13:00,58
3416,7/3/2019 13:30,58
3417,7/3/2019 14:00,58
3418,7/3/2019 14:30,57
3419,7/3/2019 15:00,58
3420,7/3/2019 15:30,58
3421,7/3/2019 16:00,59
3422,7/3/2019 16:30,58
3423,7/3/2019 17:00,58
3424,7/3/2019 17:30,58
3425,7/3/2019 18:00,58
3426,7/3/2019 18:30,58
3427,7/3/2019 19:00,58
3428,7/3/2019 19:30,58
3429,7/3/2019 20:00,58
3430,7/3/2019 20:30,58
3431,7/3/2019 21:00,57
3432,7/3/2019 21:30,57
3433,7/3/2019 22:00,57
3434,7/3/2019 22:30,57
3435,7/3/2019 23:00,57
3436,7/3/2019 23:30,57
3437,8/3/2019 0:00,57
3438,8/3/2019 0:30,57
3439,8/3/2019 1:00,57
3440,8/3/2019 1:30,57
3441,8/3/2019 2:00,57
3442,8/3/2019 2:30,56
3443,8/3/2019 3:00,56
3444,8/3/2019 3:30,56
3445,8/3/2019 4:00,56
3446,8/3/2019 4:30,56
3447,8/3/2019 5:00,56
3448,8/3/2019 5:30,56
3449,8/3/2019 6:00,56
3450,8/3/2019 6:30,56
3451,8/3/2019 7:00,56
3452,8/3/2019 7:30,56
3453,8/3/2019 8:00,56
3454,8/3/2019 8:30,56
3455,8/3/2019 9:00,56
3456,8/3/2019 9:30,56
3457,8/3/2019 10:00,57
3458,8/3/2019 10:30,57
3459,8/3/2019 11:00,57
3460,8/3/2019 11:30,57
3461,8/3/2019 12:00,58
3462,8/3/2019 12:30,58
3463,8/3/2019 13:00,58
3464,8/3/2019 13:30,59
3465,8/3/2019 14:00,59
3466,8/3/2019 14:30,59
3467,8/3/2019 15:00,59
3468,8/3/2019 15:30,59
3469,8/3/2019 16:00,60
3470,8/3/2019 16:30,60
3471,8/3/2019 17:00,60
3472,8/3/2019 17:30,60
3473,8/3/2019 18:00,60
3474,8/3/2019 18:30,60
3475,8/3/2019 19:00,60
3476,8/3/2019 19:30,60
3477,8/3/2019 20:00,58
3478,8/3/2019 20:30,58
3479,8/3/2019 21:00,58
3480,8/3/2019 21:30,58
3481,8/3/2019 22:00,58
3482,8/3/2019 22:30,58
3483,8/3/2019 23:00,58
3484,8/3/2019 23:30,58
3485,9/3/2019 0:00,58
3486,9/3/2019 0:30,58
3487,9/3/2019 1:00,58
3488,9/3/2019 1:30,58
3489,9/3/2019 2:00,58
3490,9/3/2019 2:30,58
3491,9/3/2019 3:00,58
3492,9/3/2019 3:30,58
3493,9/3/2019 4:00,58
3494,9/3/2019 4:30,58
3495,9/3/2019 5:00,57
3496,9/3/2019 5:30,57
3497,9/3/2019 6:00,57
3498,9/3/2019 6:30,57
3499,9/3/2019 7:00,57
3500,9/3/2019 7:30,57
3501,9/3/2019 8:00,57
3502,9/3/2019 8:30,57
3503,9/3/2019 9:00,57
3504,9/3/2019 9:30,58
3505,9/3/2019 10:00,58
3506,9/3/2019 10:30,58
3507,9/3/2019 11:00,58
3508,9/3/2019 11:30,58
3509,9/3/2019 12:00,58
3510,9/3/2019 12:30,58
3511,9/3/2019 13:00,58
3512,9/3/2019 13:30,59
3513,9/3/2019 14:00,59
3514,9/3/2019 14:30,59
3515,9/3/2019 15:00,59
3516,9/3/2019 15:30,58
3517,9/3/2019 16:00,58
3518,9/3/2019 16:30,58
3519,9/3/2019 17:00,58
3520,9/3/2019 17:30,58
3521,9/3/2019 18:00,58
3522,9/3/2019 18:30,59
3523,9/3/2019 19:00,58
3524,9/3/2019 19:30,58
3525,9/3/2019 20:00,58
3526,9/3/2019 20:30,58
3527,9/3/2019 21:00,58
3528,9/3/2019 21:30,58
3529,9/3/2019 22:00,58
3530,9/3/2019 22:30,58
3531,9/3/2019 23:00,58
3532,9/3/2019 23:30,58
3533,10/3/2019 0:00,58
3534,10/3/2019 0:30,58
3535,10/3/2019 1:00,58
3536,10/3/2019 1:30,58
3537,10/3/2019 2:00,57
3538,10/3/2019 2:30,58
3539,10/3/2019 3:00,58
3540,10/3/2019 3:30,58
3541,10/3/2019 4:00,58
3542,10/3/2019 4:30,58
3543,10/3/2019 5:00,57
3544,10/3/2019 5:30,57
3545,10/3/2019 6:00,57
3546,10/3/2019 6:30,57
3547,10/3/2019 7:00,57
3548,10/3/2019 7:30,57
3549,10/3/2019 8:00,57
3550,10/3/2019 8:30,57
3551,10/3/2019 9:00,57
3552,10/3/2019 9:30,57
3553,10/3/2019 10:00,57
3554,10/3/2019 10:30,57
3555,10/3/2019 11:00,58
3556,10/3/2019 11:30,58
3557,10/3/2019 12:00,58
3558,10/3/2019 12:30,58
3559,10/3/2019 13:00,57
3560,10/3/2019 13:30,58
3561,10/3/2019 14:00,58
3562,10/3/2019 14:30,58
3563,10/3/2019 15:00,58
3564,10/3/2019 15:30,58
3565,10/3/2019 16:00,58
3566,10/3/2019 16:30,58
3567,10/3/2019 17:00,58
3568,10/3/2019 17:30,58
3569,10/3/2019 18:00,58
3570,10/3/2019 18:30,58
3571,10/3/2019 19:00,59
3572,10/3/2019 19:30,58
3573,10/3/2019 20:00,58
3574,10/3/2019 20:30,58
3575,10/3/2019 21:00,58
3576,10/3/2019 21:30,58
3577,10/3/2019 22:00,58
3578,10/3/2019 22:30,58
3579,10/3/2019 23:00,58
3580,10/3/2019 23:30,58
3581,11/3/2019 0:00,58
3582,11/3/2019 0:30,58
3583,11/3/2019 1:00,58
3584,11/3/2019 1:30,58
3585,11/3/2019 2:00,58
3586,11/3/2019 2:30,57
3587,11/3/2019 3:00,57
3588,11/3/2019 3:30,57
3589,11/3/2019 4:00,57
3590,11/3/2019 4:30,57
3591,11/3/2019 5:00,57
3592,11/3/2019 5:30,57
3593,11/3/2019 6:00,57
3594,11/3/2019 6:30,57
3595,11/3/2019 7:00,57
3596,11/3/2019 7:30,57
3597,11/3/2019 8:00,57
3598,11/3/2019 8:30,57
3599,11/3/2019 9:00,57
3600,11/3/2019 9:30,57
3601,11/3/2019 10:00,57
3602,11/3/2019 10:30,58
3603,11/3/2019 11:00,58
3604,11/3/2019 11:30,58
3605,11/3/2019 12:00,58
3606,11/3/2019 12:30,58
3607,11/3/2019 13:00,59
3608,11/3/2019 13:30,59
3609,11/3/2019 14:00,59
3610,11/3/2019 14:30,59
3611,11/3/2019 15:00,59
3612,11/3/2019 15:30,60
3613,11/3/2019 16:00,60
3614,11/3/2019 16:30,60
3615,11/3/2019 17:00,60
3616,11/3/2019 17:30,60
3617,11/3/2019 18:00,59
3618,11/3/2019 18:30,59
3619,11/3/2019 19:00,59
3620,11/3/2019 19:30,59
3621,11/3/2019 20:00,59
3622,11/3/2019 20:30,59
3623,11/3/2019 21:00,58
3624,11/3/2019 21:30,58
3625,11/3/2019 22:00,58
3626,11/3/2019 22:30,58
3627,11/3/2019 23:00,58
3628,11/3/2019 23:30,58
3629,12/3/2019 0:00,58
3630,12/3/2019 0:30,59
3631,12/3/2019 1:00,59
3632,12/3/2019 1:30,59
3633,12/3/2019 2:00,59
3634,12/3/2019 2:30,59
3635,12/3/2019 3:00,60
3636,12/3/2019 3:30,60
3637,12/3/2019 4:00,60
3638,12/3/2019 4:30,60
3639,12/3/2019 5:00,60
3640,12/3/2019 5:30,60
3641,12/3/2019 6:00,60
3642,12/3/2019 6:30,60
3643,12/3/2019 7:00,60
3644,12/3/2019 7:30,60
3645,12/3/2019 8:00,60
3646,12/3/2019 8:30,60
3647,12/3/2019 9:00,61
3648,12/3/2019 9:30,61
3649,12/3/2019 10:00,61
3650,12/3/2019 10:30,61
3651,12/3/2019 11:00,61
3652,12/3/2019 11:30,61
3653,12/3/2019 12:00,61
3654,12/3/2019 12:30,61
3655,12/3/2019 13:00,61
3656,12/3/2019 13:30,62
3657,12/3/2019 14:00,61
3658,12/3/2019 14:30,61
3659,12/3/2019 15:00,61
3660,12/3/2019 15:30,61
3661,12/3/2019 16:00,61
3662,12/3/2019 16:30,61
3663,12/3/2019 17:00,61
3664,12/3/2019 17:30,61
3665,12/3/2019 18:00,61
3666,12/3/2019 18:30,61
3667,12/3/2019 19:00,61
3668,12/3/2019 19:30,61
3669,12/3/2019 20:00,61
3670,12/3/2019 20:30,61
3671,12/3/2019 21:00,61
3672,12/3/2019 21:30,61
3673,12/3/2019 22:00,60
3674,12/3/2019 22:30,60
3675,12/3/2019 23:00,60
3676,12/3/2019 23:30,60
3677,3/13/2019 0:00,60
3678,3/13/2019 0:30,60
3679,3/13/2019 1:00,60
3680,3/13/2019 1:30,60
3681,3/13/2019 2:00,60
3682,3/13/2019 2:30,60
3683,3/13/2019 3:00,60
3684,3/13/2019 3:30,60
3685,3/13/2019 4:00,60
3686,3/13/2019 4:30,60
3687,3/13/2019 5:00,60
3688,3/13/2019 5:30,60
3689,3/13/2019 6:00,60
3690,3/13/2019 6:30,60
3691,3/13/2019 7:00,60
3692,3/13/2019 7:30,60
3693,3/13/2019 8:00,60
3694,3/13/2019 8:30,60
3695,3/13/2019 9:00,60
3696,3/13/2019 9:30,60
3697,3/13/2019 10:00,60
3698,3/13/2019 10:30,60
3699,3/13/2019 11:00,61
3700,3/13/2019 11:30,61
3701,3/13/2019 12:00,61
3702,3/13/2019 12:30,61
3703,3/13/2019 13:00,62
3704,3/13/2019 13:30,62
3705,3/13/2019 14:00,62
3706,3/13/2019 14:30,62
3707,3/13/2019 15:00,63
3708,3/13/2019 15:30,63
3709,3/13/2019 16:00,63
3710,3/13/2019 16:30,63
3711,3/13/2019 17:00,63
3712,3/13/2019 17:30,63
3713,3/13/2019 18:00,62
3714,3/13/2019 18:30,62
3715,3/13/2019 19:00,62
3716,3/13/2019 19:30,62
3717,3/13/2019 20:00,62
3718,3/13/2019 20:30,62
3719,3/13/2019 21:00,61
3720,3/13/2019 21:30,61
3721,3/13/2019 22:00,61
3722,3/13/2019 22:30,60
3723,3/13/2019 23:00,60
3724,3/13/2019 23:30,60
3725,3/14/2019 0:00,60
3726,3/14/2019 0:30,60
3727,3/14/2019 1:00,60
3728,3/14/2019 1:30,59
3729,3/14/2019 2:00,60
3730,3/14/2019 2:30,60
3731,3/14/2019 3:00,60
3732,3/14/2019 3:30,59
3733,3/14/2019 4:00,59
3734,3/14/2019 4:30,59
3735,3/14/2019 5:00,59
3736,3/14/2019 5:30,59
3737,3/14/2019 6:00,59
3738,3/14/2019 6:30,59
3739,3/14/2019 7:00,59
3740,3/14/2019 7:30,59
3741,3/14/2019 8:00,59
3742,3/14/2019 8:30,59
3743,3/14/2019 9:00,59
3744,3/14/2019 9:30,59
3745,3/14/2019 10:00,59
3746,3/14/2019 10:30,60
3747,3/14/2019 11:00,60
3748,3/14/2019 11:30,60
3749,3/14/2019 12:00,60
3750,3/14/2019 12:30,60
3751,3/14/2019 13:00,61
3752,3/14/2019 13:30,61
3753,3/14/2019 14:00,61
3754,3/14/2019 14:30,61
3755,3/14/2019 15:00,61
3756,3/14/2019 15:30,61
3757,3/14/2019 16:00,61
3758,3/14/2019 16:30,61
3759,3/14/2019 17:00,61
3760,3/14/2019 17:30,61
3761,3/14/2019 18:00,60
3762,3/14/2019 18:30,60
3763,3/14/2019 19:00,60
3764,3/14/2019 19:30,60
3765,3/14/2019 20:00,60
3766,3/14/2019 20:30,60
3767,3/14/2019 21:00,60
3768,3/14/2019 21:30,59
3769,3/14/2019 22:00,59
3770,3/14/2019 22:30,59
3771,3/14/2019 23:00,58
3772,3/14/2019 23:30,58
3773,3/15/2019 0:00,58
3774,3/15/2019 0:30,58
3775,3/15/2019 1:00,58
3776,3/15/2019 1:30,58
3777,3/15/2019 2:00,58
3778,3/15/2019 2:30,58
3779,3/15/2019 3:00,58
3780,3/15/2019 3:30,58
3781,3/15/2019 4:00,58
3782,3/15/2019 4:30,58
3783,3/15/2019 5:00,58
3784,3/15/2019 5:30,58
3785,3/15/2019 6:00,57
3786,3/15/2019 6:30,57
3787,3/15/2019 7:00,57
3788,3/15/2019 7:30,57
3789,3/15/2019 8:00,57
3790,3/15/2019 8:30,58
3791,3/15/2019 9:00,58
3792,3/15/2019 9:30,58
3793,3/15/2019 10:00,58
3794,3/15/2019 10:30,58
3795,3/15/2019 11:00,58
3796,3/15/2019 11:30,59
3797,3/15/2019 12:00,58
3798,3/15/2019 12:30,59
3799,3/15/2019 13:00,59
3800,3/15/2019 13:30,59
3801,3/15/2019 14:00,59
3802,3/15/2019 14:30,59
3803,3/15/2019 15:00,59
3804,3/15/2019 15:30,59
3805,3/15/2019 16:00,59
3806,3/15/2019 16:30,59
3807,3/15/2019 17:00,59
3808,3/15/2019 17:30,59
3809,3/15/2019 18:00,59
3810,3/15/2019 18:30,59
3811,3/15/2019 19:00,59
3812,3/15/2019 19:30,59
3813,3/15/2019 20:00,58
3814,3/15/2019 20:30,58
3815,3/15/2019 21:00,58
3816,3/15/2019 21:30,58
3817,3/15/2019 22:00,58
3818,3/15/2019 22:30,58
3819,3/15/2019 23:00,58
3820,3/15/2019 23:30,58
3821,3/16/2019 0:00,58
3822,3/16/2019 0:30,58
3823,3/16/2019 1:00,58
3824,3/16/2019 1:30,58
3825,3/16/2019 2:00,57
3826,3/16/2019 2:30,57
3827,3/16/2019 3:00,57
3828,3/16/2019 3:30,57
3829,3/16/2019 4:00,57
3830,3/16/2019 4:30,57
3831,3/16/2019 5:00,57
3832,3/16/2019 5:30,57
3833,3/16/2019 6:00,57
3834,3/16/2019 6:30,57
3835,3/16/2019 7:00,57
3836,3/16/2019 7:30,57
3837,3/16/2019 8:00,57
3838,3/16/2019 8:30,57
3839,3/16/2019 9:00,57
3840,3/16/2019 9:30,58
3841,3/16/2019 10:00,58
3842,3/16/2019 10:30,58
3843,3/16/2019 11:00,58
3844,3/16/2019 11:30,58
3845,3/16/2019 12:00,59
3846,3/16/2019 12:30,59
3847,3/16/2019 13:00,59
3848,3/16/2019 13:30,59
3849,3/16/2019 14:00,59
3850,3/16/2019 14:30,58
3851,3/16/2019 15:00,59
3852,3/16/2019 15:30,59
3853,3/16/2019 16:00,59
3854,3/16/2019 16:30,60
3855,3/16/2019 17:00,60
3856,3/16/2019 17:30,58
3857,3/16/2019 18:00,59
3858,3/16/2019 18:30,59
3859,3/16/2019 19:00,58
3860,3/16/2019 19:30,58
3861,3/16/2019 20:00,58
3862,3/16/2019 20:30,58
3863,3/16/2019 21:00,58
3864,3/16/2019 21:30,58
3865,3/16/2019 22:00,58
3866,3/16/2019 22:30,58
3867,3/16/2019 23:00,58
3868,3/16/2019 23:30,58
3869,3/17/2019 0:00,58
3870,3/17/2019 0:30,58
3871,3/17/2019 1:00,58
3872,3/17/2019 1:30,57
3873,3/17/2019 2:00,57
3874,3/17/2019 2:30,57
3875,3/17/2019 3:00,57
3876,3/17/2019 3:30,57
3877,3/17/2019 4:00,57
3878,3/17/2019 4:30,57
3879,3/17/2019 5:00,57
3880,3/17/2019 5:30,57
3881,3/17/2019 6:00,57
3882,3/17/2019 6:30,57
3883,3/17/2019 7:00,57
3884,3/17/2019 7:30,57
3885,3/17/2019 8:00,57
3886,3/17/2019 8:30,57
3887,3/17/2019 9:00,57
3888,3/17/2019 9:30,57
3889,3/17/2019 10:00,58
3890,3/17/2019 10:30,58
3891,3/17/2019 11:00,58
3892,3/17/2019 11:30,58
3893,3/17/2019 12:00,59
3894,3/17/2019 12:30,59
3895,3/17/2019 13:00,59
3896,3/17/2019 13:30,59
3897,3/17/2019 14:00,59
3898,3/17/2019 14:30,59
3899,3/17/2019 15:00,59
3900,3/17/2019 15:30,59
3901,3/17/2019 16:00,59
3902,3/17/2019 16:30,59
3903,3/17/2019 17:00,59
3904,3/17/2019 17:30,59
3905,3/17/2019 18:00,59
3906,3/17/2019 18:30,59
3907,3/17/2019 19:00,58
3908,3/17/2019 19:30,58
3909,3/17/2019 20:00,58
3910,3/17/2019 20:30,58
3911,3/17/2019 21:00,58
3912,3/17/2019 21:30,58
3913,3/17/2019 22:00,58
3914,3/17/2019 22:30,58
3915,3/17/2019 23:00,58
3916,3/17/2019 23:30,58
3917,3/18/2019 0:00,58
3918,3/18/2019 0:30,58
3919,3/18/2019 1:00,57
3920,3/18/2019 1:30,57
3921,3/18/2019 2:00,58
3922,3/18/2019 2:30,58
3923,3/18/2019 3:00,57
3924,3/18/2019 3:30,57
3925,3/18/2019 4:00,57
3926,3/18/2019 4:30,57
3927,3/18/2019 5:00,57
3928,3/18/2019 5:30,57
3929,3/18/2019 6:00,57
3930,3/18/2019 6:30,57
3931,3/18/2019 7:00,57
3932,3/18/2019 7:30,57
3933,3/18/2019 8:00,57
3934,3/18/2019 8:30,57
3935,3/18/2019 9:00,57
3936,3/18/2019 9:30,57
3937,3/18/2019 10:00,57
3938,3/18/2019 10:30,57
3939,3/18/2019 11:00,58
3940,3/18/2019 11:30,58
3941,3/18/2019 12:00,58
3942,3/18/2019 12:30,58
3943,3/18/2019 13:00,59
3944,3/18/2019 13:30,58
3945,3/18/2019 14:00,59
3946,3/18/2019 14:30,59
3947,3/18/2019 15:00,59
3948,3/18/2019 15:30,59
3949,3/18/2019 16:00,59
3950,3/18/2019 16:30,59
3951,3/18/2019 17:00,59
3952,3/18/2019 17:30,59
3953,3/18/2019 18:00,59
3954,3/18/2019 18:30,58
3955,3/18/2019 19:00,58
3956,3/18/2019 19:30,58
3957,3/18/2019 20:00,58
3958,3/18/2019 20:30,58
3959,3/18/2019 21:00,58
3960,3/18/2019 21:30,58
3961,3/18/2019 22:00,58
3962,3/18/2019 22:30,58
3963,3/18/2019 23:00,57
3964,3/18/2019 23:30,57
3965,3/19/2019 0:00,57
3966,3/19/2019 0:30,57
3967,3/19/2019 1:00,57
3968,3/19/2019 1:30,57
3969,3/19/2019 2:00,57
3970,3/19/2019 2:30,57
3971,3/19/2019 3:00,57
3972,3/19/2019 3:30,57
3973,3/19/2019 4:00,57
3974,3/19/2019 4:30,57
3975,3/19/2019 5:00,57
3976,3/19/2019 5:30,57
3977,3/19/2019 6:00,56
3978,3/19/2019 6:30,56
3979,3/19/2019 7:00,56
3980,3/19/2019 7:30,56
3981,3/19/2019 8:00,56
3982,3/19/2019 8:30,56
3983,3/19/2019 9:00,56
3984,3/19/2019 9:30,57
3985,3/19/2019 10:00,57
3986,3/19/2019 10:30,57
3987,3/19/2019 11:00,57
3988,3/19/2019 11:30,57
3989,3/19/2019 12:00,57
3990,3/19/2019 12:30,58
3991,3/19/2019 13:00,58
3992,3/19/2019 13:30,58
3993,3/19/2019 14:00,58
3994,3/19/2019 14:30,59
3995,3/19/2019 15:00,59
3996,3/19/2019 15:30,59
3997,3/19/2019 16:00,59
3998,3/19/2019 16:30,59
3999,3/19/2019 17:00,59
4000,3/19/2019 17:30,59
4001,3/19/2019 18:00,58
4002,3/19/2019 18:30,58
4003,3/19/2019 19:00,58
4004,3/19/2019 19:30,58
4005,3/19/2019 20:00,58
4006,3/19/2019 20:30,58
4007,3/19/2019 21:00,58
4008,3/19/2019 21:30,58
4009,3/19/2019 22:00,57
4010,3/19/2019 22:30,57
4011,3/19/2019 23:00,57
4012,3/19/2019 23:30,57
4013,3/20/2019 0:00,57
4014,3/20/2019 0:30,57
4015,3/20/2019 1:00,57
4016,3/20/2019 1:30,57
4017,3/20/2019 2:00,57
4018,3/20/2019 2:30,57
4019,3/20/2019 3:00,57
4020,3/20/2019 3:30,57
4021,3/20/2019 4:00,57
4022,3/20/2019 4:30,56
4023,3/20/2019 5:00,56
4024,3/20/2019 5:30,56
4025,3/20/2019 6:00,56
4026,3/20/2019 6:30,56
4027,3/20/2019 7:00,56
4028,3/20/2019 7:30,56
4029,3/20/2019 8:00,56
4030,3/20/2019 8:30,56
4031,3/20/2019 9:00,56
4032,3/20/2019 9:30,56
4033,3/20/2019 10:00,56
4034,3/20/2019 10:30,57
4035,3/20/2019 11:00,57
4036,3/20/2019 11:30,57
4037,3/20/2019 12:00,57
4038,3/20/2019 12:30,57
4039,3/20/2019 13:00,58
4040,3/20/2019 13:30,58
4041,3/20/2019 14:00,58
4042,3/20/2019 14:30,58
4043,3/20/2019 15:00,58
4044,3/20/2019 15:30,58
4045,3/20/2019 16:00,58
4046,3/20/2019 16:30,58
4047,3/20/2019 17:00,57
4048,3/20/2019 17:30,58
4049,3/20/2019 18:00,58
4050,3/20/2019 18:30,58
4051,3/20/2019 19:00,57
4052,3/20/2019 19:30,57
4053,3/20/2019 20:00,57
4054,3/20/2019 20:30,57
4055,3/20/2019 21:00,57
4056,3/20/2019 21:30,57
4057,3/20/2019 22:00,57
4058,3/20/2019 22:30,57
4059,3/20/2019 23:00,57
4060,3/20/2019 23:30,56
4061,3/21/2019 0:00,56
4062,3/21/2019 0:30,57
4063,3/21/2019 1:00,57
4064,3/21/2019 1:30,57
4065,3/21/2019 2:00,56
4066,3/21/2019 2:30,56
4067,3/21/2019 3:00,56
4068,3/21/2019 3:30,56
4069,3/21/2019 4:00,56
4070,3/21/2019 4:30,56
4071,3/21/2019 5:00,56
4072,3/21/2019 5:30,56
4073,3/21/2019 6:00,56
4074,3/21/2019 6:30,56
4075,3/21/2019 7:00,56
4076,3/21/2019 7:30,56
4077,3/21/2019 8:00,56
4078,3/21/2019 8:30,56
4079,3/21/2019 9:00,56
4080,3/21/2019 9:30,56
4081,3/21/2019 10:00,56
4082,3/21/2019 10:30,56
4083,3/21/2019 11:00,57
4084,3/21/2019 11:30,57
4085,3/21/2019 12:00,57
4086,3/21/2019 12:30,57
4087,3/21/2019 13:00,57
4088,3/21/2019 13:30,57
4089,3/21/2019 14:00,57
4090,3/21/2019 14:30,58
4091,3/21/2019 15:00,58
4092,3/21/2019 15:30,58
4093,3/21/2019 16:00,58
4094,3/21/2019 16:30,58
4095,3/21/2019 17:00,58
4096,3/21/2019 17:30,57
4097,3/21/2019 18:00,57
4098,3/21/2019 18:30,57
4099,3/21/2019 19:00,57
4100,3/21/2019 19:30,57
4101,3/21/2019 20:00,57
4102,3/21/2019 20:30,57
4103,3/21/2019 21:00,57
4104,3/21/2019 21:30,57
4105,3/21/2019 22:00,57
4106,3/21/2019 22:30,57
4107,3/21/2019 23:00,57
4108,3/21/2019 23:30,57
4109,3/22/2019 0:00,56
4110,3/22/2019 0:30,56
4111,3/22/2019 1:00,56
4112,3/22/2019 1:30,56
4113,3/22/2019 2:00,56
4114,3/22/2019 2:30,56
4115,3/22/2019 3:00,56
4116,3/22/2019 3:30,56
4117,3/22/2019 4:00,56
4118,3/22/2019 4:30,56
4119,3/22/2019 5:00,56
4120,3/22/2019 5:30,56
4121,3/22/2019 6:00,56
4122,3/22/2019 6:30,56
4123,3/22/2019 7:00,56
4124,3/22/2019 7:30,56
4125,3/22/2019 8:00,56
4126,3/22/2019 8:30,56
4127,3/22/2019 9:00,56
4128,3/22/2019 9:30,56
4129,3/22/2019 10:00,57
4130,3/22/2019 10:30,57
4131,3/22/2019 11:00,57
4132,3/22/2019 11:30,57
4133,3/22/2019 12:00,57
4134,3/22/2019 12:30,58
4135,3/22/2019 13:00,58
4136,3/22/2019 13:30,59
4137,3/22/2019 14:00,59
4138,3/22/2019 14:30,58
4139,3/22/2019 15:00,59
4140,3/22/2019 15:30,59
4141,3/22/2019 16:00,59
4142,3/22/2019 16:30,59
4143,3/22/2019 17:00,59
4144,3/22/2019 17:30,58
4145,3/22/2019 18:00,58
4146,3/22/2019 18:30,58
4147,3/22/2019 19:00,58
4148,3/22/2019 19:30,59
4149,3/22/2019 20:00,58
4150,3/22/2019 20:30,58
4151,3/22/2019 21:00,57
4152,3/22/2019 21:30,57
4153,3/22/2019 22:00,57
4154,3/22/2019 22:30,57
4155,3/22/2019 23:00,57
4156,3/22/2019 23:30,57
4157,3/23/2019 0:00,57
4158,3/23/2019 0:30,56
4159,3/23/2019 1:00,56
4160,3/23/2019 1:30,56
4161,3/23/2019 2:00,56
4162,3/23/2019 2:30,56
4163,3/23/2019 3:00,56
4164,3/23/2019 3:30,56
4165,3/23/2019 4:00,57
4166,3/23/2019 4:30,57
4167,3/23/2019 5:00,57
4168,3/23/2019 5:30,56
4169,3/23/2019 6:00,56
4170,3/23/2019 6:30,56
4171,3/23/2019 7:00,56
4172,3/23/2019 7:30,56
4173,3/23/2019 8:00,56
4174,3/23/2019 8:30,56
4175,3/23/2019 9:00,56
4176,3/23/2019 9:30,57
4177,3/23/2019 10:00,57
4178,3/23/2019 10:30,57
4179,3/23/2019 11:00,57
4180,3/23/2019 11:30,57
4181,3/23/2019 12:00,58
4182,3/23/2019 12:30,58
4183,3/23/2019 13:00,58
4184,3/23/2019 13:30,59
4185,3/23/2019 14:00,59
4186,3/23/2019 14:30,59
4187,3/23/2019 15:00,60
4188,3/23/2019 15:30,59
4189,3/23/2019 16:00,59
4190,3/23/2019 16:30,59
4191,3/23/2019 17:00,59
4192,3/23/2019 17:30,60
4193,3/23/2019 18:00,59
4194,3/23/2019 18:30,60
4195,3/23/2019 19:00,59
4196,3/23/2019 19:30,59
4197,3/23/2019 20:00,59
4198,3/23/2019 20:30,58
4199,3/23/2019 21:00,58
4200,3/23/2019 21:30,58
4201,3/23/2019 22:00,58
4202,3/23/2019 22:30,57
4203,3/23/2019 23:00,57
4204,3/23/2019 23:30,57
4205,3/24/2019 0:00,57
4206,3/24/2019 0:30,57
4207,3/24/2019 1:00,57
4208,3/24/2019 1:30,56
4209,3/24/2019 2:00,56
4210,3/24/2019 2:30,56
4211,3/24/2019 3:00,56
4212,3/24/2019 3:30,56
4213,3/24/2019 4:00,56
4214,3/24/2019 4:30,56
4215,3/24/2019 5:00,56
4216,3/24/2019 5:30,56
4217,3/24/2019 6:00,56
4218,3/24/2019 6:30,56
4219,3/24/2019 7:00,56
4220,3/24/2019 7:30,56
4221,3/24/2019 8:00,56
4222,3/24/2019 8:30,56
4223,3/24/2019 9:00,56
4224,3/24/2019 9:30,56
4225,3/24/2019 10:00,57
4226,3/24/2019 10:30,57
4227,3/24/2019 11:00,57
4228,3/24/2019 11:30,57
4229,3/24/2019 12:00,58
4230,3/24/2019 12:30,58
4231,3/24/2019 13:00,58
4232,3/24/2019 13:30,58
4233,3/24/2019 14:00,58
4234,3/24/2019 14:30,59
4235,3/24/2019 15:00,59
4236,3/24/2019 15:30,59
4237,3/24/2019 16:00,59
4238,3/24/2019 16:30,59
4239,3/24/2019 17:00,59
4240,3/24/2019 17:30,59
4241,3/24/2019 18:00,59
4242,3/24/2019 18:30,58
4243,3/24/2019 19:00,58
4244,3/24/2019 19:30,58
4245,3/24/2019 20:00,58
4246,3/24/2019 20:30,58
4247,3/24/2019 21:00,58
4248,3/24/2019 21:30,58
4249,3/24/2019 22:00,57
4250,3/24/2019 22:30,57
4251,3/24/2019 23:00,57
4252,3/24/2019 23:30,57
4253,3/25/2019 0:00,57
4254,3/25/2019 0:30,57
4255,3/25/2019 1:00,56
4256,3/25/2019 1:30,57
4257,3/25/2019 2:00,56
4258,3/25/2019 2:30,56
4259,3/25/2019 3:00,56
4260,3/25/2019 3:30,56
4261,3/25/2019 4:00,56
4262,3/25/2019 4:30,56
4263,3/25/2019 5:00,56
4264,3/25/2019 5:30,56
4265,3/25/2019 6:00,56
4266,3/25/2019 6:30,56
4267,3/25/2019 7:00,56
4268,3/25/2019 7:30,56
4269,3/25/2019 8:00,56
4270,3/25/2019 8:30,56
4271,3/25/2019 9:00,56
4272,3/25/2019 9:30,56
4273,3/25/2019 10:00,57
4274,3/25/2019 10:30,57
4275,3/25/2019 11:00,57
4276,3/25/2019 11:30,57
4277,3/25/2019 12:00,57
4278,3/25/2019 12:30,57
4279,3/25/2019 13:00,57
4280,3/25/2019 13:30,57
4281,3/25/2019 14:00,58
4282,3/25/2019 14:30,57
4283,3/25/2019 15:00,57
4284,3/25/2019 15:30,57
4285,3/25/2019 16:00,57
4286,3/25/2019 16:30,57
4287,3/25/2019 17:00,58
4288,3/25/2019 17:30,58
4289,3/25/2019 18:00,58
4290,3/25/2019 18:30,58
4291,3/25/2019 19:00,58
4292,3/25/2019 19:30,57
4293,3/25/2019 20:00,58
4294,3/25/2019 20:30,58
4295,3/25/2019 21:00,58
4296,3/25/2019 21:30,58
4297,3/25/2019 22:00,58
4298,3/25/2019 22:30,58
4299,3/25/2019 23:00,58
4300,3/25/2019 23:30,58
4301,3/26/2019 0:00,58
4302,3/26/2019 0:30,58
4303,3/26/2019 1:00,58
4304,3/26/2019 1:30,58
4305,3/26/2019 2:00,58
4306,3/26/2019 2:30,58
4307,3/26/2019 3:00,57
4308,3/26/2019 3:30,57
4309,3/26/2019 4:00,57
4310,3/26/2019 4:30,57
4311,3/26/2019 5:00,57
4312,3/26/2019 5:30,57
4313,3/26/2019 6:00,57
4314,3/26/2019 6:30,57
4315,3/26/2019 7:00,57
4316,3/26/2019 7:30,57
4317,3/26/2019 8:00,56
4318,3/26/2019 8:30,56
4319,3/26/2019 9:00,56
4320,3/26/2019 9:30,56
4321,3/26/2019 10:00,56
4322,3/26/2019 10:30,56
4323,3/26/2019 11:00,57
4324,3/26/2019 11:30,57
4325,3/26/2019 12:00,57
4326,3/26/2019 12:30,57
4327,3/26/2019 13:00,57
4328,3/26/2019 13:30,57
4329,3/26/2019 14:00,57
4330,3/26/2019 14:30,57
4331,3/26/2019 15:00,57
4332,3/26/2019 15:30,57
4333,3/26/2019 16:00,57
4334,3/26/2019 16:30,57
4335,3/26/2019 17:00,57
4336,3/26/2019 17:30,57
4337,3/26/2019 18:00,57
4338,3/26/2019 18:30,57
4339,3/26/2019 19:00,57
4340,3/26/2019 19:30,57
4341,3/26/2019 20:00,57
4342,3/26/2019 20:30,57
4343,3/26/2019 21:00,57
4344,3/26/2019 21:30,57
4345,3/26/2019 22:00,57
4346,3/26/2019 22:30,57
4347,3/26/2019 23:00,57
4348,3/26/2019 23:30,57
4349,3/27/2019 0:00,57
4350,3/27/2019 0:30,57
4351,3/27/2019 1:00,56
4352,3/27/2019 1:30,56
4353,3/27/2019 2:00,56
4354,3/27/2019 2:30,56
4355,3/27/2019 3:00,56
4356,3/27/2019 3:30,56
4357,3/27/2019 4:00,56
4358,3/27/2019 4:30,56
4359,3/27/2019 5:00,56
4360,3/27/2019 5:30,56
4361,3/27/2019 6:00,56
4362,3/27/2019 6:30,56
4363,3/27/2019 7:00,56
4364,3/27/2019 7:30,56
4365,3/27/2019 8:00,56
4366,3/27/2019 8:30,56
4367,3/27/2019 9:00,56
4368,3/27/2019 9:30,56
4369,3/27/2019 10:00,55
4370,3/27/2019 10:30,55
4371,3/27/2019 11:00,55
4372,3/27/2019 11:30,55
4373,3/27/2019 12:00,55
4374,3/27/2019 12:30,55
4375,3/27/2019 13:00,55
4376,3/27/2019 13:30,55
4377,3/27/2019 14:00,55
4378,3/27/2019 14:30,55
4379,3/27/2019 15:00,55
4380,3/27/2019 15:30,55
4381,3/27/2019 16:00,55
4382,3/27/2019 16:30,55
4383,3/27/2019 17:00,55
4384,3/27/2019 17:30,55
4385,3/27/2019 18:00,55
4386,3/27/2019 18:30,55
4387,3/27/2019 19:00,55
4388,3/27/2019 19:30,55
4389,3/27/2019 20:00,55
4390,3/27/2019 20:30,55
4391,3/27/2019 21:00,55
4392,3/27/2019 21:30,55
4393,3/27/2019 22:00,55
4394,3/27/2019 22:30,55
4395,3/27/2019 23:00,55
4396,3/27/2019 23:30,55
4397,3/28/2019 0:00,55
4398,3/28/2019 0:30,55
4399,3/28/2019 1:00,55
4400,3/28/2019 1:30,55
4401,3/28/2019 2:00,55
4402,3/28/2019 2:30,55
4403,3/28/2019 3:00,55
4404,3/28/2019 3:30,55
4405,3/28/2019 4:00,55
4406,3/28/2019 4:30,55
4407,3/28/2019 5:00,55
4408,3/28/2019 5:30,55
4409,3/28/2019 6:00,55
4410,3/28/2019 6:30,55
4411,3/28/2019 7:00,55
4412,3/28/2019 7:30,55
4413,3/28/2019 8:00,55
4414,3/28/2019 8:30,55
4415,3/28/2019 9:00,55
4416,3/28/2019 9:30,55
4417,3/28/2019 10:00,56
4418,3/28/2019 10:30,56
4419,3/28/2019 11:00,56
4420,3/28/2019 11:30,56
4421,3/28/2019 12:00,56
4422,3/28/2019 12:30,56
4423,3/28/2019 13:00,56
4424,3/28/2019 13:30,56
4425,3/28/2019 14:00,56
4426,3/28/2019 14:30,56
4427,3/28/2019 15:00,57
4428,3/28/2019 15:30,57
4429,3/28/2019 16:00,57
4430,3/28/2019 16:30,57
4431,3/28/2019 17:00,57
4432,3/28/2019 17:30,57
4433,3/28/2019 18:00,57
4434,3/28/2019 18:30,57
4435,3/28/2019 19:00,57
4436,3/28/2019 19:30,57
4437,3/28/2019 20:00,57
4438,3/28/2019 20:30,57
4439,3/28/2019 21:00,57
4440,3/28/2019 21:30,57
4441,3/28/2019 22:00,57
4442,3/28/2019 22:30,57
4443,3/28/2019 23:00,57
4444,3/28/2019 23:30,57
4445,3/29/2019 0:00,57
4446,3/29/2019 0:30,57
4447,3/29/2019 1:00,56
4448,3/29/2019 1:30,56
4449,3/29/2019 2:00,56
4450,3/29/2019 2:30,56
4451,3/29/2019 3:00,56
4452,3/29/2019 3:30,56
4453,3/29/2019 4:00,56
4454,3/29/2019 4:30,56
4455,3/29/2019 5:00,56
4456,3/29/2019 5:30,56
4457,3/29/2019 6:00,56
4458,3/29/2019 6:30,56
4459,3/29/2019 7:00,57
4460,3/29/2019 7:30,56
4461,3/29/2019 8:00,57
4462,3/29/2019 8:30,57
4463,3/29/2019 9:00,57
4464,3/29/2019 9:30,57
4465,3/29/2019 10:00,57
4466,3/29/2019 10:30,57
4467,3/29/2019 11:00,57
4468,3/29/2019 11:30,58
4469,3/29/2019 12:00,58
4470,3/29/2019 12:30,58
4471,3/29/2019 13:00,58
4472,3/29/2019 13:30,58
4473,3/29/2019 14:00,58
4474,3/29/2019 14:30,59
4475,3/29/2019 15:00,59
4476,3/29/2019 15:30,59
4477,3/29/2019 16:00,59
4478,3/29/2019 16:30,59
4479,3/29/2019 17:00,59
4480,3/29/2019 17:30,58
4481,3/29/2019 18:00,58
4482,3/29/2019 18:30,58
4483,3/29/2019 19:00,58
4484,3/29/2019 19:30,58
4485,3/29/2019 20:00,58
4486,3/29/2019 20:30,58
4487,3/29/2019 21:00,58
4488,3/29/2019 21:30,57
4489,3/29/2019 22:00,58
4490,3/29/2019 22:30,58
4491,3/29/2019 23:00,57
4492,3/29/2019 23:30,57
4493,3/30/2019 0:00,57
4494,3/30/2019 0:30,57
4495,3/30/2019 1:00,57
4496,3/30/2019 1:30,57
4497,3/30/2019 2:00,57
4498,3/30/2019 2:30,57
4499,3/30/2019 3:00,57
4500,3/30/2019 3:30,57
4501,3/30/2019 4:00,57
4502,3/30/2019 4:30,57
4503,3/30/2019 5:00,57
4504,3/30/2019 5:30,57
4505,3/30/2019 6:00,57
4506,3/30/2019 6:30,56
4507,3/30/2019 7:00,56
4508,3/30/2019 7:30,56
4509,3/30/2019 8:00,56
4510,3/30/2019 8:30,57
4511,3/30/2019 9:00,57
4512,3/30/2019 9:30,57
4513,3/30/2019 10:00,57
4514,3/30/2019 10:30,57
4515,3/30/2019 11:00,57
4516,3/30/2019 11:30,57
4517,3/30/2019 12:00,58
4518,3/30/2019 12:30,58
4519,3/30/2019 13:00,58
4520,3/30/2019 13:30,57
4521,3/30/2019 14:00,58
4522,3/30/2019 14:30,58
4523,3/30/2019 15:00,57
4524,3/30/2019 15:30,57
4525,3/30/2019 16:00,57
4526,3/30/2019 16:30,58
4527,3/30/2019 17:00,57
4528,3/30/2019 17:30,57
4529,3/30/2019 18:00,57
4530,3/30/2019 18:30,57
4531,3/30/2019 19:00,57
4532,3/30/2019 19:30,57
4533,3/30/2019 20:00,57
4534,3/30/2019 20:30,57
4535,3/30/2019 21:00,57
4536,3/30/2019 21:30,57
4537,3/30/2019 22:00,57
4538,3/30/2019 22:30,57
4539,3/30/2019 23:00,57
4540,3/30/2019 23:30,57
4541,3/31/2019 0:00,57
4542,3/31/2019 0:30,57
4543,3/31/2019 1:00,57
4544,3/31/2019 1:30,57
4545,3/31/2019 2:00,57
4546,3/31/2019 2:30,57
4547,3/31/2019 3:00,57
4548,3/31/2019 3:30,57
4549,3/31/2019 4:00,57
4550,3/31/2019 4:30,57
4551,3/31/2019 5:00,57
4552,3/31/2019 5:30,57
4553,3/31/2019 6:00,57
4554,3/31/2019 6:30,57
4555,3/31/2019 7:00,57
4556,3/31/2019 7:30,57
4557,3/31/2019 8:00,57
4558,3/31/2019 8:30,57
4559,3/31/2019 9:00,57
4560,3/31/2019 9:30,57
4561,3/31/2019 10:00,57
4562,3/31/2019 10:30,57
4563,3/31/2019 11:00,57
4564,3/31/2019 11:30,57
4565,3/31/2019 12:00,57
4566,3/31/2019 12:30,57
4567,3/31/2019 13:00,57
4568,3/31/2019 13:30,57
4569,3/31/2019 14:00,58
4570,3/31/2019 14:30,58
4571,3/31/2019 15:00,58
4572,3/31/2019 15:30,58
4573,3/31/2019 16:00,58
4574,3/31/2019 16:30,58
4575,3/31/2019 17:00,58
4576,3/31/2019 17:30,58
4577,3/31/2019 18:00,58
4578,3/31/2019 18:30,58
4579,3/31/2019 19:00,58
4580,3/31/2019 19:30,58
4581,3/31/2019 20:00,58
4582,3/31/2019 20:30,58
4583,3/31/2019 21:00,58
4584,3/31/2019 21:30,57
4585,3/31/2019 22:00,57
4586,3/31/2019 22:30,57
4587,3/31/2019 23:00,57
4588,3/31/2019 23:30,57
4589,1/4/2019 0:00,57
4590,1/4/2019 0:30,57
4591,1/4/2019 1:00,57
4592,1/4/2019 1:30,57
4593,1/4/2019 2:00,57
4594,1/4/2019 2:30,57
4595,1/4/2019 3:00,57
4596,1/4/2019 3:30,57
4597,1/4/2019 4:00,57
4598,1/4/2019 4:30,57
4599,1/4/2019 5:00,57
4600,1/4/2019 5:30,57
4601,1/4/2019 6:00,57
4602,1/4/2019 6:30,57
4603,1/4/2019 7:00,57
4604,1/4/2019 7:30,57
4605,1/4/2019 8:00,57
4606,1/4/2019 8:30,57
4607,1/4/2019 9:00,57
4608,1/4/2019 9:30,57
4609,1/4/2019 10:00,57
4610,1/4/2019 10:30,57
4611,1/4/2019 11:00,57
4612,1/4/2019 11:30,58
4613,1/4/2019 12:00,58
4614,1/4/2019 12:30,58
4615,1/4/2019 13:00,58
4616,1/4/2019 13:30,58
4617,1/4/2019 14:00,58
4618,1/4/2019 14:30,59
4619,1/4/2019 15:00,59
4620,1/4/2019 15:30,59
4621,1/4/2019 16:00,59
4622,1/4/2019 16:30,59
4623,1/4/2019 17:00,59
4624,1/4/2019 17:30,59
4625,1/4/2019 18:00,59
4626,1/4/2019 18:30,59
4627,1/4/2019 19:00,59
4628,1/4/2019 19:30,59
4629,1/4/2019 20:00,59
4630,1/4/2019 20:30,59
4631,1/4/2019 21:00,58
4632,1/4/2019 21:30,58
4633,1/4/2019 22:00,58
4634,1/4/2019 22:30,58
4635,1/4/2019 23:00,58
4636,1/4/2019 23:30,58
4637,2/4/2019 0:00,58
4638,2/4/2019 0:30,58
4639,2/4/2019 1:00,58
4640,2/4/2019 1:30,58
4641,2/4/2019 2:00,58
4642,2/4/2019 2:30,58
4643,2/4/2019 3:00,58
4644,2/4/2019 3:30,58
4645,2/4/2019 4:00,58
4646,2/4/2019 4:30,58
4647,2/4/2019 5:00,58
4648,2/4/2019 5:30,58
4649,2/4/2019 6:00,58
4650,2/4/2019 6:30,57
4651,2/4/2019 7:00,57
4652,2/4/2019 7:30,57
4653,2/4/2019 8:00,57
4654,2/4/2019 8:30,58
4655,2/4/2019 9:00,58
4656,2/4/2019 9:30,58
4657,2/4/2019 10:00,58
4658,2/4/2019 10:30,58
4659,2/4/2019 11:00,58
4660,2/4/2019 11:30,59
4661,2/4/2019 12:00,59
4662,2/4/2019 12:30,59
4663,2/4/2019 13:00,60
4664,2/4/2019 13:30,60
4665,2/4/2019 14:00,60
4666,2/4/2019 14:30,60
4667,2/4/2019 15:00,61
4668,2/4/2019 15:30,60
4669,2/4/2019 16:00,61
4670,2/4/2019 16:30,60
4671,2/4/2019 17:00,61
4672,2/4/2019 17:30,60
4673,2/4/2019 18:00,60
4674,2/4/2019 18:30,60
4675,2/4/2019 19:00,60
4676,2/4/2019 19:30,60
4677,2/4/2019 20:00,60
4678,2/4/2019 20:30,59
4679,2/4/2019 21:00,59
4680,2/4/2019 21:30,59
4681,2/4/2019 22:00,58
4682,2/4/2019 22:30,58
4683,2/4/2019 23:00,58
4684,2/4/2019 23:30,58
4685,3/4/2019 0:00,58
4686,3/4/2019 0:30,58
4687,3/4/2019 1:00,58
4688,3/4/2019 1:30,58
4689,3/4/2019 2:00,58
4690,3/4/2019 2:30,58
4691,3/4/2019 3:00,58
4692,3/4/2019 3:30,58
4693,3/4/2019 4:00,58
4694,3/4/2019 4:30,58
4695,3/4/2019 5:00,58
4696,3/4/2019 5:30,58
4697,3/4/2019 6:00,58
4698,3/4/2019 6:30,58
4699,3/4/2019 7:00,58
4700,3/4/2019 7:30,58
4701,3/4/2019 8:00,58
4702,3/4/2019 8:30,58
4703,3/4/2019 9:00,58
4704,3/4/2019 9:30,58
4705,3/4/2019 10:00,58
4706,3/4/2019 10:30,58
4707,3/4/2019 11:00,58
4708,3/4/2019 11:30,58
4709,3/4/2019 12:00,58
4710,3/4/2019 12:30,58
4711,3/4/2019 13:00,58
4712,3/4/2019 13:30,58
4713,3/4/2019 14:00,58
4714,3/4/2019 14:30,58
4715,3/4/2019 15:00,58
4716,3/4/2019 15:30,58
4717,3/4/2019 16:00,58
4718,3/4/2019 16:30,58
4719,3/4/2019 17:00,58
4720,3/4/2019 17:30,58
4721,3/4/2019 18:00,58
4722,3/4/2019 18:30,58
4723,3/4/2019 19:00,58
4724,3/4/2019 19:30,58
4725,3/4/2019 20:00,58
4726,3/4/2019 20:30,58
4727,3/4/2019 21:00,58
4728,3/4/2019 21:30,58
4729,3/4/2019 22:00,58
4730,3/4/2019 22:30,58
4731,3/4/2019 23:00,58
4732,3/4/2019 23:30,58
4733,4/4/2019 0:00,58
4734,4/4/2019 0:30,58
4735,4/4/2019 1:00,58
4736,4/4/2019 1:30,58
4737,4/4/2019 2:00,58
4738,4/4/2019 2:30,58
4739,4/4/2019 3:00,58
4740,4/4/2019 3:30,57
4741,4/4/2019 4:00,57
4742,4/4/2019 4:30,57
4743,4/4/2019 5:00,57
4744,4/4/2019 5:30,57
4745,4/4/2019 6:00,57
4746,4/4/2019 6:30,57
4747,4/4/2019 7:00,57
4748,4/4/2019 7:30,57
4749,4/4/2019 8:00,57
4750,4/4/2019 8:30,57
4751,4/4/2019 9:00,57
4752,4/4/2019 9:30,57
4753,4/4/2019 10:00,57
4754,4/4/2019 10:30,57
4755,4/4/2019 11:00,58
4756,4/4/2019 11:30,58
4757,4/4/2019 12:00,58
4758,4/4/2019 12:30,58
4759,4/4/2019 13:00,58
4760,4/4/2019 13:30,59
4761,4/4/2019 14:00,59
4762,4/4/2019 14:30,59
4763,4/4/2019 15:00,59
4764,4/4/2019 15:30,59
4765,4/4/2019 16:00,59
4766,4/4/2019 16:30,59
4767,4/4/2019 17:00,59
4768,4/4/2019 17:30,59
4769,4/4/2019 18:00,59
4770,4/4/2019 18:30,59
4771,4/4/2019 19:00,58
4772,4/4/2019 19:30,58
4773,4/4/2019 20:00,58
4774,4/4/2019 20:30,58
4775,4/4/2019 21:00,58
4776,4/4/2019 21:30,58
4777,4/4/2019 22:00,57
4778,4/4/2019 22:30,57
4779,4/4/2019 23:00,57
4780,4/4/2019 23:30,57
4781,5/4/2019 0:00,57
4782,5/4/2019 0:30,57
4783,5/4/2019 1:00,57
4784,5/4/2019 1:30,57
4785,5/4/2019 2:00,57
4786,5/4/2019 2:30,57
4787,5/4/2019 3:00,57
4788,5/4/2019 3:30,57
4789,5/4/2019 4:00,57
4790,5/4/2019 4:30,57
4791,5/4/2019 5:00,57
4792,5/4/2019 5:30,57
4793,5/4/2019 6:00,57
4794,5/4/2019 6:30,57
4795,5/4/2019 7:00,57
4796,5/4/2019 7:30,57
4797,5/4/2019 8:00,57
4798,5/4/2019 8:30,57
4799,5/4/2019 9:00,57
4800,5/4/2019 9:30,57
4801,5/4/2019 10:00,57
4802,5/4/2019 10:30,57
4803,5/4/2019 11:00,57
4804,5/4/2019 11:30,58
4805,5/4/2019 12:00,58
4806,5/4/2019 12:30,58
4807,5/4/2019 13:00,58
4808,5/4/2019 13:30,58
4809,5/4/2019 14:00,58
4810,5/4/2019 14:30,58
4811,5/4/2019 15:00,58
4812,5/4/2019 15:30,58
4813,5/4/2019 16:00,58
4814,5/4/2019 16:30,58
4815,5/4/2019 17:00,58
4816,5/4/2019 17:30,57
4817,5/4/2019 18:00,58
4818,5/4/2019 18:30,57
4819,5/4/2019 19:00,57
4820,5/4/2019 19:30,58
4821,5/4/2019 20:00,58
4822,5/4/2019 20:30,58
4823,5/4/2019 21:00,58
4824,5/4/2019 21:30,57
4825,5/4/2019 22:00,57
4826,5/4/2019 22:30,57
4827,5/4/2019 23:00,57
4828,5/4/2019 23:30,57
4829,6/4/2019 0:00,57
4830,6/4/2019 0:30,57
4831,6/4/2019 1:00,57
4832,6/4/2019 1:30,57
4833,6/4/2019 2:00,57
4834,6/4/2019 2:30,57
4835,6/4/2019 3:00,57
4836,6/4/2019 3:30,57
4837,6/4/2019 4:00,57
4838,6/4/2019 4:30,57
4839,6/4/2019 5:00,57
4840,6/4/2019 5:30,57
4841,6/4/2019 6:00,57
4842,6/4/2019 6:30,57
4843,6/4/2019 7:00,57
4844,6/4/2019 7:30,57
4845,6/4/2019 8:00,57
4846,6/4/2019 8:30,57
4847,6/4/2019 9:00,57
4848,6/4/2019 9:30,57
4849,6/4/2019 10:00,57
4850,6/4/2019 10:30,57
4851,6/4/2019 11:00,57
4852,6/4/2019 11:30,58
4853,6/4/2019 12:00,58
4854,6/4/2019 12:30,58
4855,6/4/2019 13:00,58
4856,6/4/2019 13:30,58
4857,6/4/2019 14:00,59
4858,6/4/2019 14:30,59
4859,6/4/2019 15:00,58
4860,6/4/2019 15:30,59
4861,6/4/2019 16:00,59
4862,6/4/2019 16:30,58
4863,6/4/2019 17:00,58
4864,6/4/2019 17:30,58
4865,6/4/2019 18:00,58
4866,6/4/2019 18:30,58
4867,6/4/2019 19:00,58
4868,6/4/2019 19:30,58
4869,6/4/2019 20:00,58
4870,6/4/2019 20:30,58
4871,6/4/2019 21:00,58
4872,6/4/2019 21:30,58
4873,6/4/2019 22:00,58
4874,6/4/2019 22:30,58
4875,6/4/2019 23:00,58
4876,6/4/2019 23:30,58
4877,7/4/2019 0:00,58
4878,7/4/2019 0:30,58
4879,7/4/2019 1:00,58
4880,7/4/2019 1:30,58
4881,7/4/2019 2:00,58
4882,7/4/2019 2:30,58
4883,7/4/2019 3:00,58
4884,7/4/2019 3:30,58
4885,7/4/2019 4:00,58
4886,7/4/2019 4:30,58
4887,7/4/2019 5:00,57
4888,7/4/2019 5:30,57
4889,7/4/2019 6:00,57
4890,7/4/2019 6:30,57
4891,7/4/2019 7:00,57
4892,7/4/2019 7:30,57
4893,7/4/2019 8:00,57
4894,7/4/2019 8:30,57
4895,7/4/2019 9:00,57
4896,7/4/2019 9:30,57
4897,7/4/2019 10:00,58
4898,7/4/2019 10:30,58
4899,7/4/2019 11:00,58
4900,7/4/2019 11:30,58
4901,7/4/2019 12:00,58
4902,7/4/2019 12:30,59
4903,7/4/2019 13:00,59
4904,7/4/2019 13:30,59
4905,7/4/2019 14:00,59
4906,7/4/2019 14:30,59
4907,7/4/2019 15:00,59
4908,7/4/2019 15:30,59
4909,7/4/2019 16:00,58
4910,7/4/2019 16:30,58
4911,7/4/2019 17:00,58
4912,7/4/2019 17:30,58
4913,7/4/2019 18:00,58
4914,7/4/2019 18:30,58
4915,7/4/2019 19:00,58
4916,7/4/2019 19:30,58
4917,7/4/2019 20:00,58
4918,7/4/2019 20:30,58
4919,7/4/2019 21:00,58
4920,7/4/2019 21:30,58
4921,7/4/2019 22:00,58
4922,7/4/2019 22:30,58
4923,7/4/2019 23:00,58
4924,7/4/2019 23:30,58
4925,8/4/2019 0:00,58
4926,8/4/2019 0:30,58
4927,8/4/2019 1:00,58
4928,8/4/2019 1:30,58
4929,8/4/2019 2:00,58
4930,8/4/2019 2:30,58
4931,8/4/2019 3:00,58
4932,8/4/2019 3:30,58
4933,8/4/2019 4:00,58
4934,8/4/2019 4:30,58
4935,8/4/2019 5:00,58
4936,8/4/2019 5:30,58
4937,8/4/2019 6:00,58
4938,8/4/2019 6:30,58
4939,8/4/2019 7:00,58
4940,8/4/2019 7:30,58
4941,8/4/2019 8:00,58
4942,8/4/2019 8:30,58
4943,8/4/2019 9:00,58
4944,8/4/2019 9:30,58
4945,8/4/2019 10:00,58
4946,8/4/2019 10:30,58
4947,8/4/2019 11:00,58
4948,8/4/2019 11:30,58
4949,8/4/2019 12:00,58
4950,8/4/2019 12:30,58
4951,8/4/2019 13:00,58
4952,8/4/2019 13:30,58
4953,8/4/2019 14:00,58
4954,8/4/2019 14:30,58
4955,8/4/2019 15:00,58
4956,8/4/2019 15:30,57
4957,8/4/2019 16:00,57
4958,8/4/2019 16:30,57
4959,8/4/2019 17:00,57
4960,8/4/2019 17:30,57
4961,8/4/2019 18:00,56
4962,8/4/2019 18:30,56
4963,8/4/2019 19:00,56
4964,8/4/2019 19:30,56
4965,8/4/2019 20:00,56
4966,8/4/2019 20:30,56
4967,8/4/2019 21:00,56
4968,8/4/2019 21:30,56
4969,8/4/2019 22:00,56
4970,8/4/2019 22:30,56
4971,8/4/2019 23:00,56
4972,8/4/2019 23:30,56
4973,9/4/2019 0:00,56
4974,9/4/2019 0:30,56
4975,9/4/2019 1:00,56
4976,9/4/2019 1:30,56
4977,9/4/2019 2:00,56
4978,9/4/2019 2:30,56
4979,9/4/2019 3:00,56
4980,9/4/2019 3:30,56
4981,9/4/2019 4:00,56
4982,9/4/2019 4:30,55
4983,9/4/2019 5:00,55
4984,9/4/2019 5:30,55
4985,9/4/2019 6:00,55
4986,9/4/2019 6:30,55
4987,9/4/2019 7:00,55
4988,9/4/2019 7:30,55
4989,9/4/2019 8:00,55
4990,9/4/2019 8:30,55
4991,9/4/2019 9:00,56
4992,9/4/2019 9:30,56
4993,9/4/2019 10:00,56
4994,9/4/2019 10:30,56
4995,9/4/2019 11:00,56
4996,9/4/2019 11:30,56
4997,9/4/2019 12:00,56
4998,9/4/2019 12:30,56
4999,9/4/2019 13:00,57
5000,9/4/2019 13:30,57
5001,9/4/2019 14:00,57
5002,9/4/2019 14:30,57
5003,9/4/2019 15:00,57
5004,9/4/2019 15:30,57
5005,9/4/2019 16:00,57
5006,9/4/2019 16:30,56
5007,9/4/2019 17:00,56
5008,9/4/2019 17:30,56
5009,9/4/2019 18:00,56
5010,9/4/2019 18:30,56
5011,9/4/2019 19:00,57
5012,9/4/2019 19:30,56
5013,9/4/2019 20:00,57
5014,9/4/2019 20:30,57
5015,9/4/2019 21:00,57
5016,9/4/2019 21:30,57
5017,9/4/2019 22:00,57
5018,9/4/2019 22:30,57
5019,9/4/2019 23:00,57
5020,9/4/2019 23:30,57
5021,10/4/2019 0:00,57
5022,10/4/2019 0:30,57
5023,10/4/2019 1:00,57
5024,10/4/2019 1:30,57
5025,10/4/2019 2:00,57
5026,10/4/2019 2:30,57
5027,10/4/2019 3:00,57
5028,10/4/2019 3:30,57
5029,10/4/2019 4:00,57
5030,10/4/2019 4:30,57
5031,10/4/2019 5:00,57
5032,10/4/2019 5:30,57
5033,10/4/2019 6:00,57
5034,10/4/2019 6:30,57
5035,10/4/2019 7:00,57
5036,10/4/2019 7:30,57
5037,10/4/2019 8:00,57
5038,10/4/2019 8:30,57
5039,10/4/2019 9:00,57
5040,10/4/2019 9:30,57
5041,10/4/2019 10:00,57
5042,10/4/2019 10:30,57
5043,10/4/2019 11:00,58
5044,10/4/2019 11:30,58
5045,10/4/2019 12:00,58
5046,10/4/2019 12:30,58
5047,10/4/2019 13:00,58
5048,10/4/2019 13:30,58
5049,10/4/2019 14:00,59
5050,10/4/2019 14:30,59
5051,10/4/2019 15:00,59
5052,10/4/2019 15:30,59
5053,10/4/2019 16:00,59
5054,10/4/2019 16:30,59
5055,10/4/2019 17:00,59
5056,10/4/2019 17:30,59
5057,10/4/2019 18:00,59
5058,10/4/2019 18:30,59
5059,10/4/2019 19:00,59
5060,10/4/2019 19:30,59
5061,10/4/2019 20:00,59
5062,10/4/2019 20:30,58
5063,10/4/2019 21:00,58
5064,10/4/2019 21:30,58
5065,10/4/2019 22:00,58
5066,10/4/2019 22:30,58
5067,10/4/2019 23:00,58
5068,10/4/2019 23:30,58
5069,11/4/2019 0:00,58
5070,11/4/2019 0:30,58
5071,11/4/2019 1:00,58
5072,11/4/2019 1:30,57
5073,11/4/2019 2:00,57
5074,11/4/2019 2:30,57
5075,11/4/2019 3:00,57
5076,11/4/2019 3:30,57
5077,11/4/2019 4:00,57
5078,11/4/2019 4:30,57
5079,11/4/2019 5:00,57
5080,11/4/2019 5:30,57
5081,11/4/2019 6:00,57
5082,11/4/2019 6:30,57
5083,11/4/2019 7:00,57
5084,11/4/2019 7:30,57
5085,11/4/2019 8:00,57
5086,11/4/2019 8:30,57
5087,11/4/2019 9:00,57
5088,11/4/2019 9:30,57
5089,11/4/2019 10:00,57
5090,11/4/2019 10:30,57
5091,11/4/2019 11:00,57
5092,11/4/2019 11:30,57
5093,11/4/2019 12:00,58
5094,11/4/2019 12:30,58
5095,11/4/2019 13:00,58
5096,11/4/2019 13:30,58
5097,11/4/2019 14:00,58
5098,11/4/2019 14:30,58
5099,11/4/2019 15:00,58
5100,11/4/2019 15:30,58
5101,11/4/2019 16:00,57
5102,11/4/2019 16:30,58
5103,11/4/2019 17:00,58
5104,11/4/2019 17:30,57
5105,11/4/2019 18:00,57
5106,11/4/2019 18:30,57
5107,11/4/2019 19:00,57
5108,11/4/2019 19:30,57
5109,11/4/2019 20:00,57
5110,11/4/2019 20:30,57
5111,11/4/2019 21:00,57
5112,11/4/2019 21:30,57
5113,11/4/2019 22:00,57
5114,11/4/2019 22:30,57
5115,11/4/2019 23:00,57
5116,11/4/2019 23:30,57
5117,12/4/2019 0:00,57
5118,12/4/2019 0:30,57
5119,12/4/2019 1:00,57
5120,12/4/2019 1:30,57
5121,12/4/2019 2:00,57
5122,12/4/2019 2:30,57
5123,12/4/2019 3:00,57
5124,12/4/2019 3:30,57
5125,12/4/2019 4:00,57
5126,12/4/2019 4:30,57
5127,12/4/2019 5:00,57
5128,12/4/2019 5:30,57
5129,12/4/2019 6:00,56
5130,12/4/2019 6:30,56
5131,12/4/2019 7:00,56
5132,12/4/2019 7:30,56
5133,12/4/2019 8:00,56
5134,12/4/2019 8:30,56
5135,12/4/2019 9:00,56
5136,12/4/2019 9:30,56
5137,12/4/2019 10:00,56
5138,12/4/2019 10:30,57
5139,12/4/2019 11:00,57
5140,12/4/2019 11:30,57
5141,12/4/2019 12:00,57
5142,12/4/2019 12:30,57
5143,12/4/2019 13:00,57
5144,12/4/2019 13:30,57
5145,12/4/2019 14:00,57
5146,12/4/2019 14:30,57
5147,12/4/2019 15:00,57
5148,12/4/2019 15:30,57
5149,12/4/2019 16:00,57
5150,12/4/2019 16:30,57
5151,12/4/2019 17:00,57
5152,12/4/2019 17:30,57
5153,12/4/2019 18:00,57
5154,12/4/2019 18:30,57
5155,12/4/2019 19:00,57
5156,12/4/2019 19:30,57
5157,12/4/2019 20:00,57
5158,12/4/2019 20:30,57
5159,12/4/2019 21:00,57
5160,12/4/2019 21:30,57
5161,12/4/2019 22:00,57
5162,12/4/2019 22:30,57
5163,12/4/2019 23:00,57
5164,12/4/2019 23:30,57
5165,4/13/2019 0:00,56
5166,4/13/2019 0:30,56
5167,4/13/2019 1:00,56
5168,4/13/2019 1:30,56
5169,4/13/2019 2:00,56
5170,4/13/2019 2:30,56
5171,4/13/2019 3:00,56
5172,4/13/2019 3:30,56
5173,4/13/2019 4:00,56
5174,4/13/2019 4:30,56
5175,4/13/2019 5:00,56
5176,4/13/2019 5:30,56
5177,4/13/2019 6:00,56
5178,4/13/2019 6:30,56
5179,4/13/2019 7:00,56
5180,4/13/2019 7:30,56
5181,4/13/2019 8:00,56
5182,4/13/2019 8:30,56
5183,4/13/2019 9:00,56
5184,4/13/2019 9:30,56
5185,4/13/2019 10:00,56
5186,4/13/2019 10:30,60
5187,4/13/2019 11:00,57
5188,4/13/2019 11:30,57
5189,4/13/2019 12:00,57
5190,4/13/2019 12:30,57
5191,4/13/2019 13:00,57
5192,4/13/2019 13:30,57
5193,4/13/2019 14:00,57
5194,4/13/2019 14:30,57
5195,4/13/2019 15:00,57
5196,4/13/2019 15:30,57
5197,4/13/2019 16:00,57
5198,4/13/2019 16:30,57
5199,4/13/2019 17:00,56
5200,4/13/2019 17:30,56
5201,4/13/2019 18:00,56
5202,4/13/2019 18:30,56
5203,4/13/2019 19:00,56
5204,4/13/2019 19:30,56
5205,4/13/2019 20:00,55
5206,4/13/2019 20:30,55
5207,4/13/2019 21:00,55
5208,4/13/2019 21:30,55
5209,4/13/2019 22:00,55
5210,4/13/2019 22:30,55
5211,4/13/2019 23:00,55
5212,4/13/2019 23:30,55
5213,4/14/2019 0:00,55
5214,4/14/2019 0:30,55
5215,4/14/2019 1:00,55
5216,4/14/2019 1:30,55
5217,4/14/2019 2:00,55
5218,4/14/2019 2:30,55
5219,4/14/2019 3:00,55
5220,4/14/2019 3:30,55
5221,4/14/2019 4:00,55
5222,4/14/2019 4:30,55
5223,4/14/2019 5:00,55
5224,4/14/2019 5:30,55
5225,4/14/2019 6:00,55
5226,4/14/2019 6:30,55
5227,4/14/2019 7:00,55
5228,4/14/2019 7:30,55
5229,4/14/2019 8:00,55
5230,4/14/2019 8:30,55
5231,4/14/2019 9:00,55
5232,4/14/2019 9:30,55
5233,4/14/2019 10:00,56
5234,4/14/2019 10:30,56
5235,4/14/2019 11:00,56
5236,4/14/2019 11:30,56
5237,4/14/2019 12:00,56
5238,4/14/2019 12:30,56
5239,4/14/2019 13:00,56
5240,4/14/2019 13:30,57
5241,4/14/2019 14:00,57
5242,4/14/2019 14:30,57
5243,4/14/2019 15:00,57
5244,4/14/2019 15:30,57
5245,4/14/2019 16:00,57
5246,4/14/2019 16:30,57
5247,4/14/2019 17:00,57
5248,4/14/2019 17:30,57
5249,4/14/2019 18:00,57
5250,4/14/2019 18:30,57
5251,4/14/2019 19:00,57
5252,4/14/2019 19:30,57
5253,4/14/2019 20:00,57
5254,4/14/2019 20:30,56
5255,4/14/2019 21:00,56
5256,4/14/2019 21:30,56
5257,4/14/2019 22:00,56
5258,4/14/2019 22:30,56
5259,4/14/2019 23:00,56
5260,4/14/2019 23:30,56
5261,4/15/2019 0:00,56
5262,4/15/2019 0:30,56
5263,4/15/2019 1:00,56
5264,4/15/2019 1:30,56
5265,4/15/2019 2:00,56
5266,4/15/2019 2:30,56
5267,4/15/2019 3:00,56
5268,4/15/2019 3:30,56
5269,4/15/2019 4:00,56
5270,4/15/2019 4:30,56
5271,4/15/2019 5:00,56
5272,4/15/2019 5:30,56
5273,4/15/2019 6:00,56
5274,4/15/2019 6:30,56
5275,4/15/2019 7:00,56
5276,4/15/2019 7:30,56
5277,4/15/2019 8:00,56
5278,4/15/2019 8:30,56
5279,4/15/2019 9:00,56
5280,4/15/2019 9:30,56
5281,4/15/2019 10:00,56
5282,4/15/2019 10:30,56
5283,4/15/2019 11:00,56
5284,4/15/2019 11:30,57
5285,4/15/2019 12:00,57
5286,4/15/2019 12:30,57
5287,4/15/2019 13:00,57
5288,4/15/2019 13:30,57
5289,4/15/2019 14:00,57
5290,4/15/2019 14:30,57
5291,4/15/2019 15:00,57
5292,4/15/2019 15:30,57
5293,4/15/2019 16:00,57
5294,4/15/2019 16:30,57
5295,4/15/2019 17:00,57
5296,4/15/2019 17:30,57
5297,4/15/2019 18:00,57
5298,4/15/2019 18:30,57
5299,4/15/2019 19:00,57
5300,4/15/2019 19:30,57
5301,4/15/2019 20:00,57
5302,4/15/2019 20:30,57
5303,4/15/2019 21:00,57
5304,4/15/2019 21:30,57
5305,4/15/2019 22:00,57
5306,4/15/2019 22:30,57
5307,4/15/2019 23:00,57
5308,4/15/2019 23:30,57
5309,4/16/2019 0:00,57
5310,4/16/2019 0:30,57
5311,4/16/2019 1:00,57
5312,4/16/2019 1:30,57
5313,4/16/2019 2:00,57
5314,4/16/2019 2:30,56
5315,4/16/2019 3:00,56
5316,4/16/2019 3:30,56
5317,4/16/2019 4:00,56
5318,4/16/2019 4:30,56
5319,4/16/2019 5:00,56
5320,4/16/2019 5:30,56
5321,4/16/2019 6:00,56
5322,4/16/2019 6:30,56
5323,4/16/2019 7:00,56
5324,4/16/2019 7:30,56
5325,4/16/2019 8:00,56
5326,4/16/2019 8:30,56
5327,4/16/2019 9:00,56
5328,4/16/2019 9:30,56
5329,4/16/2019 10:00,56
5330,4/16/2019 10:30,57
5331,4/16/2019 11:00,57
5332,4/16/2019 11:30,57
5333,4/16/2019 12:00,57
5334,4/16/2019 12:30,57
5335,4/16/2019 13:00,58
5336,4/16/2019 13:30,57
5337,4/16/2019 14:00,58
5338,4/16/2019 14:30,58
5339,4/16/2019 15:00,58
5340,4/16/2019 15:30,58
5341,4/16/2019 16:00,58
5342,4/16/2019 16:30,58
5343,4/16/2019 17:00,58
5344,4/16/2019 17:30,58
5345,4/16/2019 18:00,58
5346,4/16/2019 18:30,58
5347,4/16/2019 19:00,58
5348,4/16/2019 19:30,57
5349,4/16/2019 20:00,57
5350,4/16/2019 20:30,57
5351,4/16/2019 21:00,57
5352,4/16/2019 21:30,57
5353,4/16/2019 22:00,57
5354,4/16/2019 22:30,57
5355,4/16/2019 23:00,57
5356,4/16/2019 23:30,57
5357,4/17/2019 0:00,57
5358,4/17/2019 0:30,57
5359,4/17/2019 1:00,57
5360,4/17/2019 1:30,57
5361,4/17/2019 2:00,57
5362,4/17/2019 2:30,57
5363,4/17/2019 3:00,57
5364,4/17/2019 3:30,57
5365,4/17/2019 4:00,57
5366,4/17/2019 4:30,57
5367,4/17/2019 5:00,57
5368,4/17/2019 5:30,57
5369,4/17/2019 6:00,57
5370,4/17/2019 6:30,57
5371,4/17/2019 7:00,57
5372,4/17/2019 7:30,57
5373,4/17/2019 8:00,57
5374,4/17/2019 8:30,57
5375,4/17/2019 9:00,57
5376,4/17/2019 9:30,57
5377,4/17/2019 10:00,57
5378,4/17/2019 10:30,57
5379,4/17/2019 11:00,57
5380,4/17/2019 11:30,58
5381,4/17/2019 12:00,58
5382,4/17/2019 12:30,58
5383,4/17/2019 13:00,58
5384,4/17/2019 13:30,59
5385,4/17/2019 14:00,58
5386,4/17/2019 14:30,58
5387,4/17/2019 15:00,58
5388,4/17/2019 15:30,58
5389,4/17/2019 16:00,58
5390,4/17/2019 16:30,58
5391,4/17/2019 17:00,57
5392,4/17/2019 17:30,57
5393,4/17/2019 18:00,57
5394,4/17/2019 18:30,57
5395,4/17/2019 19:00,57
5396,4/17/2019 19:30,57
5397,4/17/2019 20:00,57
5398,4/17/2019 20:30,57
5399,4/17/2019 21:00,57
5400,4/17/2019 21:30,57
5401,4/17/2019 22:00,57
5402,4/17/2019 22:30,57
5403,4/17/2019 23:00,57
5404,4/17/2019 23:30,57
5405,4/18/2019 0:00,57
5406,4/18/2019 0:30,57
5407,4/18/2019 1:00,57
5408,4/18/2019 1:30,57
5409,4/18/2019 2:00,57
5410,4/18/2019 2:30,57
5411,4/18/2019 3:00,57
5412,4/18/2019 3:30,57
5413,4/18/2019 4:00,57
5414,4/18/2019 4:30,57
5415,4/18/2019 5:00,57
5416,4/18/2019 5:30,57
5417,4/18/2019 6:00,57
5418,4/18/2019 6:30,57
5419,4/18/2019 7:00,57
5420,4/18/2019 7:30,57
5421,4/18/2019 8:00,57
5422,4/18/2019 8:30,57
5423,4/18/2019 9:00,57
5424,4/18/2019 9:30,57
5425,4/18/2019 10:00,57
5426,4/18/2019 10:30,57
5427,4/18/2019 11:00,57
5428,4/18/2019 11:30,57
5429,4/18/2019 12:00,57
5430,4/18/2019 12:30,57
5431,4/18/2019 13:00,57
5432,4/18/2019 13:30,57
5433,4/18/2019 14:00,57
5434,4/18/2019 14:30,57
5435,4/18/2019 15:00,57
5436,4/18/2019 15:30,57
5437,4/18/2019 16:00,57
5438,4/18/2019 16:30,57
5439,4/18/2019 17:00,57
5440,4/18/2019 17:30,57
5441,4/18/2019 18:00,57
5442,4/18/2019 18:30,57
5443,4/18/2019 19:00,57
5444,4/18/2019 19:30,57
5445,4/18/2019 20:00,57
5446,4/18/2019 20:30,57
5447,4/18/2019 21:00,57
5448,4/18/2019 21:30,57
5449,4/18/2019 22:00,57
5450,4/18/2019 22:30,57
5451,4/18/2019 23:00,57
5452,4/18/2019 23:30,57
5453,4/19/2019 0:00,57
5454,4/19/2019 0:30,57
5455,4/19/2019 1:00,57
5456,4/19/2019 1:30,57
5457,4/19/2019 2:00,57
5458,4/19/2019 2:30,57
5459,4/19/2019 3:00,57
5460,4/19/2019 3:30,57
5461,4/19/2019 4:00,57
5462,4/19/2019 4:30,57
5463,4/19/2019 5:00,57
5464,4/19/2019 5:30,57
5465,4/19/2019 6:00,56
5466,4/19/2019 6:30,57
5467,4/19/2019 7:00,57
5468,4/19/2019 7:30,57
5469,4/19/2019 8:00,57
5470,4/19/2019 8:30,57
5471,4/19/2019 9:00,57
5472,4/19/2019 9:30,57
5473,4/19/2019 10:00,57
5474,4/19/2019 10:30,57
5475,4/19/2019 11:00,57
5476,4/19/2019 11:30,57
5477,4/19/2019 12:00,56
5478,4/19/2019 12:30,57
5479,4/19/2019 13:00,57
5480,4/19/2019 13:30,56
5481,4/19/2019 14:00,56
5482,4/19/2019 14:30,56
5483,4/19/2019 15:00,57
5484,4/19/2019 15:30,57
5485,4/19/2019 16:00,57
5486,4/19/2019 16:30,57
5487,4/19/2019 17:00,57
5488,4/19/2019 17:30,57
5489,4/19/2019 18:00,57
5490,4/19/2019 18:30,57
5491,4/19/2019 19:00,57
5492,4/19/2019 19:30,57
5493,4/19/2019 20:00,57
5494,4/19/2019 20:30,57
5495,4/19/2019 21:00,57
5496,4/19/2019 21:30,57
5497,4/19/2019 22:00,57
5498,4/19/2019 22:30,57
5499,4/19/2019 23:00,57
5500,4/19/2019 23:30,57
5501,4/20/2019 0:00,57
5502,4/20/2019 0:30,57
5503,4/20/2019 1:00,57
5504,4/20/2019 1:30,56
5505,4/20/2019 2:00,56
5506,4/20/2019 2:30,56
5507,4/20/2019 3:00,56
5508,4/20/2019 3:30,56
5509,4/20/2019 4:00,56
5510,4/20/2019 4:30,56
5511,4/20/2019 5:00,56
5512,4/20/2019 5:30,56
5513,4/20/2019 6:00,56
5514,4/20/2019 6:30,56
5515,4/20/2019 7:00,56
5516,4/20/2019 7:30,56
5517,4/20/2019 8:00,56
5518,4/20/2019 8:30,56
5519,4/20/2019 9:00,56
5520,4/20/2019 9:30,56
5521,4/20/2019 10:00,56
5522,4/20/2019 10:30,56
5523,4/20/2019 11:00,56
5524,4/20/2019 11:30,56
5525,4/20/2019 12:00,56
5526,4/20/2019 12:30,56
5527,4/20/2019 13:00,57
5528,4/20/2019 13:30,57
5529,4/20/2019 14:00,57
5530,4/20/2019 14:30,56
5531,4/20/2019 15:00,56
5532,4/20/2019 15:30,56
5533,4/20/2019 16:00,56
5534,4/20/2019 16:30,56
5535,4/20/2019 17:00,56
5536,4/20/2019 17:30,57
5537,4/20/2019 18:00,57
5538,4/20/2019 18:30,57
5539,4/20/2019 19:00,57
5540,4/20/2019 19:30,57
5541,4/20/2019 20:00,57
5542,4/20/2019 20:30,57
5543,4/20/2019 21:00,57
5544,4/20/2019 21:30,57
5545,4/20/2019 22:00,57
5546,4/20/2019 22:30,56
5547,4/20/2019 23:00,56
5548,4/20/2019 23:30,56
5549,4/21/2019 0:00,56
5550,4/21/2019 0:30,56
5551,4/21/2019 1:00,56
5552,4/21/2019 1:30,56
5553,4/21/2019 2:00,56
5554,4/21/2019 2:30,56
5555,4/21/2019 3:00,56
5556,4/21/2019 3:30,56
5557,4/21/2019 4:00,56
5558,4/21/2019 4:30,56
5559,4/21/2019 5:00,56
5560,4/21/2019 5:30,56
5561,4/21/2019 6:00,56
5562,4/21/2019 6:30,56
5563,4/21/2019 7:00,56
5564,4/21/2019 7:30,56
5565,4/21/2019 8:00,56
5566,4/21/2019 8:30,56
5567,4/21/2019 9:00,56
5568,4/21/2019 9:30,56
5569,4/21/2019 10:00,56
5570,4/21/2019 10:30,56
5571,4/21/2019 11:00,56
5572,4/21/2019 11:30,56
5573,4/21/2019 12:00,56
5574,4/21/2019 12:30,56
5575,4/21/2019 13:00,57
5576,4/21/2019 13:30,57
5577,4/21/2019 14:00,57
5578,4/21/2019 14:30,57
5579,4/21/2019 15:00,57
5580,4/21/2019 15:30,57
5581,4/21/2019 16:00,57
5582,4/21/2019 16:30,57
5583,4/21/2019 17:00,57
5584,4/21/2019 17:30,57
5585,4/21/2019 18:00,57
5586,4/21/2019 18:30,57
5587,4/21/2019 19:00,57
5588,4/21/2019 19:30,57
5589,4/21/2019 20:00,57
5590,4/21/2019 20:30,57
5591,4/21/2019 21:00,57
5592,4/21/2019 21:30,57
5593,4/21/2019 22:00,57
5594,4/21/2019 22:30,57
5595,4/21/2019 23:00,57
5596,4/21/2019 23:30,57
5597,4/22/2019 0:00,57
5598,4/22/2019 0:30,56
5599,4/22/2019 1:00,56
5600,4/22/2019 1:30,56
5601,4/22/2019 2:00,56
5602,4/22/2019 2:30,56
5603,4/22/2019 3:00,56
5604,4/22/2019 3:30,56
5605,4/22/2019 4:00,56
5606,4/22/2019 4:30,56
5607,4/22/2019 5:00,56
5608,4/22/2019 5:30,56
5609,4/22/2019 6:00,56
5610,4/22/2019 6:30,56
5611,4/22/2019 7:00,56
5612,4/22/2019 7:30,56
5613,4/22/2019 8:00,56
5614,4/22/2019 8:30,56
5615,4/22/2019 9:00,56
5616,4/22/2019 9:30,56
5617,4/22/2019 10:00,56
5618,4/22/2019 10:30,56
5619,4/22/2019 11:00,56
5620,4/22/2019 11:30,56
5621,4/22/2019 12:00,56
5622,4/22/2019 12:30,56
5623,4/22/2019 13:00,56
5624,4/22/2019 13:30,56
5625,4/22/2019 14:00,57
5626,4/22/2019 14:30,57
5627,4/22/2019 15:00,57
5628,4/22/2019 15:30,57
5629,4/22/2019 16:00,57
5630,4/22/2019 16:30,57
5631,4/22/2019 17:00,57
5632,4/22/2019 17:30,57
5633,4/22/2019 18:00,57
5634,4/22/2019 18:30,57
5635,4/22/2019 19:00,57
5636,4/22/2019 19:30,57
5637,4/22/2019 20:00,57
5638,4/22/2019 20:30,57
5639,4/22/2019 21:00,57
5640,4/22/2019 21:30,56
5641,4/22/2019 22:00,56
5642,4/22/2019 22:30,56
5643,4/22/2019 23:00,56
5644,4/22/2019 23:30,56
5645,4/23/2019 0:00,56
5646,4/23/2019 0:30,56
5647,4/23/2019 1:00,56
5648,4/23/2019 1:30,56
5649,4/23/2019 2:00,56
5650,4/23/2019 2:30,56
5651,4/23/2019 3:00,56
5652,4/23/2019 3:30,56
5653,4/23/2019 4:00,56
5654,4/23/2019 4:30,56
5655,4/23/2019 5:00,56
5656,4/23/2019 5:30,56
5657,4/23/2019 6:00,56
5658,4/23/2019 6:30,56
5659,4/23/2019 7:00,56
5660,4/23/2019 7:30,56
5661,4/23/2019 8:00,56
5662,4/23/2019 8:30,56
5663,4/23/2019 9:00,56
5664,4/23/2019 9:30,56
5665,4/23/2019 10:00,56
5666,4/23/2019 10:30,56
5667,4/23/2019 11:00,56
5668,4/23/2019 11:30,56
5669,4/23/2019 12:00,56
5670,4/23/2019 12:30,56
5671,4/23/2019 13:00,56
5672,4/23/2019 13:30,56
5673,4/23/2019 14:00,56
5674,4/23/2019 14:30,57
5675,4/23/2019 15:00,56
5676,4/23/2019 15:30,56
5677,4/23/2019 16:00,56
5678,4/23/2019 16:30,56
5679,4/23/2019 17:00,56
5680,4/23/2019 17:30,56
5681,4/23/2019 18:00,56
5682,4/23/2019 18:30,56
5683,4/23/2019 19:00,56
5684,4/23/2019 19:30,56
5685,4/23/2019 20:00,56
5686,4/23/2019 20:30,56
5687,4/23/2019 21:00,56
5688,4/23/2019 21:30,56
5689,4/23/2019 22:00,56
5690,4/23/2019 22:30,56
5691,4/23/2019 23:00,56
5692,4/23/2019 23:30,56
5693,4/24/2019 0:00,56
5694,4/24/2019 0:30,56
5695,4/24/2019 1:00,56
5696,4/24/2019 1:30,56
5697,4/24/2019 2:00,56
5698,4/24/2019 2:30,56
5699,4/24/2019 3:00,56
5700,4/24/2019 3:30,56
5701,4/24/2019 4:00,56
5702,4/24/2019 4:30,56
5703,4/24/2019 5:00,56
5704,4/24/2019 5:30,56
5705,4/24/2019 6:00,56
5706,4/24/2019 6:30,56
5707,4/24/2019 7:00,56
5708,4/24/2019 7:30,56
5709,4/24/2019 8:00,56
5710,4/24/2019 8:30,56
5711,4/24/2019 9:00,56
5712,4/24/2019 9:30,56
5713,4/24/2019 10:00,56
5714,4/24/2019 10:30,56
5715,4/24/2019 11:00,57
5716,4/24/2019 11:30,57
5717,4/24/2019 12:00,57
5718,4/24/2019 12:30,57
5719,4/24/2019 13:00,57
5720,4/24/2019 13:30,57
5721,4/24/2019 14:00,57
5722,4/24/2019 14:30,57
5723,4/24/2019 15:00,57
5724,4/24/2019 15:30,57
5725,4/24/2019 16:00,57
5726,4/24/2019 16:30,57
5727,4/24/2019 17:00,57
5728,4/24/2019 17:30,57
5729,4/24/2019 18:00,57
5730,4/24/2019 18:30,57
5731,4/24/2019 19:00,57
5732,4/24/2019 19:30,57
5733,4/24/2019 20:00,57
5734,4/24/2019 20:30,57
5735,4/24/2019 21:00,57
5736,4/24/2019 21:30,57
5737,4/24/2019 22:00,57
5738,4/24/2019 22:30,57
5739,4/24/2019 23:00,57
5740,4/24/2019 23:30,57
5741,4/25/2019 0:00,57
5742,4/25/2019 0:30,57
5743,4/25/2019 1:00,57
5744,4/25/2019 1:30,56
5745,4/25/2019 2:00,56
5746,4/25/2019 2:30,56
5747,4/25/2019 3:00,56
5748,4/25/2019 3:30,56
5749,4/25/2019 4:00,56
5750,4/25/2019 4:30,56
5751,4/25/2019 5:00,56
5752,4/25/2019 5:30,56
5753,4/25/2019 6:00,56
5754,4/25/2019 6:30,56
5755,4/25/2019 7:00,56
5756,4/25/2019 7:30,56
5757,4/25/2019 8:00,56
5758,4/25/2019 8:30,56
5759,4/25/2019 9:00,56
5760,4/25/2019 9:30,56
5761,4/25/2019 10:00,56
5762,4/25/2019 10:30,57
5763,4/25/2019 11:00,57
5764,4/25/2019 11:30,57
5765,4/25/2019 12:00,57
5766,4/25/2019 12:30,57
5767,4/25/2019 13:00,57
5768,4/25/2019 13:30,57
5769,4/25/2019 14:00,57
5770,4/25/2019 14:30,57
5771,4/25/2019 15:00,57
5772,4/25/2019 15:30,57
5773,4/25/2019 16:00,57
5774,4/25/2019 16:30,57
5775,4/25/2019 17:00,57
5776,4/25/2019 17:30,57
5777,4/25/2019 18:00,57
5778,4/25/2019 18:30,57
5779,4/25/2019 19:00,57
5780,4/25/2019 19:30,57
5781,4/25/2019 20:00,56
5782,4/25/2019 20:30,56
5783,4/25/2019 21:00,56
5784,4/25/2019 21:30,56
5785,4/25/2019 22:00,56
5786,4/25/2019 22:30,56
5787,4/25/2019 23:00,56
5788,4/25/2019 23:30,56
5789,4/26/2019 0:00,56
5790,4/26/2019 0:30,56
5791,4/26/2019 1:00,56
5792,4/26/2019 1:30,56
5793,4/26/2019 2:00,56
5794,4/26/2019 2:30,56
5795,4/26/2019 3:00,56
5796,4/26/2019 3:30,56
5797,4/26/2019 4:00,56
5798,4/26/2019 4:30,56
5799,4/26/2019 5:00,56
5800,4/26/2019 5:30,56
5801,4/26/2019 6:00,56
5802,4/26/2019 6:30,56
5803,4/26/2019 7:00,56
5804,4/26/2019 7:30,56
5805,4/26/2019 8:00,56
5806,4/26/2019 8:30,56
5807,4/26/2019 9:00,56
5808,4/26/2019 9:30,56
5809,4/26/2019 10:00,57
5810,4/26/2019 10:30,57
5811,4/26/2019 11:00,57
5812,4/26/2019 11:30,57
5813,4/26/2019 12:00,57
5814,4/26/2019 12:30,57
5815,4/26/2019 13:00,57
5816,4/26/2019 13:30,57
5817,4/26/2019 14:00,58
5818,4/26/2019 14:30,58
5819,4/26/2019 15:00,58
5820,4/26/2019 15:30,58
5821,4/26/2019 16:00,58
5822,4/26/2019 16:30,57
5823,4/26/2019 17:00,57
5824,4/26/2019 17:30,57
5825,4/26/2019 18:00,57
5826,4/26/2019 18:30,57
5827,4/26/2019 19:00,57
5828,4/26/2019 19:30,57
5829,4/26/2019 20:00,57
5830,4/26/2019 20:30,57
5831,4/26/2019 21:00,57
5832,4/26/2019 21:30,57
5833,4/26/2019 22:00,57
5834,4/26/2019 22:30,57
5835,4/26/2019 23:00,57
5836,4/26/2019 23:30,57
5837,4/27/2019 0:00,57
5838,4/27/2019 0:30,57
5839,4/27/2019 1:00,57
5840,4/27/2019 1:30,57
5841,4/27/2019 2:00,57
5842,4/27/2019 2:30,57
5843,4/27/2019 3:00,57
5844,4/27/2019 3:30,57
5845,4/27/2019 4:00,57
5846,4/27/2019 4:30,57
5847,4/27/2019 5:00,57
5848,4/27/2019 5:30,57
5849,4/27/2019 6:00,57
5850,4/27/2019 6:30,57
5851,4/27/2019 7:00,57
5852,4/27/2019 7:30,57
5853,4/27/2019 8:00,57
5854,4/27/2019 8:30,57
5855,4/27/2019 9:00,57
5856,4/27/2019 9:30,57
5857,4/27/2019 10:00,57
5858,4/27/2019 10:30,57
5859,4/27/2019 11:00,57
5860,4/27/2019 11:30,57
5861,4/27/2019 12:00,57
5862,4/27/2019 12:30,57
5863,4/27/2019 13:00,57
5864,4/27/2019 13:30,57
5865,4/27/2019 14:00,57
5866,4/27/2019 14:30,57
5867,4/27/2019 15:00,58
5868,4/27/2019 15:30,58
5869,4/27/2019 16:00,58
5870,4/27/2019 16:30,58
5871,4/27/2019 17:00,58
5872,4/27/2019 17:30,58
5873,4/27/2019 18:00,58
5874,4/27/2019 18:30,58
5875,4/27/2019 19:00,58
5876,4/27/2019 19:30,58
5877,4/27/2019 20:00,58
5878,4/27/2019 20:30,58
5879,4/27/2019 21:00,58
5880,4/27/2019 21:30,58
5881,4/27/2019 22:00,58
5882,4/27/2019 22:30,58
5883,4/27/2019 23:00,58
5884,4/27/2019 23:30,58
5885,4/28/2019 0:00,58
5886,4/28/2019 0:30,58
5887,4/28/2019 1:00,57
5888,4/28/2019 1:30,57
5889,4/28/2019 2:00,57
5890,4/28/2019 2:30,57
5891,4/28/2019 3:00,57
5892,4/28/2019 3:30,57
5893,4/28/2019 4:00,57
5894,4/28/2019 4:30,57
5895,4/28/2019 5:00,57
5896,4/28/2019 5:30,57
5897,4/28/2019 6:00,57
5898,4/28/2019 6:30,57
5899,4/28/2019 7:00,57
5900,4/28/2019 7:30,57
5901,4/28/2019 8:00,57
5902,4/28/2019 8:30,57
5903,4/28/2019 9:00,57
5904,4/28/2019 9:30,57
5905,4/28/2019 10:00,58
5906,4/28/2019 10:30,58
5907,4/28/2019 11:00,58
5908,4/28/2019 11:30,58
5909,4/28/2019 12:00,58
5910,4/28/2019 12:30,58
5911,4/28/2019 13:00,58
5912,4/28/2019 13:30,58
5913,4/28/2019 14:00,59
5914,4/28/2019 14:30,59
5915,4/28/2019 15:00,59
5916,4/28/2019 15:30,59
5917,4/28/2019 16:00,59
5918,4/28/2019 16:30,59
5919,4/28/2019 17:00,59
5920,4/28/2019 17:30,59
5921,4/28/2019 18:00,58
5922,4/28/2019 18:30,58
5923,4/28/2019 19:00,58
5924,4/28/2019 19:30,58
5925,4/28/2019 20:00,58
5926,4/28/2019 20:30,58
5927,4/28/2019 21:00,58
5928,4/28/2019 21:30,58
5929,4/28/2019 22:00,58
5930,4/28/2019 22:30,58
5931,4/28/2019 23:00,58
5932,4/28/2019 23:30,57
5933,4/29/2019 0:00,58
5934,4/29/2019 0:30,57
5935,4/29/2019 1:00,57
5936,4/29/2019 1:30,57
5937,4/29/2019 2:00,57
5938,4/29/2019 2:30,57
5939,4/29/2019 3:00,57
5940,4/29/2019 3:30,57
5941,4/29/2019 4:00,57
5942,4/29/2019 4:30,57
5943,4/29/2019 5:00,57
5944,4/29/2019 5:30,57
5945,4/29/2019 6:00,57
5946,4/29/2019 6:30,57
5947,4/29/2019 7:00,57
5948,4/29/2019 7:30,57
5949,4/29/2019 8:00,57
5950,4/29/2019 8:30,57
5951,4/29/2019 9:00,57
5952,4/29/2019 9:30,57
5953,4/29/2019 10:00,57
5954,4/29/2019 10:30,57
5955,4/29/2019 11:00,57
5956,4/29/2019 11:30,57
5957,4/29/2019 12:00,56
5958,4/29/2019 12:30,57
5959,4/29/2019 13:00,57
5960,4/29/2019 13:30,58
5961,4/29/2019 14:00,58
5962,4/29/2019 14:30,59
,,
,,
,,
,,
,,
,,
,,
,,
,,
,,
,,
,,
,,
,,
,,
,,
,,
,,
,,
,,
,,
,,
,,
,,
,,
,,
,,
,,
,,
,,
,,
,,
,,
,,
,,
,,
,,
,,
,,
,,
,,
,,
,,
,,
,,
,,
,,
,,
,,
,,
,,
,,
,,
,,
,,
,,
,,
,,
,,
,,
,,
,,
,,
,,
,,
,,
,,
,,
,,
,,
,,
,,
,,
,,
,,
,,
,,
,,
,,
,,
,,
,,
,,
,,
,,
,,
,,
,,
,,
,,
,,
,,
,,
,,
,,
,,
,,
,,
,,
,,
,,
,,
,,
,,
,,
,,
,,
,,
,,
,,
,,
,,
,,
,,
,,
,,
,,
,,
,,
,,
,,
,,
,,
,,
,,
,,
,,
,,
,,
,,
,,
,,
,,
,,
,,
,,
,,
,,
,,
,,
,,
,,
,,
,,
,,
,,
,,
,,
,,
,,
,,
,,
,,
,,
,,
,,
,,
,,
,,
,,
,,
,,
,,
,,
,,
,,
,,
,,
,,
,,
,,
,,
,,
,,
,,
,,
,,
,,
,,
,,
,,
,,
,,
,,
,,
,,
,,
,,
,,
,,
,,
,,
,,
,,
,,
,,
,,
,,
,,
,,
,,
,,
,,
,,
,,
,,
,,
,,
,,
,,
,,
,,
,,
,,
,,
,,
,,
,,
,,
,,
,,
,,
,,
,,
,,
,,
,,
,,
,,
,,
,,
,,
,,
,,
,,
,,
,,
,,
,,
,,
,,
,,
,,
,,
,,
,,
,,
,,
,,
,,
,,
,,
,,
,,
,,
,,
,,
,,
,,
,,
,,
,,
,,
,,
,,
,,
,,
,,
,,
,,
,,
,,
,,
,,
,,
,,
,,
,,
,,
,,
,,
,,
,,
,,
,,
,,
