Plot Title: 20337493 - Garças X,,
#,"Date Time, GMT -1000","Temp, °C"
1,2/26/2019 10:00,29.21
2,2/26/2019 10:30,30.41
3,2/26/2019 11:00,30.37
4,2/26/2019 11:30,30.28
5,2/26/2019 12:00,30.28
6,2/26/2019 12:30,30.33
7,2/26/2019 13:00,30.28
8,2/26/2019 13:30,30.28
9,2/26/2019 14:00,30.2
10,2/26/2019 14:30,29.98
11,2/26/2019 15:00,29.98
12,2/26/2019 15:30,30.07
13,2/26/2019 16:00,30.03
14,2/26/2019 16:30,29.98
15,2/26/2019 17:00,29.9
16,2/26/2019 17:30,29.81
17,2/26/2019 18:00,29.77
18,2/26/2019 18:30,29.77
19,2/26/2019 19:00,29.73
20,2/26/2019 19:30,29.64
21,2/26/2019 20:00,29.64
22,2/26/2019 20:30,29.68
23,2/26/2019 21:00,29.64
24,2/26/2019 21:30,29.68
25,2/26/2019 22:00,29.68
26,2/26/2019 22:30,29.68
27,2/26/2019 23:00,29.73
28,2/26/2019 23:30,29.68
29,2/27/2019 0:00,29.6
30,2/27/2019 0:30,29.77
31,2/27/2019 1:00,29.81
32,2/27/2019 1:30,29.9
33,2/27/2019 2:00,30.03
34,2/27/2019 2:30,29.98
35,2/27/2019 3:00,30.03
36,2/27/2019 3:30,30.03
37,2/27/2019 4:00,30.46
38,2/27/2019 4:30,30.2
39,2/27/2019 5:00,30.33
40,2/27/2019 5:30,29.98
41,2/27/2019 6:00,30.24
42,2/27/2019 6:30,30.41
43,2/27/2019 7:00,30.59
44,2/27/2019 7:30,30.63
45,2/27/2019 8:00,30.67
46,2/27/2019 8:30,30.76
47,2/27/2019 9:00,30.76
48,2/27/2019 9:30,30.8
49,2/27/2019 10:00,30.76
50,2/27/2019 10:30,30.67
51,2/27/2019 11:00,30.59
52,2/27/2019 11:30,30.59
53,2/27/2019 12:00,30.63
54,2/27/2019 12:30,30.46
55,2/27/2019 13:00,30.41
56,2/27/2019 13:30,30.37
57,2/27/2019 14:00,30.41
58,2/27/2019 14:30,30.24
59,2/27/2019 15:00,30.37
60,2/27/2019 15:30,30.24
61,2/27/2019 16:00,30.16
62,2/27/2019 16:30,30.11
63,2/27/2019 17:00,30.24
64,2/27/2019 17:30,30.2
65,2/27/2019 18:00,30.16
66,2/27/2019 18:30,30.07
67,2/27/2019 19:00,29.9
68,2/27/2019 19:30,29.86
69,2/27/2019 20:00,29.86
70,2/27/2019 20:30,29.77
71,2/27/2019 21:00,29.73
72,2/27/2019 21:30,29.73
73,2/27/2019 22:00,29.64
74,2/27/2019 22:30,29.64
75,2/27/2019 23:00,29.6
76,2/27/2019 23:30,29.68
77,2/28/2019 0:00,29.64
78,2/28/2019 0:30,29.73
79,2/28/2019 1:00,29.77
80,2/28/2019 1:30,29.68
81,2/28/2019 2:00,29.81
82,2/28/2019 2:30,29.94
83,2/28/2019 3:00,29.9
84,2/28/2019 3:30,29.94
85,2/28/2019 4:00,29.9
86,2/28/2019 4:30,29.98
87,2/28/2019 5:00,29.94
88,2/28/2019 5:30,30.28
89,2/28/2019 6:00,30.33
90,2/28/2019 6:30,30.16
91,2/28/2019 7:00,30.11
92,2/28/2019 7:30,30.2
93,2/28/2019 8:00,30.28
94,2/28/2019 8:30,30.28
95,2/28/2019 9:00,30.37
96,2/28/2019 9:30,30.37
97,2/28/2019 10:00,30.33
98,2/28/2019 10:30,30.33
99,2/28/2019 11:00,30.28
100,2/28/2019 11:30,30.2
101,2/28/2019 12:00,30.2
102,2/28/2019 12:30,30.11
103,2/28/2019 13:00,30.28
104,2/28/2019 13:30,30.16
105,2/28/2019 14:00,30.16
106,2/28/2019 14:30,30.16
107,2/28/2019 15:00,30.07
108,2/28/2019 15:30,30.07
109,2/28/2019 16:00,29.98
110,2/28/2019 16:30,30.03
111,2/28/2019 17:00,30.03
112,2/28/2019 17:30,29.94
113,2/28/2019 18:00,29.94
114,2/28/2019 18:30,30.03
115,2/28/2019 19:00,29.94
116,2/28/2019 19:30,29.9
117,2/28/2019 20:00,29.77
118,2/28/2019 20:30,29.73
119,2/28/2019 21:00,29.73
120,2/28/2019 21:30,29.77
121,2/28/2019 22:00,29.73
122,2/28/2019 22:30,29.64
123,2/28/2019 23:00,29.56
124,2/28/2019 23:30,29.47
125,3/1/2019 0:00,29.68
126,3/1/2019 0:30,29.77
127,3/1/2019 1:00,29.86
128,3/1/2019 1:30,29.81
129,3/1/2019 2:00,29.94
130,3/1/2019 2:30,29.81
131,3/1/2019 3:00,29.81
132,3/1/2019 3:30,29.86
133,3/1/2019 4:00,29.86
134,3/1/2019 4:30,29.81
135,3/1/2019 5:00,29.86
136,3/1/2019 5:30,29.94
137,3/1/2019 6:00,29.86
138,3/1/2019 6:30,29.77
139,3/1/2019 7:00,30.07
140,3/1/2019 7:30,29.98
141,3/1/2019 8:00,29.81
142,3/1/2019 8:30,29.94
143,3/1/2019 9:00,30.03
144,3/1/2019 9:30,29.98
145,3/1/2019 10:00,30.03
146,3/1/2019 10:30,29.98
147,3/1/2019 11:00,29.94
148,3/1/2019 11:30,30.03
149,3/1/2019 12:00,29.98
150,3/1/2019 12:30,29.94
151,3/1/2019 13:00,29.9
152,3/1/2019 13:30,29.9
153,3/1/2019 14:00,29.9
154,3/1/2019 14:30,29.98
155,3/1/2019 15:00,29.9
156,3/1/2019 15:30,29.81
157,3/1/2019 16:00,29.77
158,3/1/2019 16:30,29.77
159,3/1/2019 17:00,29.77
160,3/1/2019 17:30,29.73
161,3/1/2019 18:00,29.68
162,3/1/2019 18:30,29.64
163,3/1/2019 19:00,29.56
164,3/1/2019 19:30,29.56
165,3/1/2019 20:00,29.51
166,3/1/2019 20:30,29.56
167,3/1/2019 21:00,29.26
168,3/1/2019 21:30,29.3
169,3/1/2019 22:00,29.34
170,3/1/2019 22:30,29.38
171,3/1/2019 23:00,29.43
172,3/1/2019 23:30,29.6
173,3/2/2019 0:00,29.6
174,3/2/2019 0:30,29.64
175,3/2/2019 1:00,29.64
176,3/2/2019 1:30,29.68
177,3/2/2019 2:00,29.73
178,3/2/2019 2:30,29.86
179,3/2/2019 3:00,29.73
180,3/2/2019 3:30,29.73
181,3/2/2019 4:00,29.73
182,3/2/2019 4:30,29.77
183,3/2/2019 5:00,29.81
184,3/2/2019 5:30,29.68
185,3/2/2019 6:00,29.64
186,3/2/2019 6:30,29.64
187,3/2/2019 7:00,29.6
188,3/2/2019 7:30,29.6
189,3/2/2019 8:00,29.73
190,3/2/2019 8:30,29.73
191,3/2/2019 9:00,29.64
192,3/2/2019 9:30,29.56
193,3/2/2019 10:00,29.6
194,3/2/2019 10:30,29.6
195,3/2/2019 11:00,29.68
196,3/2/2019 11:30,29.73
197,3/2/2019 12:00,29.68
198,3/2/2019 12:30,29.73
199,3/2/2019 13:00,29.77
200,3/2/2019 13:30,29.73
201,3/2/2019 14:00,29.73
202,3/2/2019 14:30,29.73
203,3/2/2019 15:00,29.68
204,3/2/2019 15:30,29.6
205,3/2/2019 16:00,29.43
206,3/2/2019 16:30,29.47
207,3/2/2019 17:00,29.51
208,3/2/2019 17:30,29.43
209,3/2/2019 18:00,29.38
210,3/2/2019 18:30,29.47
211,3/2/2019 19:00,29.43
212,3/2/2019 19:30,29.38
213,3/2/2019 20:00,29.34
214,3/2/2019 20:30,29.34
215,3/2/2019 21:00,29.3
216,3/2/2019 21:30,28.7
217,3/2/2019 22:00,29.21
218,3/2/2019 22:30,29.08
219,3/2/2019 23:00,29.13
220,3/2/2019 23:30,29.17
221,3/3/2019 0:00,29.26
222,3/3/2019 0:30,29.38
223,3/3/2019 1:00,29.26
224,3/3/2019 1:30,29.56
225,3/3/2019 2:00,29.51
226,3/3/2019 2:30,29.6
227,3/3/2019 3:00,29.51
228,3/3/2019 3:30,29.51
229,3/3/2019 4:00,29.56
230,3/3/2019 4:30,29.6
231,3/3/2019 5:00,29.64
232,3/3/2019 5:30,29.56
233,3/3/2019 6:00,29.51
234,3/3/2019 6:30,29.51
235,3/3/2019 7:00,29.47
236,3/3/2019 7:30,29.51
237,3/3/2019 8:00,29.56
238,3/3/2019 8:30,29.56
239,3/3/2019 9:00,29.51
240,3/3/2019 9:30,29.47
241,3/3/2019 10:00,29.43
242,3/3/2019 10:30,29.43
243,3/3/2019 11:00,29.43
244,3/3/2019 11:30,29.43
245,3/3/2019 12:00,29.43
246,3/3/2019 12:30,29.47
247,3/3/2019 13:00,29.38
248,3/3/2019 13:30,29.38
249,3/3/2019 14:00,29.38
250,3/3/2019 14:30,29.34
251,3/3/2019 15:00,29.34
252,3/3/2019 15:30,29.3
253,3/3/2019 16:00,29.26
254,3/3/2019 16:30,29.26
255,3/3/2019 17:00,29.17
256,3/3/2019 17:30,29.17
257,3/3/2019 18:00,29.3
258,3/3/2019 18:30,29.3
259,3/3/2019 19:00,29.34
260,3/3/2019 19:30,29.3
261,3/3/2019 20:00,29.3
262,3/3/2019 20:30,29.3
263,3/3/2019 21:00,29.21
264,3/3/2019 21:30,29.17
265,3/3/2019 22:00,29
266,3/3/2019 22:30,29
267,3/3/2019 23:00,29.13
268,3/3/2019 23:30,29.17
269,3/4/2019 0:00,29.17
270,3/4/2019 0:30,29
271,3/4/2019 1:00,29.13
272,3/4/2019 1:30,29.04
273,3/4/2019 2:00,29.13
274,3/4/2019 2:30,29.21
275,3/4/2019 3:00,29.17
276,3/4/2019 3:30,29.21
277,3/4/2019 4:00,29.3
278,3/4/2019 4:30,29.6
279,3/4/2019 5:00,29.6
280,3/4/2019 5:30,29.73
281,3/4/2019 6:00,29.73
282,3/4/2019 6:30,29.56
283,3/4/2019 7:00,29.51
284,3/4/2019 7:30,29.6
285,3/4/2019 8:00,29.64
286,3/4/2019 8:30,29.47
287,3/4/2019 9:00,29.56
288,3/4/2019 9:30,29.47
289,3/4/2019 10:00,29.47
290,3/4/2019 10:30,29.38
291,3/4/2019 11:00,29.47
292,3/4/2019 11:30,29.47
293,3/4/2019 12:00,29.56
294,3/4/2019 12:30,29.47
295,3/4/2019 13:00,29.51
296,3/4/2019 13:30,29.51
297,3/4/2019 14:00,29.51
298,3/4/2019 14:30,29.47
299,3/4/2019 15:00,29.47
300,3/4/2019 15:30,29.43
301,3/4/2019 16:00,29.43
302,3/4/2019 16:30,29.47
303,3/4/2019 17:00,29.43
304,3/4/2019 17:30,29.38
305,3/4/2019 18:00,29.34
306,3/4/2019 18:30,29.3
307,3/4/2019 19:00,29.34
308,3/4/2019 19:30,29.3
309,3/4/2019 20:00,29.26
310,3/4/2019 20:30,29.3
311,3/4/2019 21:00,29.21
312,3/4/2019 21:30,29.17
313,3/4/2019 22:00,29.21
314,3/4/2019 22:30,29.17
315,3/4/2019 23:00,29.17
316,3/4/2019 23:30,29.13
317,3/5/2019 0:00,29.26
318,3/5/2019 0:30,29.3
319,3/5/2019 1:00,29.34
320,3/5/2019 1:30,29.3
321,3/5/2019 2:00,29.47
322,3/5/2019 2:30,29.47
323,3/5/2019 3:00,29.43
324,3/5/2019 3:30,29.38
325,3/5/2019 4:00,29.43
326,3/5/2019 4:30,29.43
327,3/5/2019 5:00,29.47
328,3/5/2019 5:30,29.43
329,3/5/2019 6:00,29.38
330,3/5/2019 6:30,29.38
331,3/5/2019 7:00,29.3
332,3/5/2019 7:30,29.34
333,3/5/2019 8:00,29.34
334,3/5/2019 8:30,29.3
335,3/5/2019 9:00,29.34
336,3/5/2019 9:30,29.26
337,3/5/2019 10:00,29.21
338,3/5/2019 10:30,29.21
339,3/5/2019 11:00,29.21
340,3/5/2019 11:30,29.26
341,3/5/2019 12:00,29.21
342,3/5/2019 12:30,29.17
343,3/5/2019 13:00,29.13
344,3/5/2019 13:30,29.17
345,3/5/2019 14:00,29.13
346,3/5/2019 14:30,29.13
347,3/5/2019 15:00,29.04
348,3/5/2019 15:30,29.08
349,3/5/2019 16:00,29.08
350,3/5/2019 16:30,29.04
351,3/5/2019 17:00,29.08
352,3/5/2019 17:30,29.08
353,3/5/2019 18:00,28.95
354,3/5/2019 18:30,28.87
355,3/5/2019 19:00,28.95
356,3/5/2019 19:30,28.87
357,3/5/2019 20:00,28.95
358,3/5/2019 20:30,28.95
359,3/5/2019 21:00,28.95
360,3/5/2019 21:30,28.95
361,3/5/2019 22:00,28.83
362,3/5/2019 22:30,28.91
363,3/5/2019 23:00,28.95
364,3/5/2019 23:30,28.95
365,3/6/2019 0:00,28.91
366,3/6/2019 0:30,28.91
367,3/6/2019 1:00,28.87
368,3/6/2019 1:30,28.91
369,3/6/2019 2:00,28.95
370,3/6/2019 2:30,28.91
371,3/6/2019 3:00,28.95
372,3/6/2019 3:30,29
373,3/6/2019 4:00,29.08
374,3/6/2019 4:30,29.08
375,3/6/2019 5:00,29.04
376,3/6/2019 5:30,29.08
377,3/6/2019 6:00,29.21
378,3/6/2019 6:30,29.17
379,3/6/2019 7:00,29.13
380,3/6/2019 7:30,29.08
381,3/6/2019 8:00,29.08
382,3/6/2019 8:30,29.08
383,3/6/2019 9:00,29.08
384,3/6/2019 9:30,29.08
385,3/6/2019 10:00,29.04
386,3/6/2019 10:30,29.04
387,3/6/2019 11:00,29.04
388,3/6/2019 11:30,29.04
389,3/6/2019 12:00,29
390,3/6/2019 12:30,29
391,3/6/2019 13:00,28.91
392,3/6/2019 13:30,28.83
393,3/6/2019 14:00,28.78
394,3/6/2019 14:30,28.74
395,3/6/2019 15:00,28.74
396,3/6/2019 15:30,28.74
397,3/6/2019 16:00,28.65
398,3/6/2019 16:30,28.7
399,3/6/2019 17:00,28.7
400,3/6/2019 17:30,28.7
401,3/6/2019 18:00,28.57
402,3/6/2019 18:30,28.65
403,3/6/2019 19:00,28.61
404,3/6/2019 19:30,28.57
405,3/6/2019 20:00,28.65
406,3/6/2019 20:30,28.61
407,3/6/2019 21:00,28.7
408,3/6/2019 21:30,28.65
409,3/6/2019 22:00,28.65
410,3/6/2019 22:30,28.7
411,3/6/2019 23:00,28.7
412,3/6/2019 23:30,28.7
413,3/7/2019 0:00,28.7
414,3/7/2019 0:30,28.7
415,3/7/2019 1:00,28.7
416,3/7/2019 1:30,28.65
417,3/7/2019 2:00,28.7
418,3/7/2019 2:30,28.7
419,3/7/2019 3:00,28.74
420,3/7/2019 3:30,28.87
421,3/7/2019 4:00,28.95
422,3/7/2019 4:30,29.08
423,3/7/2019 5:00,28.78
424,3/7/2019 5:30,29.04
425,3/7/2019 6:00,29.26
426,3/7/2019 6:30,29.3
427,3/7/2019 7:00,29.34
428,3/7/2019 7:30,29.3
429,3/7/2019 8:00,29.08
430,3/7/2019 8:30,29.04
431,3/7/2019 9:00,29.08
432,3/7/2019 9:30,29.08
433,3/7/2019 10:00,29.04
434,3/7/2019 10:30,29.04
435,3/7/2019 11:00,29
436,3/7/2019 11:30,29
437,3/7/2019 12:00,29
438,3/7/2019 12:30,29
439,3/7/2019 13:00,28.91
440,3/7/2019 13:30,28.95
441,3/7/2019 14:00,28.87
442,3/7/2019 14:30,28.78
443,3/7/2019 15:00,28.78
444,3/7/2019 15:30,28.78
445,3/7/2019 16:00,28.74
446,3/7/2019 16:30,28.74
447,3/7/2019 17:00,28.7
448,3/7/2019 17:30,28.74
449,3/7/2019 18:00,28.74
450,3/7/2019 18:30,28.7
451,3/7/2019 19:00,28.65
452,3/7/2019 19:30,28.65
453,3/7/2019 20:00,28.65
454,3/7/2019 20:30,28.74
455,3/7/2019 21:00,28.74
456,3/7/2019 21:30,28.74
457,3/7/2019 22:00,28.74
458,3/7/2019 22:30,28.65
459,3/7/2019 23:00,28.74
460,3/7/2019 23:30,28.74
461,3/8/2019 0:00,28.74
462,3/8/2019 0:30,28.78
463,3/8/2019 1:00,28.78
464,3/8/2019 1:30,28.78
465,3/8/2019 2:00,28.87
466,3/8/2019 2:30,28.87
467,3/8/2019 3:00,28.95
468,3/8/2019 3:30,29.04
469,3/8/2019 4:00,29.08
470,3/8/2019 4:30,29.21
471,3/8/2019 5:00,29.3
472,3/8/2019 5:30,29.13
473,3/8/2019 6:00,29.17
474,3/8/2019 6:30,29.6
475,3/8/2019 7:00,29.51
476,3/8/2019 7:30,29.51
477,3/8/2019 8:00,29.43
478,3/8/2019 8:30,29.26
479,3/8/2019 9:00,29.21
480,3/8/2019 9:30,29.21
481,3/8/2019 10:00,29.17
482,3/8/2019 10:30,29.08
483,3/8/2019 11:00,29.13
484,3/8/2019 11:30,29.08
485,3/8/2019 12:00,29.08
486,3/8/2019 12:30,29.13
487,3/8/2019 13:00,29.08
488,3/8/2019 13:30,29.04
489,3/8/2019 14:00,29.04
490,3/8/2019 14:30,29
491,3/8/2019 15:00,28.95
492,3/8/2019 15:30,28.91
493,3/8/2019 16:00,28.91
494,3/8/2019 16:30,28.91
495,3/8/2019 17:00,28.91
496,3/8/2019 17:30,28.83
497,3/8/2019 18:00,28.91
498,3/8/2019 18:30,28.83
499,3/8/2019 19:00,28.87
500,3/8/2019 19:30,28.83
501,3/8/2019 20:00,28.83
502,3/8/2019 20:30,28.87
503,3/8/2019 21:00,28.83
504,3/8/2019 21:30,28.91
505,3/8/2019 22:00,28.91
506,3/8/2019 22:30,28.95
507,3/8/2019 23:00,28.95
508,3/8/2019 23:30,28.87
509,3/9/2019 0:00,28.91
510,3/9/2019 0:30,28.91
511,3/9/2019 1:00,28.95
512,3/9/2019 1:30,29
513,3/9/2019 2:00,29
514,3/9/2019 2:30,29.04
515,3/9/2019 3:00,29.04
516,3/9/2019 3:30,29.04
517,3/9/2019 4:00,29.13
518,3/9/2019 4:30,29.17
519,3/9/2019 5:00,29.13
520,3/9/2019 5:30,29.04
521,3/9/2019 6:00,29.04
522,3/9/2019 6:30,29.13
523,3/9/2019 7:00,29.21
524,3/9/2019 7:30,29.17
525,3/9/2019 8:00,29.13
526,3/9/2019 8:30,29.08
527,3/9/2019 9:00,29.08
528,3/9/2019 9:30,29.08
529,3/9/2019 10:00,29.04
530,3/9/2019 10:30,28.95
531,3/9/2019 11:00,29
532,3/9/2019 11:30,28.95
533,3/9/2019 12:00,29
534,3/9/2019 12:30,29
535,3/9/2019 13:00,29
536,3/9/2019 13:30,28.95
537,3/9/2019 14:00,28.95
538,3/9/2019 14:30,28.91
539,3/9/2019 15:00,28.87
540,3/9/2019 15:30,28.78
541,3/9/2019 16:00,28.83
542,3/9/2019 16:30,28.78
543,3/9/2019 17:00,28.74
544,3/9/2019 17:30,28.78
545,3/9/2019 18:00,28.78
546,3/9/2019 18:30,28.74
547,3/9/2019 19:00,28.74
548,3/9/2019 19:30,28.65
549,3/9/2019 20:00,28.61
550,3/9/2019 20:30,28.61
551,3/9/2019 21:00,28.61
552,3/9/2019 21:30,28.74
553,3/9/2019 22:00,28.83
554,3/9/2019 22:30,28.87
555,3/9/2019 23:00,28.91
556,3/9/2019 23:30,28.95
557,3/10/2019 0:00,28.78
558,3/10/2019 0:30,28.91
559,3/10/2019 1:00,28.95
560,3/10/2019 1:30,29
561,3/10/2019 2:00,28.95
562,3/10/2019 2:30,29
563,3/10/2019 3:00,28.91
564,3/10/2019 3:30,28.95
565,3/10/2019 4:00,29
566,3/10/2019 4:30,29.13
567,3/10/2019 5:00,29.26
568,3/10/2019 5:30,29.43
569,3/10/2019 6:00,29.47
570,3/10/2019 6:30,29.38
571,3/10/2019 7:00,29.38
572,3/10/2019 7:30,29.43
573,3/10/2019 8:00,29.73
574,3/10/2019 8:30,29.73
575,3/10/2019 9:00,29.51
576,3/10/2019 9:30,29.34
577,3/10/2019 10:00,29.38
578,3/10/2019 10:30,29.3
579,3/10/2019 11:00,29.3
580,3/10/2019 11:30,29.26
581,3/10/2019 12:00,29.26
582,3/10/2019 12:30,29.26
583,3/10/2019 13:00,29.3
584,3/10/2019 13:30,29.3
585,3/10/2019 14:00,29.26
586,3/10/2019 14:30,29.21
587,3/10/2019 15:00,29.17
588,3/10/2019 15:30,29.04
589,3/10/2019 16:00,29
590,3/10/2019 16:30,28.95
591,3/10/2019 17:00,28.95
592,3/10/2019 17:30,28.95
593,3/10/2019 18:00,28.95
594,3/10/2019 18:30,28.91
595,3/10/2019 19:00,28.95
596,3/10/2019 19:30,28.95
597,3/10/2019 20:00,28.91
598,3/10/2019 20:30,28.78
599,3/10/2019 21:00,28.74
600,3/10/2019 21:30,28.83
601,3/10/2019 22:00,29
602,3/10/2019 22:30,29.04
603,3/10/2019 23:00,29.13
604,3/10/2019 23:30,29.08
605,3/11/2019 0:00,29.13
606,3/11/2019 0:30,29.08
607,3/11/2019 1:00,29.17
608,3/11/2019 1:30,29.17
609,3/11/2019 2:00,29.26
610,3/11/2019 2:30,29.26
611,3/11/2019 3:00,29.21
612,3/11/2019 3:30,29.21
613,3/11/2019 4:00,29.26
614,3/11/2019 4:30,29.26
615,3/11/2019 5:00,29.34
616,3/11/2019 5:30,29.38
617,3/11/2019 6:00,29.51
618,3/11/2019 6:30,29.68
619,3/11/2019 7:00,29.6
620,3/11/2019 7:30,29.51
621,3/11/2019 8:00,29.6
622,3/11/2019 8:30,29.81
623,3/11/2019 9:00,29.73
624,3/11/2019 9:30,29.81
625,3/11/2019 10:00,29.73
626,3/11/2019 10:30,29.6
627,3/11/2019 11:00,29.56
628,3/11/2019 11:30,29.51
629,3/11/2019 12:00,29.51
630,3/11/2019 12:30,29.47
631,3/11/2019 13:00,29.43
632,3/11/2019 13:30,29.43
633,3/11/2019 14:00,29.43
634,3/11/2019 14:30,29.34
635,3/11/2019 15:00,29.38
636,3/11/2019 15:30,29.34
637,3/11/2019 16:00,29.3
638,3/11/2019 16:30,29.26
639,3/11/2019 17:00,29.13
640,3/11/2019 17:30,29.13
641,3/11/2019 18:00,29.13
642,3/11/2019 18:30,29.08
643,3/11/2019 19:00,29.08
644,3/11/2019 19:30,29.08
645,3/11/2019 20:00,29.04
646,3/11/2019 20:30,28.95
647,3/11/2019 21:00,28.91
648,3/11/2019 21:30,28.87
649,3/11/2019 22:00,28.83
650,3/11/2019 22:30,29
651,3/11/2019 23:00,29.13
652,3/11/2019 23:30,29.21
653,3/12/2019 0:00,29.21
654,3/12/2019 0:30,29.21
655,3/12/2019 1:00,29.26
656,3/12/2019 1:30,29
657,3/12/2019 2:00,29.26
658,3/12/2019 2:30,29.3
659,3/12/2019 3:00,29.43
660,3/12/2019 3:30,29.47
661,3/12/2019 4:00,29.6
662,3/12/2019 4:30,29.64
663,3/12/2019 5:00,29.68
664,3/12/2019 5:30,29.68
665,3/12/2019 6:00,29.9
666,3/12/2019 6:30,29.94
667,3/12/2019 7:00,29.98
668,3/12/2019 7:30,29.77
669,3/12/2019 8:00,29.86
670,3/12/2019 8:30,29.94
671,3/12/2019 9:00,30.16
672,3/12/2019 9:30,30.07
673,3/12/2019 10:00,30.03
674,3/12/2019 10:30,30.07
675,3/12/2019 11:00,29.77
676,3/12/2019 11:30,29.68
677,3/12/2019 12:00,29.6
678,3/12/2019 12:30,29.6
679,3/12/2019 13:00,29.51
680,3/12/2019 13:30,29.47
681,3/12/2019 14:00,29.47
682,3/12/2019 14:30,29.51
683,3/12/2019 15:00,29.47
684,3/12/2019 15:30,29.34
685,3/12/2019 16:00,29.34
686,3/12/2019 16:30,29.3
687,3/12/2019 17:00,29.3
688,3/12/2019 17:30,29.26
689,3/12/2019 18:00,29.3
690,3/12/2019 18:30,29.26
691,3/12/2019 19:00,29.21
692,3/12/2019 19:30,29.26
693,3/12/2019 20:00,29.26
694,3/12/2019 20:30,29.26
695,3/12/2019 21:00,29.21
696,3/12/2019 21:30,29.26
697,3/12/2019 22:00,29.21
698,3/12/2019 22:30,29.26
699,3/12/2019 23:00,29.21
700,3/12/2019 23:30,29.21
701,3/13/2019 0:00,29.26
702,3/13/2019 0:30,29.3
703,3/13/2019 1:00,29.3
704,3/13/2019 1:30,29.08
705,3/13/2019 2:00,29.17
706,3/13/2019 2:30,29.26
707,3/13/2019 3:00,29.3
708,3/13/2019 3:30,29
709,3/13/2019 4:00,29
710,3/13/2019 4:30,29
711,3/13/2019 5:00,29.04
712,3/13/2019 5:30,28.95
713,3/13/2019 6:00,29.08
714,3/13/2019 6:30,29.08
715,3/13/2019 7:00,29.26
716,3/13/2019 7:30,29.26
717,3/13/2019 8:00,29.21
718,3/13/2019 8:30,29.21
719,3/13/2019 9:00,29.26
720,3/13/2019 9:30,29.21
721,3/13/2019 10:00,29.17
722,3/13/2019 10:30,29.17
723,3/13/2019 11:00,29.17
724,3/13/2019 11:30,29.17
725,3/13/2019 12:00,29.21
726,3/13/2019 12:30,29.26
727,3/13/2019 13:00,29.21
728,3/13/2019 13:30,29.21
729,3/13/2019 14:00,29.21
730,3/13/2019 14:30,29.21
731,3/13/2019 15:00,29.17
732,3/13/2019 15:30,29.21
733,3/13/2019 16:00,29.04
734,3/13/2019 16:30,29
735,3/13/2019 17:00,28.74
736,3/13/2019 17:30,28.95
737,3/13/2019 18:00,28.91
738,3/13/2019 18:30,28.91
739,3/13/2019 19:00,28.91
740,3/13/2019 19:30,28.87
741,3/13/2019 20:00,28.7
742,3/13/2019 20:30,28.78
743,3/13/2019 21:00,28.83
744,3/13/2019 21:30,28.83
745,3/13/2019 22:00,29.04
746,3/13/2019 22:30,29
747,3/13/2019 23:00,29
748,3/13/2019 23:30,29
749,3/14/2019 0:00,29
750,3/14/2019 0:30,28.95
751,3/14/2019 1:00,29
752,3/14/2019 1:30,29.04
753,3/14/2019 2:00,29.13
754,3/14/2019 2:30,29.21
755,3/14/2019 3:00,29.26
756,3/14/2019 3:30,29.17
757,3/14/2019 4:00,29.26
758,3/14/2019 4:30,29.86
759,3/14/2019 5:00,29.98
760,3/14/2019 5:30,29.9
761,3/14/2019 6:00,30.07
762,3/14/2019 6:30,30.07
763,3/14/2019 7:00,30.16
764,3/14/2019 7:30,30.24
765,3/14/2019 8:00,30.24
766,3/14/2019 8:30,30.24
767,3/14/2019 9:00,30.2
768,3/14/2019 9:30,30.11
769,3/14/2019 10:00,30.2
770,3/14/2019 10:30,30.11
771,3/14/2019 11:00,30.07
772,3/14/2019 11:30,30.03
773,3/14/2019 12:00,29.94
774,3/14/2019 12:30,29.94
775,3/14/2019 13:00,29.9
776,3/14/2019 13:30,29.77
777,3/14/2019 14:00,29.64
778,3/14/2019 14:30,29.64
779,3/14/2019 15:00,29.56
780,3/14/2019 15:30,29.51
781,3/14/2019 16:00,29.56
782,3/14/2019 16:30,29.51
783,3/14/2019 17:00,29.43
784,3/14/2019 17:30,29.26
785,3/14/2019 18:00,29.21
786,3/14/2019 18:30,29.17
787,3/14/2019 19:00,29.13
788,3/14/2019 19:30,29.08
789,3/14/2019 20:00,29.04
790,3/14/2019 20:30,29
791,3/14/2019 21:00,29
792,3/14/2019 21:30,29.08
793,3/14/2019 22:00,29.13
794,3/14/2019 22:30,29.08
795,3/14/2019 23:00,29.08
796,3/14/2019 23:30,29.04
797,3/15/2019 0:00,29.13
798,3/15/2019 0:30,29.21
799,3/15/2019 1:00,29.17
800,3/15/2019 1:30,29.17
801,3/15/2019 2:00,29.21
802,3/15/2019 2:30,29.26
803,3/15/2019 3:00,29.34
804,3/15/2019 3:30,29.38
805,3/15/2019 4:00,29.43
806,3/15/2019 4:30,29.43
807,3/15/2019 5:00,29.38
808,3/15/2019 5:30,29.26
809,3/15/2019 6:00,29.51
810,3/15/2019 6:30,29.47
811,3/15/2019 7:00,29.51
812,3/15/2019 7:30,29.38
813,3/15/2019 8:00,29.26
814,3/15/2019 8:30,29.38
815,3/15/2019 9:00,29.34
816,3/15/2019 9:30,29.3
817,3/15/2019 10:00,29.34
818,3/15/2019 10:30,29.3
819,3/15/2019 11:00,29.38
820,3/15/2019 11:30,29.38
821,3/15/2019 12:00,29.34
822,3/15/2019 12:30,29.43
823,3/15/2019 13:00,29.43
824,3/15/2019 13:30,29.26
825,3/15/2019 14:00,29.21
826,3/15/2019 14:30,29.21
827,3/15/2019 15:00,29.21
828,3/15/2019 15:30,29.21
829,3/15/2019 16:00,29.17
830,3/15/2019 16:30,29.08
831,3/15/2019 17:00,29.04
832,3/15/2019 17:30,29.21
833,3/15/2019 18:00,29.17
834,3/15/2019 18:30,29.08
835,3/15/2019 19:00,28.87
836,3/15/2019 19:30,28.78
837,3/15/2019 20:00,28.83
838,3/15/2019 20:30,28.87
839,3/15/2019 21:00,28.74
840,3/15/2019 21:30,28.78
841,3/15/2019 22:00,28.65
842,3/15/2019 22:30,28.7
843,3/15/2019 23:00,28.74
844,3/15/2019 23:30,28.74
845,3/16/2019 0:00,28.78
846,3/16/2019 0:30,28.83
847,3/16/2019 1:00,28.87
848,3/16/2019 1:30,28.91
849,3/16/2019 2:00,28.87
850,3/16/2019 2:30,28.95
851,3/16/2019 3:00,29.04
852,3/16/2019 3:30,29
853,3/16/2019 4:00,28.95
854,3/16/2019 4:30,29.04
855,3/16/2019 5:00,29.08
856,3/16/2019 5:30,29.3
857,3/16/2019 6:00,29.47
858,3/16/2019 6:30,29.26
859,3/16/2019 7:00,29.21
860,3/16/2019 7:30,29.3
861,3/16/2019 8:00,29.38
862,3/16/2019 8:30,29.38
863,3/16/2019 9:00,29.38
864,3/16/2019 9:30,29.47
865,3/16/2019 10:00,29.56
866,3/16/2019 10:30,29.6
867,3/16/2019 11:00,29.56
868,3/16/2019 11:30,29.51
869,3/16/2019 12:00,29.47
870,3/16/2019 12:30,29.43
871,3/16/2019 13:00,29.47
872,3/16/2019 13:30,29.38
873,3/16/2019 14:00,29.34
874,3/16/2019 14:30,29.3
875,3/16/2019 15:00,29.38
876,3/16/2019 15:30,29.3
877,3/16/2019 16:00,29.34
878,3/16/2019 16:30,29.21
879,3/16/2019 17:00,29.13
880,3/16/2019 17:30,29.04
881,3/16/2019 18:00,29.08
882,3/16/2019 18:30,29.08
883,3/16/2019 19:00,29
884,3/16/2019 19:30,29.04
885,3/16/2019 20:00,28.74
886,3/16/2019 20:30,28.78
887,3/16/2019 21:00,28.91
888,3/16/2019 21:30,28.95
889,3/16/2019 22:00,29
890,3/16/2019 22:30,29
891,3/16/2019 23:00,28.91
892,3/16/2019 23:30,29.13
893,3/17/2019 0:00,29.08
894,3/17/2019 0:30,29.21
895,3/17/2019 1:00,29.3
896,3/17/2019 1:30,29.43
897,3/17/2019 2:00,29.21
898,3/17/2019 2:30,29.21
899,3/17/2019 3:00,29.21
900,3/17/2019 3:30,29.47
901,3/17/2019 4:00,29.47
902,3/17/2019 4:30,29.38
903,3/17/2019 5:00,29.21
904,3/17/2019 5:30,29.17
905,3/17/2019 6:00,29.17
906,3/17/2019 6:30,29.08
907,3/17/2019 7:00,29.3
908,3/17/2019 7:30,29.43
909,3/17/2019 8:00,29.56
910,3/17/2019 8:30,29.17
911,3/17/2019 9:00,29.51
912,3/17/2019 9:30,29.51
913,3/17/2019 10:00,29.56
914,3/17/2019 10:30,29.56
915,3/17/2019 11:00,29.64
916,3/17/2019 11:30,29.77
917,3/17/2019 12:00,29.81
918,3/17/2019 12:30,29.86
919,3/17/2019 13:00,29.86
920,3/17/2019 13:30,29.81
921,3/17/2019 14:00,29.81
922,3/17/2019 14:30,29.81
923,3/17/2019 15:00,29.77
924,3/17/2019 15:30,29.68
925,3/17/2019 16:00,29.64
926,3/17/2019 16:30,29.56
927,3/17/2019 17:00,29.47
928,3/17/2019 17:30,29.34
929,3/17/2019 18:00,29.21
930,3/17/2019 18:30,29.17
931,3/17/2019 19:00,29.17
932,3/17/2019 19:30,29.13
933,3/17/2019 20:00,29.08
934,3/17/2019 20:30,29.04
935,3/17/2019 21:00,29.04
936,3/17/2019 21:30,29.04
937,3/17/2019 22:00,29.17
938,3/17/2019 22:30,29.26
939,3/17/2019 23:00,29.3
940,3/17/2019 23:30,29.47
941,3/18/2019 0:00,29.43
942,3/18/2019 0:30,29.51
943,3/18/2019 1:00,29.51
944,3/18/2019 1:30,29.51
945,3/18/2019 2:00,29.64
946,3/18/2019 2:30,29.68
947,3/18/2019 3:00,29.56
948,3/18/2019 3:30,29.64
949,3/18/2019 4:00,29.68
950,3/18/2019 4:30,29.68
951,3/18/2019 5:00,29.51
952,3/18/2019 5:30,29.3
953,3/18/2019 6:00,29.34
954,3/18/2019 6:30,29.3
955,3/18/2019 7:00,29.34
956,3/18/2019 7:30,29.3
957,3/18/2019 8:00,29.3
958,3/18/2019 8:30,29.34
959,3/18/2019 9:00,29.3
960,3/18/2019 9:30,29.3
961,3/18/2019 10:00,29.26
962,3/18/2019 10:30,29.34
963,3/18/2019 11:00,29.47
964,3/18/2019 11:30,29.64
965,3/18/2019 12:00,29.81
966,3/18/2019 12:30,29.81
967,3/18/2019 13:00,29.86
968,3/18/2019 13:30,29.86
969,3/18/2019 14:00,29.9
970,3/18/2019 14:30,29.86
971,3/18/2019 15:00,29.81
972,3/18/2019 15:30,29.86
973,3/18/2019 16:00,29.73
974,3/18/2019 16:30,29.73
975,3/18/2019 17:00,29.64
976,3/18/2019 17:30,29.51
977,3/18/2019 18:00,29.21
978,3/18/2019 18:30,29.17
979,3/18/2019 19:00,29.13
980,3/18/2019 19:30,29.08
981,3/18/2019 20:00,29.08
982,3/18/2019 20:30,29
983,3/18/2019 21:00,29.08
984,3/18/2019 21:30,29.08
985,3/18/2019 22:00,29.04
986,3/18/2019 22:30,29.04
987,3/18/2019 23:00,29.04
988,3/18/2019 23:30,29.13
989,3/19/2019 0:00,29.3
990,3/19/2019 0:30,29.47
991,3/19/2019 1:00,29.51
992,3/19/2019 1:30,29.64
993,3/19/2019 2:00,29.77
994,3/19/2019 2:30,29.86
995,3/19/2019 3:00,29.9
996,3/19/2019 3:30,29.86
997,3/19/2019 4:00,30.16
998,3/19/2019 4:30,30.07
999,3/19/2019 5:00,30.16
1000,3/19/2019 5:30,29.9
1001,3/19/2019 6:00,29.6
1002,3/19/2019 6:30,29.68
1003,3/19/2019 7:00,29.51
1004,3/19/2019 7:30,29.6
1005,3/19/2019 8:00,29.64
1006,3/19/2019 8:30,29.56
1007,3/19/2019 9:00,29.47
1008,3/19/2019 9:30,29.56
1009,3/19/2019 10:00,29.6
1010,3/19/2019 10:30,29.51
1011,3/19/2019 11:00,29.56
1012,3/19/2019 11:30,29.56
1013,3/19/2019 12:00,29.64
1014,3/19/2019 12:30,29.77
1015,3/19/2019 13:00,29.81
1016,3/19/2019 13:30,29.9
1017,3/19/2019 14:00,29.94
1018,3/19/2019 14:30,29.98
1019,3/19/2019 15:00,29.98
1020,3/19/2019 15:30,29.94
1021,3/19/2019 16:00,29.94
1022,3/19/2019 16:30,29.86
1023,3/19/2019 17:00,29.77
1024,3/19/2019 17:30,29.81
1025,3/19/2019 18:00,29.64
1026,3/19/2019 18:30,29.47
1027,3/19/2019 19:00,29.34
1028,3/19/2019 19:30,29.3
1029,3/19/2019 20:00,29.3
1030,3/19/2019 20:30,29.26
1031,3/19/2019 21:00,29.3
1032,3/19/2019 21:30,29.3
1033,3/19/2019 22:00,29.3
1034,3/19/2019 22:30,29.34
1035,3/19/2019 23:00,29.3
1036,3/19/2019 23:30,29.34
1037,3/20/2019 0:00,29.3
1038,3/20/2019 0:30,29.43
1039,3/20/2019 1:00,29.6
1040,3/20/2019 1:30,29.68
1041,3/20/2019 2:00,29.73
1042,3/20/2019 2:30,29.94
1043,3/20/2019 3:00,30.2
1044,3/20/2019 3:30,30.24
1045,3/20/2019 4:00,30.16
1046,3/20/2019 4:30,30.5
1047,3/20/2019 5:00,30.5
1048,3/20/2019 5:30,30.2
1049,3/20/2019 6:00,29.94
1050,3/20/2019 6:30,30.03
1051,3/20/2019 7:00,29.77
1052,3/20/2019 7:30,29.73
1053,3/20/2019 8:00,29.68
1054,3/20/2019 8:30,29.77
1055,3/20/2019 9:00,29.77
1056,3/20/2019 9:30,29.73
1057,3/20/2019 10:00,29.77
1058,3/20/2019 10:30,29.77
1059,3/20/2019 11:00,29.77
1060,3/20/2019 11:30,29.68
1061,3/20/2019 12:00,29.68
1062,3/20/2019 12:30,29.68
1063,3/20/2019 13:00,29.77
1064,3/20/2019 13:30,29.86
1065,3/20/2019 14:00,29.94
1066,3/20/2019 14:30,29.98
1067,3/20/2019 15:00,29.98
1068,3/20/2019 15:30,30.07
1069,3/20/2019 16:00,30.07
1070,3/20/2019 16:30,30.07
1071,3/20/2019 17:00,29.94
1072,3/20/2019 17:30,29.86
1073,3/20/2019 18:00,29.86
1074,3/20/2019 18:30,29.73
1075,3/20/2019 19:00,29.68
1076,3/20/2019 19:30,29.6
1077,3/20/2019 20:00,29.6
1078,3/20/2019 20:30,29.6
1079,3/20/2019 21:00,29.6
1080,3/20/2019 21:30,29.6
1081,3/20/2019 22:00,29.6
1082,3/20/2019 22:30,29.56
1083,3/20/2019 23:00,29.56
1084,3/20/2019 23:30,29.6
1085,3/21/2019 0:00,29.6
1086,3/21/2019 0:30,29.64
1087,3/21/2019 1:00,29.64
1088,3/21/2019 1:30,29.77
1089,3/21/2019 2:00,29.86
1090,3/21/2019 2:30,29.86
1091,3/21/2019 3:00,29.98
1092,3/21/2019 3:30,30.28
1093,3/21/2019 4:00,30.37
1094,3/21/2019 4:30,30.37
1095,3/21/2019 5:00,30.41
1096,3/21/2019 5:30,30.71
1097,3/21/2019 6:00,30.5
1098,3/21/2019 6:30,30.5
1099,3/21/2019 7:00,30.28
1100,3/21/2019 7:30,30.28
1101,3/21/2019 8:00,30.2
1102,3/21/2019 8:30,30.2
1103,3/21/2019 9:00,30.2
1104,3/21/2019 9:30,30.16
1105,3/21/2019 10:00,30.11
1106,3/21/2019 10:30,30.2
1107,3/21/2019 11:00,30.11
1108,3/21/2019 11:30,30.11
1109,3/21/2019 12:00,30.07
1110,3/21/2019 12:30,30.16
1111,3/21/2019 13:00,30.11
1112,3/21/2019 13:30,30.07
1113,3/21/2019 14:00,30.07
1114,3/21/2019 14:30,30.11
1115,3/21/2019 15:00,30.16
1116,3/21/2019 15:30,30.16
1117,3/21/2019 16:00,30.2
1118,3/21/2019 16:30,30.2
1119,3/21/2019 17:00,30.16
1120,3/21/2019 17:30,30.16
1121,3/21/2019 18:00,30.03
1122,3/21/2019 18:30,29.98
1123,3/21/2019 19:00,29.94
1124,3/21/2019 19:30,29.94
1125,3/21/2019 20:00,29.81
1126,3/21/2019 20:30,29.81
1127,3/21/2019 21:00,29.77
1128,3/21/2019 21:30,29.81
1129,3/21/2019 22:00,29.77
1130,3/21/2019 22:30,29.77
1131,3/21/2019 23:00,29.73
1132,3/21/2019 23:30,29.73
1133,3/22/2019 0:00,29.77
1134,3/22/2019 0:30,29.73
1135,3/22/2019 1:00,29.73
1136,3/22/2019 1:30,29.86
1137,3/22/2019 2:00,29.86
1138,3/22/2019 2:30,30.03
1139,3/22/2019 3:00,30.07
1140,3/22/2019 3:30,30.03
1141,3/22/2019 4:00,30.24
1142,3/22/2019 4:30,30.37
1143,3/22/2019 5:00,30.63
1144,3/22/2019 5:30,30.46
1145,3/22/2019 6:00,30.59
1146,3/22/2019 6:30,30.89
1147,3/22/2019 7:00,30.63
1148,3/22/2019 7:30,30.54
1149,3/22/2019 8:00,30.28
1150,3/22/2019 8:30,30.28
1151,3/22/2019 9:00,30.28
1152,3/22/2019 9:30,30.24
1153,3/22/2019 10:00,30.24
1154,3/22/2019 10:30,30.16
1155,3/22/2019 11:00,30.24
1156,3/22/2019 11:30,30.16
1157,3/22/2019 12:00,30.24
1158,3/22/2019 12:30,30.16
1159,3/22/2019 13:00,30.16
1160,3/22/2019 13:30,30.16
1161,3/22/2019 14:00,30.11
1162,3/22/2019 14:30,30.16
1163,3/22/2019 15:00,30.16
1164,3/22/2019 15:30,30.2
1165,3/22/2019 16:00,30.2
1166,3/22/2019 16:30,30.24
1167,3/22/2019 17:00,30.24
1168,3/22/2019 17:30,30.16
1169,3/22/2019 18:00,30.2
1170,3/22/2019 18:30,30.07
1171,3/22/2019 19:00,30.07
1172,3/22/2019 19:30,30.03
1173,3/22/2019 20:00,30.03
1174,3/22/2019 20:30,29.9
1175,3/22/2019 21:00,29.9
1176,3/22/2019 21:30,29.86
1177,3/22/2019 22:00,29.9
1178,3/22/2019 22:30,29.81
1179,3/22/2019 23:00,29.86
1180,3/22/2019 23:30,29.86
1181,3/23/2019 0:00,29.86
1182,3/23/2019 0:30,29.86
1183,3/23/2019 1:00,29.86
1184,3/23/2019 1:30,29.9
1185,3/23/2019 2:00,29.94
1186,3/23/2019 2:30,29.9
1187,3/23/2019 3:00,29.86
1188,3/23/2019 3:30,29.9
1189,3/23/2019 4:00,29.94
1190,3/23/2019 4:30,30.03
1191,3/23/2019 5:00,30.16
1192,3/23/2019 5:30,30.07
1193,3/23/2019 6:00,30.03
1194,3/23/2019 6:30,30.16
1195,3/23/2019 7:00,30.28
1196,3/23/2019 7:30,30.2
1197,3/23/2019 8:00,30.33
1198,3/23/2019 8:30,30.03
1199,3/23/2019 9:00,30.16
1200,3/23/2019 9:30,30.07
1201,3/23/2019 10:00,30.03
1202,3/23/2019 10:30,29.98
1203,3/23/2019 11:00,29.98
1204,3/23/2019 11:30,29.94
1205,3/23/2019 12:00,29.86
1206,3/23/2019 12:30,29.86
1207,3/23/2019 13:00,29.9
1208,3/23/2019 13:30,29.9
1209,3/23/2019 14:00,29.9
1210,3/23/2019 14:30,29.94
1211,3/23/2019 15:00,29.9
1212,3/23/2019 15:30,29.9
1213,3/23/2019 16:00,29.9
1214,3/23/2019 16:30,29.94
1215,3/23/2019 17:00,29.9
1216,3/23/2019 17:30,29.86
1217,3/23/2019 18:00,29.86
1218,3/23/2019 18:30,29.81
1219,3/23/2019 19:00,29.81
1220,3/23/2019 19:30,29.73
1221,3/23/2019 20:00,29.68
1222,3/23/2019 20:30,29.6
1223,3/23/2019 21:00,29.68
1224,3/23/2019 21:30,29.47
1225,3/23/2019 22:00,29.17
1226,3/23/2019 22:30,29.04
1227,3/23/2019 23:00,29.04
1228,3/23/2019 23:30,28.95
1229,3/24/2019 0:00,28.74
1230,3/24/2019 0:30,28.78
1231,3/24/2019 1:00,28.91
1232,3/24/2019 1:30,28.83
1233,3/24/2019 2:00,28.91
1234,3/24/2019 2:30,29.13
1235,3/24/2019 3:00,29.38
1236,3/24/2019 3:30,29.77
1237,3/24/2019 4:00,29.86
1238,3/24/2019 4:30,29.9
1239,3/24/2019 5:00,29.94
1240,3/24/2019 5:30,30.07
1241,3/24/2019 6:00,30.07
1242,3/24/2019 6:30,30.16
1243,3/24/2019 7:00,30.2
1244,3/24/2019 7:30,30.11
1245,3/24/2019 8:00,30.33
1246,3/24/2019 8:30,30.24
1247,3/24/2019 9:00,30.07
1248,3/24/2019 9:30,29.73
1249,3/24/2019 10:00,29
1250,3/24/2019 10:30,28.65
1251,3/24/2019 11:00,28.65
1252,3/24/2019 11:30,28.53
1253,3/24/2019 12:00,28.48
1254,3/24/2019 12:30,28.31
1255,3/24/2019 13:00,28.35
1256,3/24/2019 13:30,28.48
1257,3/24/2019 14:00,28.4
1258,3/24/2019 14:30,28.48
1259,3/24/2019 15:00,28.65
1260,3/24/2019 15:30,29
1261,3/24/2019 16:00,29.3
1262,3/24/2019 16:30,29.47
1263,3/24/2019 17:00,29.56
1264,3/24/2019 17:30,29.64
1265,3/24/2019 18:00,29.68
1266,3/24/2019 18:30,29.64
1267,3/24/2019 19:00,29.64
1268,3/24/2019 19:30,29.64
1269,3/24/2019 20:00,29.6
1270,3/24/2019 20:30,29.56
1271,3/24/2019 21:00,29.34
1272,3/24/2019 21:30,29.34
1273,3/24/2019 22:00,29.21
1274,3/24/2019 22:30,28.87
1275,3/24/2019 23:00,28.53
1276,3/24/2019 23:30,28.44
1277,3/25/2019 0:00,28.35
1278,3/25/2019 0:30,28.31
1279,3/25/2019 1:00,28.44
1280,3/25/2019 1:30,28.48
1281,3/25/2019 2:00,28.48
1282,3/25/2019 2:30,28.65
1283,3/25/2019 3:00,28.74
1284,3/25/2019 3:30,28.78
1285,3/25/2019 4:00,29.08
1286,3/25/2019 4:30,29.38
1287,3/25/2019 5:00,29.64
1288,3/25/2019 5:30,29.9
1289,3/25/2019 6:00,30.03
1290,3/25/2019 6:30,30.33
1291,3/25/2019 7:00,30.24
1292,3/25/2019 7:30,30.28
1293,3/25/2019 8:00,30.16
1294,3/25/2019 8:30,30.07
1295,3/25/2019 9:00,30.28
1296,3/25/2019 9:30,30.16
1297,3/25/2019 10:00,29.86
1298,3/25/2019 10:30,29.64
1299,3/25/2019 11:00,29.43
1300,3/25/2019 11:30,29.38
1301,3/25/2019 12:00,29.47
1302,3/25/2019 12:30,29.38
1303,3/25/2019 13:00,29.38
1304,3/25/2019 13:30,29.34
1305,3/25/2019 14:00,29.43
1306,3/25/2019 14:30,29.38
1307,3/25/2019 15:00,29.26
1308,3/25/2019 15:30,29.34
1309,3/25/2019 16:00,29.34
1310,3/25/2019 16:30,29.34
1311,3/25/2019 17:00,29.34
1312,3/25/2019 17:30,29.34
1313,3/25/2019 18:00,29.43
1314,3/25/2019 18:30,29.47
1315,3/25/2019 19:00,29.56
1316,3/25/2019 19:30,29.51
1317,3/25/2019 20:00,29.47
1318,3/25/2019 20:30,29.38
1319,3/25/2019 21:00,29.47
1320,3/25/2019 21:30,29.38
1321,3/25/2019 22:00,29.3
1322,3/25/2019 22:30,29.13
1323,3/25/2019 23:00,29.13
1324,3/25/2019 23:30,29.17
1325,3/26/2019 0:00,29.17
1326,3/26/2019 0:30,29.08
1327,3/26/2019 1:00,29.17
1328,3/26/2019 1:30,29.26
1329,3/26/2019 2:00,29.38
1330,3/26/2019 2:30,29.38
1331,3/26/2019 3:00,29.51
1332,3/26/2019 3:30,29.6
1333,3/26/2019 4:00,29.68
1334,3/26/2019 4:30,29.77
1335,3/26/2019 5:00,29.86
1336,3/26/2019 5:30,29.86
1337,3/26/2019 6:00,30.07
1338,3/26/2019 6:30,30.2
1339,3/26/2019 7:00,30.28
1340,3/26/2019 7:30,30.41
1341,3/26/2019 8:00,30.03
1342,3/26/2019 8:30,30.07
1343,3/26/2019 9:00,30.2
1344,3/26/2019 9:30,30.11
1345,3/26/2019 10:00,30.07
1346,3/26/2019 10:30,30.03
1347,3/26/2019 11:00,29.94
1348,3/26/2019 11:30,29.94
1349,3/26/2019 12:00,29.68
1350,3/26/2019 12:30,29.6
1351,3/26/2019 13:00,29.51
1352,3/26/2019 13:30,29.64
1353,3/26/2019 14:00,29.68
1354,3/26/2019 14:30,29.68
1355,3/26/2019 15:00,29.47
1356,3/26/2019 15:30,29.38
1357,3/26/2019 16:00,29.38
1358,3/26/2019 16:30,29.43
1359,3/26/2019 17:00,29.43
1360,3/26/2019 17:30,29.47
1361,3/26/2019 18:00,29.51
1362,3/26/2019 18:30,29.6
1363,3/26/2019 19:00,29.6
1364,3/26/2019 19:30,29.64
1365,3/26/2019 20:00,29.56
1366,3/26/2019 20:30,29.51
1367,3/26/2019 21:00,29.43
1368,3/26/2019 21:30,29.47
1369,3/26/2019 22:00,29.6
1370,3/26/2019 22:30,29.51
1371,3/26/2019 23:00,29.47
1372,3/26/2019 23:30,29.43
1373,3/27/2019 0:00,29.43
1374,3/27/2019 0:30,29.34
1375,3/27/2019 1:00,29.26
1376,3/27/2019 1:30,29.26
1377,3/27/2019 2:00,29.38
1378,3/27/2019 2:30,29.6
1379,3/27/2019 3:00,29.56
1380,3/27/2019 3:30,29.43
1381,3/27/2019 4:00,29.81
1382,3/27/2019 4:30,29.81
1383,3/27/2019 5:00,29.77
1384,3/27/2019 5:30,30.11
1385,3/27/2019 6:00,30.24
1386,3/27/2019 6:30,30.5
1387,3/27/2019 7:00,30.33
1388,3/27/2019 7:30,30.46
1389,3/27/2019 8:00,30.59
1390,3/27/2019 8:30,30.2
1391,3/27/2019 9:00,30.2
1392,3/27/2019 9:30,30.41
1393,3/27/2019 10:00,30.37
1394,3/27/2019 10:30,30.41
1395,3/27/2019 11:00,30.28
1396,3/27/2019 11:30,30.16
1397,3/27/2019 12:00,30.24
1398,3/27/2019 12:30,29.98
1399,3/27/2019 13:00,30.07
1400,3/27/2019 13:30,29.64
1401,3/27/2019 14:00,29.73
1402,3/27/2019 14:30,29.73
1403,3/27/2019 15:00,29.77
1404,3/27/2019 15:30,29.77
1405,3/27/2019 16:00,29.64
1406,3/27/2019 16:30,29.21
1407,3/27/2019 17:00,29.56
1408,3/27/2019 17:30,29.3
1409,3/27/2019 18:00,29.21
1410,3/27/2019 18:30,28.95
1411,3/27/2019 19:00,29.17
1412,3/27/2019 19:30,29.26
1413,3/27/2019 20:00,29.21
1414,3/27/2019 20:30,29.21
1415,3/27/2019 21:00,29.34
1416,3/27/2019 21:30,29.26
1417,3/27/2019 22:00,29.26
1418,3/27/2019 22:30,29.17
1419,3/27/2019 23:00,29.13
1420,3/27/2019 23:30,29.26
1421,3/28/2019 0:00,29.26
1422,3/28/2019 0:30,29.26
1423,3/28/2019 1:00,29.34
1424,3/28/2019 1:30,29.34
1425,3/28/2019 2:00,29.26
1426,3/28/2019 2:30,29.26
1427,3/28/2019 3:00,29.38
1428,3/28/2019 3:30,29.51
1429,3/28/2019 4:00,29.38
1430,3/28/2019 4:30,29.6
1431,3/28/2019 5:00,29.94
1432,3/28/2019 5:30,30.2
1433,3/28/2019 6:00,30.16
1434,3/28/2019 6:30,30.11
1435,3/28/2019 7:00,30.11
1436,3/28/2019 7:30,30.2
1437,3/28/2019 8:00,30.24
1438,3/28/2019 8:30,30.33
1439,3/28/2019 9:00,30.33
1440,3/28/2019 9:30,30.37
1441,3/28/2019 10:00,30.28
1442,3/28/2019 10:30,30.2
1443,3/28/2019 11:00,30.11
1444,3/28/2019 11:30,30.03
1445,3/28/2019 12:00,29.94
1446,3/28/2019 12:30,30.03
1447,3/28/2019 13:00,30.03
1448,3/28/2019 13:30,29.94
1449,3/28/2019 14:00,29.9
1450,3/28/2019 14:30,29.9
1451,3/28/2019 15:00,29.77
1452,3/28/2019 15:30,29.77
1453,3/28/2019 16:00,29.81
1454,3/28/2019 16:30,29.68
1455,3/28/2019 17:00,29.51
1456,3/28/2019 17:30,29.34
1457,3/28/2019 18:00,29.04
1458,3/28/2019 18:30,29.08
1459,3/28/2019 19:00,29.08
1460,3/28/2019 19:30,29
1461,3/28/2019 20:00,28.78
1462,3/28/2019 20:30,28.83
1463,3/28/2019 21:00,29.04
1464,3/28/2019 21:30,29.43
1465,3/28/2019 22:00,29.38
1466,3/28/2019 22:30,29.3
1467,3/28/2019 23:00,29.6
1468,3/28/2019 23:30,29.47
1469,3/29/2019 0:00,29.56
1470,3/29/2019 0:30,29.51
1471,3/29/2019 1:00,29.51
1472,3/29/2019 1:30,29.43
1473,3/29/2019 2:00,29.51
1474,3/29/2019 2:30,29.43
1475,3/29/2019 3:00,29.47
1476,3/29/2019 3:30,29.43
1477,3/29/2019 4:00,29.47
1478,3/29/2019 4:30,29.6
1479,3/29/2019 5:00,29.56
1480,3/29/2019 5:30,29.77
1481,3/29/2019 6:00,30.37
1482,3/29/2019 6:30,30.59
1483,3/29/2019 7:00,30.59
1484,3/29/2019 7:30,30.63
1485,3/29/2019 8:00,30.54
1486,3/29/2019 8:30,30.67
1487,3/29/2019 9:00,30.63
1488,3/29/2019 9:30,30.5
1489,3/29/2019 10:00,30.33
1490,3/29/2019 10:30,30.33
1491,3/29/2019 11:00,30.37
1492,3/29/2019 11:30,30.33
1493,3/29/2019 12:00,30.37
1494,3/29/2019 12:30,30.33
1495,3/29/2019 13:00,30.28
1496,3/29/2019 13:30,30.16
1497,3/29/2019 14:00,30.07
1498,3/29/2019 14:30,30.03
1499,3/29/2019 15:00,29.9
1500,3/29/2019 15:30,29.77
1501,3/29/2019 16:00,29.77
1502,3/29/2019 16:30,29.73
1503,3/29/2019 17:00,29.77
1504,3/29/2019 17:30,29.77
1505,3/29/2019 18:00,29.73
1506,3/29/2019 18:30,29.6
1507,3/29/2019 19:00,29.08
1508,3/29/2019 19:30,29.17
1509,3/29/2019 20:00,29.17
1510,3/29/2019 20:30,29.17
1511,3/29/2019 21:00,29.17
1512,3/29/2019 21:30,29.13
1513,3/29/2019 22:00,29.04
1514,3/29/2019 22:30,29
1515,3/29/2019 23:00,29.04
1516,3/29/2019 23:30,29
1517,3/30/2019 0:00,29.3
1518,3/30/2019 0:30,29.43
1519,3/30/2019 1:00,29.38
1520,3/30/2019 1:30,29.47
1521,3/30/2019 2:00,29.47
1522,3/30/2019 2:30,29.43
1523,3/30/2019 3:00,29.47
1524,3/30/2019 3:30,29.43
1525,3/30/2019 4:00,29.47
1526,3/30/2019 4:30,29.43
1527,3/30/2019 5:00,29.51
1528,3/30/2019 5:30,29.6
1529,3/30/2019 6:00,29.94
1530,3/30/2019 6:30,29.86
1531,3/30/2019 7:00,29.68
1532,3/30/2019 7:30,29.6
1533,3/30/2019 8:00,30.03
1534,3/30/2019 8:30,29.94
1535,3/30/2019 9:00,30.59
1536,3/30/2019 9:30,30.67
1537,3/30/2019 10:00,30.76
1538,3/30/2019 10:30,30.76
1539,3/30/2019 11:00,30.84
1540,3/30/2019 11:30,30.76
1541,3/30/2019 12:00,30.63
1542,3/30/2019 12:30,30.67
1543,3/30/2019 13:00,30.54
1544,3/30/2019 13:30,30.5
1545,3/30/2019 14:00,30.5
1546,3/30/2019 14:30,30.37
1547,3/30/2019 15:00,30.2
1548,3/30/2019 15:30,30.28
1549,3/30/2019 16:00,30.16
1550,3/30/2019 16:30,29.98
1551,3/30/2019 17:00,29.9
1552,3/30/2019 17:30,29.98
1553,3/30/2019 18:00,29.86
1554,3/30/2019 18:30,29.86
1555,3/30/2019 19:00,29.98
1556,3/30/2019 19:30,29.81
1557,3/30/2019 20:00,29.56
1558,3/30/2019 20:30,29.43
1559,3/30/2019 21:00,29.56
1560,3/30/2019 21:30,29.56
1561,3/30/2019 22:00,29.56
1562,3/30/2019 22:30,29.47
1563,3/30/2019 23:00,29.47
1564,3/30/2019 23:30,29.56
1565,3/31/2019 0:00,29.56
1566,3/31/2019 0:30,29.43
1567,3/31/2019 1:00,29.34
1568,3/31/2019 1:30,29.64
1569,3/31/2019 2:00,29.64
1570,3/31/2019 2:30,29.73
1571,3/31/2019 3:00,29.73
1572,3/31/2019 3:30,29.64
1573,3/31/2019 4:00,29.6
1574,3/31/2019 4:30,29.56
1575,3/31/2019 5:00,29.51
1576,3/31/2019 5:30,29.56
1577,3/31/2019 6:00,29.47
1578,3/31/2019 6:30,29.51
1579,3/31/2019 7:00,29.64
1580,3/31/2019 7:30,29.64
1581,3/31/2019 8:00,29.56
1582,3/31/2019 8:30,29.43
1583,3/31/2019 9:00,29.38
1584,3/31/2019 9:30,29.38
1585,3/31/2019 10:00,29.38
1586,3/31/2019 10:30,29.43
1587,3/31/2019 11:00,29.38
1588,3/31/2019 11:30,29.43
1589,3/31/2019 12:00,29.43
1590,3/31/2019 12:30,29.38
1591,3/31/2019 13:00,29.38
1592,3/31/2019 13:30,29.34
1593,3/31/2019 14:00,29.26
1594,3/31/2019 14:30,29.34
1595,3/31/2019 15:00,29.43
1596,3/31/2019 15:30,29.3
1597,3/31/2019 16:00,29.43
1598,3/31/2019 16:30,29.34
1599,3/31/2019 17:00,29.34
1600,3/31/2019 17:30,29.38
1601,3/31/2019 18:00,29.21
1602,3/31/2019 18:30,29.3
1603,3/31/2019 19:00,29.26
1604,3/31/2019 19:30,29.43
1605,3/31/2019 20:00,29.38
1606,3/31/2019 20:30,29.04
1607,3/31/2019 21:00,28.44
1608,3/31/2019 21:30,28.83
1609,3/31/2019 22:00,28.74
1610,3/31/2019 22:30,28.78
1611,3/31/2019 23:00,28.65
1612,3/31/2019 23:30,28.65
1613,4/1/2019 0:00,28.4
1614,4/1/2019 0:30,28.7
1615,4/1/2019 1:00,28.53
1616,4/1/2019 1:30,28.53
1617,4/1/2019 2:00,28.57
1618,4/1/2019 2:30,28.7
1619,4/1/2019 3:00,28.7
1620,4/1/2019 3:30,28.57
1621,4/1/2019 4:00,28.83
1622,4/1/2019 4:30,28.91
1623,4/1/2019 5:00,29
1624,4/1/2019 5:30,28.91
1625,4/1/2019 6:00,29.04
1626,4/1/2019 6:30,29.13
1627,4/1/2019 7:00,29
1628,4/1/2019 7:30,29.17
1629,4/1/2019 8:00,29.08
1630,4/1/2019 8:30,29
1631,4/1/2019 9:00,28.91
1632,4/1/2019 9:30,28.91
1633,4/1/2019 10:00,28.87
1634,4/1/2019 10:30,28.91
1635,4/1/2019 11:00,28.95
1636,4/1/2019 11:30,28.91
1637,4/1/2019 12:00,28.83
1638,4/1/2019 12:30,28.65
1639,4/1/2019 13:00,28.7
1640,4/1/2019 13:30,28.01
1641,4/1/2019 14:00,28.7
1642,4/1/2019 14:30,28.7
1643,4/1/2019 15:00,28.57
1644,4/1/2019 15:30,28.53
1645,4/1/2019 16:00,28.74
1646,4/1/2019 16:30,28.78
1647,4/1/2019 17:00,28.74
1648,4/1/2019 17:30,28.83
1649,4/1/2019 18:00,28.78
1650,4/1/2019 18:30,28.78
1651,4/1/2019 19:00,28.95
1652,4/1/2019 19:30,29
1653,4/1/2019 20:00,29.04
1654,4/1/2019 20:30,28.44
1655,4/1/2019 21:00,28.65
1656,4/1/2019 21:30,28.35
1657,4/1/2019 22:00,28.44
1658,4/1/2019 22:30,28.57
1659,4/1/2019 23:00,28.61
1660,4/1/2019 23:30,28.61
1661,4/2/2019 0:00,28.65
1662,4/2/2019 0:30,28.74
1663,4/2/2019 1:00,28.78
1664,4/2/2019 1:30,28.83
1665,4/2/2019 2:00,28.95
1666,4/2/2019 2:30,29.21
1667,4/2/2019 3:00,28.95
1668,4/2/2019 3:30,28.91
1669,4/2/2019 4:00,29.04
1670,4/2/2019 4:30,28.91
1671,4/2/2019 5:00,29.04
1672,4/2/2019 5:30,29.17
1673,4/2/2019 6:00,29.08
1674,4/2/2019 6:30,29.21
1675,4/2/2019 7:00,29.34
1676,4/2/2019 7:30,29.43
1677,4/2/2019 8:00,29.34
1678,4/2/2019 8:30,29.43
1679,4/2/2019 9:00,29.47
1680,4/2/2019 9:30,29.47
1681,4/2/2019 10:00,29.38
1682,4/2/2019 10:30,29.43
1683,4/2/2019 11:00,29.38
1684,4/2/2019 11:30,29.3
1685,4/2/2019 12:00,29.26
1686,4/2/2019 12:30,29.26
1687,4/2/2019 13:00,29.17
1688,4/2/2019 13:30,29.17
1689,4/2/2019 14:00,29.13
1690,4/2/2019 14:30,29.08
1691,4/2/2019 15:00,29.04
1692,4/2/2019 15:30,29.13
1693,4/2/2019 16:00,29.17
1694,4/2/2019 16:30,29.13
1695,4/2/2019 17:00,29.08
1696,4/2/2019 17:30,28.95
1697,4/2/2019 18:00,29.04
1698,4/2/2019 18:30,29.17
1699,4/2/2019 19:00,29.26
1700,4/2/2019 19:30,29.17
1701,4/2/2019 20:00,29.26
1702,4/2/2019 20:30,29.26
1703,4/2/2019 21:00,29.08
1704,4/2/2019 21:30,28.95
1705,4/2/2019 22:00,29
1706,4/2/2019 22:30,28.95
1707,4/2/2019 23:00,29.04
1708,4/2/2019 23:30,29.13
1709,4/3/2019 0:00,29.04
1710,4/3/2019 0:30,29.04
1711,4/3/2019 1:00,28.61
1712,4/3/2019 1:30,28.7
1713,4/3/2019 2:00,28.61
1714,4/3/2019 2:30,28.74
1715,4/3/2019 3:00,28.83
1716,4/3/2019 3:30,28.87
1717,4/3/2019 4:00,28.91
1718,4/3/2019 4:30,28.95
1719,4/3/2019 5:00,29.04
1720,4/3/2019 5:30,29.08
1721,4/3/2019 6:00,29.17
1722,4/3/2019 6:30,29.17
1723,4/3/2019 7:00,29.21
1724,4/3/2019 7:30,29.21
1725,4/3/2019 8:00,29.3
1726,4/3/2019 8:30,29.26
1727,4/3/2019 9:00,29.26
1728,4/3/2019 9:30,29.21
1729,4/3/2019 10:00,29.21
1730,4/3/2019 10:30,29.17
1731,4/3/2019 11:00,29.17
1732,4/3/2019 11:30,29.17
1733,4/3/2019 12:00,29.13
1734,4/3/2019 12:30,29.04
1735,4/3/2019 13:00,29.04
1736,4/3/2019 13:30,29
1737,4/3/2019 14:00,28.95
1738,4/3/2019 14:30,28.91
1739,4/3/2019 15:00,28.87
1740,4/3/2019 15:30,28.7
1741,4/3/2019 16:00,28.74
1742,4/3/2019 16:30,28.87
1743,4/3/2019 17:00,28.7
1744,4/3/2019 17:30,28.78
1745,4/3/2019 18:00,28.74
1746,4/3/2019 18:30,28.87
1747,4/3/2019 19:00,29
1748,4/3/2019 19:30,28.95
1749,4/3/2019 20:00,29
1750,4/3/2019 20:30,29.04
1751,4/3/2019 21:00,29.04
1752,4/3/2019 21:30,28.74
1753,4/3/2019 22:00,28.91
1754,4/3/2019 22:30,28.78
1755,4/3/2019 23:00,28.78
1756,4/3/2019 23:30,28.87
1757,4/4/2019 0:00,28.91
1758,4/4/2019 0:30,28.87
1759,4/4/2019 1:00,28.95
1760,4/4/2019 1:30,28.95
1761,4/4/2019 2:00,28.91
1762,4/4/2019 2:30,29
1763,4/4/2019 3:00,29.04
1764,4/4/2019 3:30,29.26
1765,4/4/2019 4:00,29.04
1766,4/4/2019 4:30,29
1767,4/4/2019 5:00,29.08
1768,4/4/2019 5:30,29.38
1769,4/4/2019 6:00,29.73
1770,4/4/2019 6:30,29.56
1771,4/4/2019 7:00,29.21
1772,4/4/2019 7:30,29.34
1773,4/4/2019 8:00,29.34
1774,4/4/2019 8:30,29.26
1775,4/4/2019 9:00,29.34
1776,4/4/2019 9:30,29.34
1777,4/4/2019 10:00,29.26
1778,4/4/2019 10:30,29.21
1779,4/4/2019 11:00,29.26
1780,4/4/2019 11:30,29.26
1781,4/4/2019 12:00,29.3
1782,4/4/2019 12:30,29.26
1783,4/4/2019 13:00,29.21
1784,4/4/2019 13:30,29.13
1785,4/4/2019 14:00,29.08
1786,4/4/2019 14:30,29.13
1787,4/4/2019 15:00,29.13
1788,4/4/2019 15:30,29.08
1789,4/4/2019 16:00,29.04
1790,4/4/2019 16:30,29.04
1791,4/4/2019 17:00,29.13
1792,4/4/2019 17:30,29.04
1793,4/4/2019 18:00,29.08
1794,4/4/2019 18:30,29
1795,4/4/2019 19:00,29.04
1796,4/4/2019 19:30,29.21
1797,4/4/2019 20:00,29.21
1798,4/4/2019 20:30,29.21
1799,4/4/2019 21:00,29.26
1800,4/4/2019 21:30,29.17
1801,4/4/2019 22:00,29.13
1802,4/4/2019 22:30,29.04
1803,4/4/2019 23:00,29.17
1804,4/4/2019 23:30,29.04
1805,4/5/2019 0:00,29.13
1806,4/5/2019 0:30,29.13
1807,4/5/2019 1:00,29.13
1808,4/5/2019 1:30,29.13
1809,4/5/2019 2:00,29.26
1810,4/5/2019 2:30,29.3
1811,4/5/2019 3:00,29.3
1812,4/5/2019 3:30,29.47
1813,4/5/2019 4:00,29.73
1814,4/5/2019 4:30,29.34
1815,4/5/2019 5:00,29.34
1816,4/5/2019 5:30,29.47
1817,4/5/2019 6:00,29.68
1818,4/5/2019 6:30,29.9
1819,4/5/2019 7:00,29.64
1820,4/5/2019 7:30,29.56
1821,4/5/2019 8:00,29.47
1822,4/5/2019 8:30,29.51
1823,4/5/2019 9:00,29.47
1824,4/5/2019 9:30,29.43
1825,4/5/2019 10:00,29.43
1826,4/5/2019 10:30,29.43
1827,4/5/2019 11:00,29.43
1828,4/5/2019 11:30,29.47
1829,4/5/2019 12:00,29.43
1830,4/5/2019 12:30,29.38
1831,4/5/2019 13:00,29.38
1832,4/5/2019 13:30,29.26
1833,4/5/2019 14:00,29.21
1834,4/5/2019 14:30,29.21
1835,4/5/2019 15:00,29.17
1836,4/5/2019 15:30,29.26
1837,4/5/2019 16:00,29.17
1838,4/5/2019 16:30,29.08
1839,4/5/2019 17:00,29.04
1840,4/5/2019 17:30,29.13
1841,4/5/2019 18:00,29.17
1842,4/5/2019 18:30,29.04
1843,4/5/2019 19:00,29.04
1844,4/5/2019 19:30,29.08
1845,4/5/2019 20:00,29.3
1846,4/5/2019 20:30,29.3
1847,4/5/2019 21:00,29.3
1848,4/5/2019 21:30,29.3
1849,4/5/2019 22:00,29.34
1850,4/5/2019 22:30,29.3
1851,4/5/2019 23:00,29.17
1852,4/5/2019 23:30,29.3
1853,4/6/2019 0:00,29.21
1854,4/6/2019 0:30,29.21
1855,4/6/2019 1:00,29.21
1856,4/6/2019 1:30,29.21
1857,4/6/2019 2:00,29.21
1858,4/6/2019 2:30,29.13
1859,4/6/2019 3:00,29.17
1860,4/6/2019 3:30,29.13
1861,4/6/2019 4:00,29.13
1862,4/6/2019 4:30,29.17
1863,4/6/2019 5:00,29.3
1864,4/6/2019 5:30,29.21
1865,4/6/2019 6:00,29.21
1866,4/6/2019 6:30,29.3
1867,4/6/2019 7:00,29.51
1868,4/6/2019 7:30,29.3
1869,4/6/2019 8:00,29.34
1870,4/6/2019 8:30,29.43
1871,4/6/2019 9:00,29.43
1872,4/6/2019 9:30,29.38
1873,4/6/2019 10:00,29.43
1874,4/6/2019 10:30,29.38
1875,4/6/2019 11:00,29.34
1876,4/6/2019 11:30,29.34
1877,4/6/2019 12:00,29.38
1878,4/6/2019 12:30,29.38
1879,4/6/2019 13:00,29.3
1880,4/6/2019 13:30,29.26
1881,4/6/2019 14:00,29.21
1882,4/6/2019 14:30,29.04
1883,4/6/2019 15:00,29
1884,4/6/2019 15:30,29
1885,4/6/2019 16:00,28.95
1886,4/6/2019 16:30,29
1887,4/6/2019 17:00,28.91
1888,4/6/2019 17:30,28.83
1889,4/6/2019 18:00,28.87
1890,4/6/2019 18:30,28.95
1891,4/6/2019 19:00,28.87
1892,4/6/2019 19:30,28.87
1893,4/6/2019 20:00,28.91
1894,4/6/2019 20:30,29.17
1895,4/6/2019 21:00,29.13
1896,4/6/2019 21:30,29.26
1897,4/6/2019 22:00,29.21
1898,4/6/2019 22:30,29.3
1899,4/6/2019 23:00,29.21
1900,4/6/2019 23:30,29.21
1901,4/7/2019 0:00,29.3
1902,4/7/2019 0:30,29.26
1903,4/7/2019 1:00,29.21
1904,4/7/2019 1:30,29.26
1905,4/7/2019 2:00,29.17
1906,4/7/2019 2:30,29.08
1907,4/7/2019 3:00,29.13
1908,4/7/2019 3:30,29.21
1909,4/7/2019 4:00,29.26
1910,4/7/2019 4:30,29.38
1911,4/7/2019 5:00,29.47
1912,4/7/2019 5:30,29.56
1913,4/7/2019 6:00,29.43
1914,4/7/2019 6:30,29.47
1915,4/7/2019 7:00,29.94
1916,4/7/2019 7:30,29.81
1917,4/7/2019 8:00,29.77
1918,4/7/2019 8:30,29.64
1919,4/7/2019 9:00,29.6
1920,4/7/2019 9:30,29.6
1921,4/7/2019 10:00,29.56
1922,4/7/2019 10:30,29.56
1923,4/7/2019 11:00,29.51
1924,4/7/2019 11:30,29.51
1925,4/7/2019 12:00,29.51
1926,4/7/2019 12:30,29.56
1927,4/7/2019 13:00,29.47
1928,4/7/2019 13:30,29.47
1929,4/7/2019 14:00,29.47
1930,4/7/2019 14:30,29.3
1931,4/7/2019 15:00,29.21
1932,4/7/2019 15:30,29.21
1933,4/7/2019 16:00,29.13
1934,4/7/2019 16:30,29.17
1935,4/7/2019 17:00,29.13
1936,4/7/2019 17:30,29.08
1937,4/7/2019 18:00,29.08
1938,4/7/2019 18:30,29.13
1939,4/7/2019 19:00,29.13
1940,4/7/2019 19:30,29
1941,4/7/2019 20:00,28.95
1942,4/7/2019 20:30,29.13
1943,4/7/2019 21:00,29.34
1944,4/7/2019 21:30,29.3
1945,4/7/2019 22:00,29.3
1946,4/7/2019 22:30,29.3
1947,4/7/2019 23:00,29.34
1948,4/7/2019 23:30,29.3
1949,4/8/2019 0:00,29.3
1950,4/8/2019 0:30,29.34
1951,4/8/2019 1:00,29.34
1952,4/8/2019 1:30,29.34
1953,4/8/2019 2:00,29.34
1954,4/8/2019 2:30,29.47
1955,4/8/2019 3:00,29.43
1956,4/8/2019 3:30,29.43
1957,4/8/2019 4:00,29.43
1958,4/8/2019 4:30,29.51
1959,4/8/2019 5:00,29.6
1960,4/8/2019 5:30,29.86
1961,4/8/2019 6:00,29.6
1962,4/8/2019 6:30,29.56
1963,4/8/2019 7:00,29.6
1964,4/8/2019 7:30,29.9
1965,4/8/2019 8:00,30.03
1966,4/8/2019 8:30,29.9
1967,4/8/2019 9:00,29.9
1968,4/8/2019 9:30,29.81
1969,4/8/2019 10:00,29.86
1970,4/8/2019 10:30,29.9
1971,4/8/2019 11:00,29.86
1972,4/8/2019 11:30,29.81
1973,4/8/2019 12:00,29.73
1974,4/8/2019 12:30,29.77
1975,4/8/2019 13:00,29.77
1976,4/8/2019 13:30,29.77
1977,4/8/2019 14:00,29.73
1978,4/8/2019 14:30,29.68
1979,4/8/2019 15:00,29.56
1980,4/8/2019 15:30,29.43
1981,4/8/2019 16:00,29.38
1982,4/8/2019 16:30,29.34
1983,4/8/2019 17:00,29.34
1984,4/8/2019 17:30,29.3
1985,4/8/2019 18:00,29.21
1986,4/8/2019 18:30,29.21
1987,4/8/2019 19:00,29.34
1988,4/8/2019 19:30,29.34
1989,4/8/2019 20:00,29.26
1990,4/8/2019 20:30,29.21
1991,4/8/2019 21:00,29.21
1992,4/8/2019 21:30,29.34
1993,4/8/2019 22:00,29.47
1994,4/8/2019 22:30,29.47
1995,4/8/2019 23:00,29.47
1996,4/8/2019 23:30,29.51
1997,4/9/2019 0:00,29.47
1998,4/9/2019 0:30,29.43
1999,4/9/2019 1:00,29.51
2000,4/9/2019 1:30,29.51
2001,4/9/2019 2:00,29.56
2002,4/9/2019 2:30,29.6
2003,4/9/2019 3:00,29.6
2004,4/9/2019 3:30,29.6
2005,4/9/2019 4:00,29.64
2006,4/9/2019 4:30,29.68
2007,4/9/2019 5:00,29.77
2008,4/9/2019 5:30,29.9
2009,4/9/2019 6:00,30.07
2010,4/9/2019 6:30,29.77
2011,4/9/2019 7:00,29.9
2012,4/9/2019 7:30,29.98
2013,4/9/2019 8:00,29.98
2014,4/9/2019 8:30,30.16
2015,4/9/2019 9:00,30.07
2016,4/9/2019 9:30,30.11
2017,4/9/2019 10:00,30.03
2018,4/9/2019 10:30,29.86
2019,4/9/2019 11:00,29.81
2020,4/9/2019 11:30,29.86
2021,4/9/2019 12:00,29.81
2022,4/9/2019 12:30,29.73
2023,4/9/2019 13:00,29.77
2024,4/9/2019 13:30,29.77
2025,4/9/2019 14:00,29.77
2026,4/9/2019 14:30,29.68
2027,4/9/2019 15:00,29.64
2028,4/9/2019 15:30,29.64
2029,4/9/2019 16:00,29.56
2030,4/9/2019 16:30,29.43
2031,4/9/2019 17:00,29.43
2032,4/9/2019 17:30,29.38
2033,4/9/2019 18:00,29.38
2034,4/9/2019 18:30,29.38
2035,4/9/2019 19:00,29.38
2036,4/9/2019 19:30,29.43
2037,4/9/2019 20:00,29.43
2038,4/9/2019 20:30,29.38
2039,4/9/2019 21:00,29.38
2040,4/9/2019 21:30,29.17
2041,4/9/2019 22:00,29.04
2042,4/9/2019 22:30,29.38
2043,4/9/2019 23:00,29.51
2044,4/9/2019 23:30,29.51
2045,4/10/2019 0:00,29.47
2046,4/10/2019 0:30,29.43
2047,4/10/2019 1:00,29.47
2048,4/10/2019 1:30,29.51
2049,4/10/2019 2:00,29.56
2050,4/10/2019 2:30,29.73
2051,4/10/2019 3:00,29.73
2052,4/10/2019 3:30,29.73
2053,4/10/2019 4:00,29.81
2054,4/10/2019 4:30,29.81
2055,4/10/2019 5:00,29.94
2056,4/10/2019 5:30,30.07
2057,4/10/2019 6:00,30.16
2058,4/10/2019 6:30,30.2
2059,4/10/2019 7:00,30.33
2060,4/10/2019 7:30,30.2
2061,4/10/2019 8:00,29.94
2062,4/10/2019 8:30,29.98
2063,4/10/2019 9:00,29.98
2064,4/10/2019 9:30,30.11
2065,4/10/2019 10:00,30.16
2066,4/10/2019 10:30,30.11
2067,4/10/2019 11:00,29.98
2068,4/10/2019 11:30,29.94
2069,4/10/2019 12:00,29.9
2070,4/10/2019 12:30,29.86
2071,4/10/2019 13:00,29.81
2072,4/10/2019 13:30,29.86
2073,4/10/2019 14:00,29.81
2074,4/10/2019 14:30,29.77
2075,4/10/2019 15:00,29.6
2076,4/10/2019 15:30,29.6
2077,4/10/2019 16:00,29.64
2078,4/10/2019 16:30,29.64
2079,4/10/2019 17:00,29.6
2080,4/10/2019 17:30,29.43
2081,4/10/2019 18:00,29.47
2082,4/10/2019 18:30,29.43
2083,4/10/2019 19:00,29.43
2084,4/10/2019 19:30,29.34
2085,4/10/2019 20:00,29.51
2086,4/10/2019 20:30,29.47
2087,4/10/2019 21:00,29.43
2088,4/10/2019 21:30,29.43
2089,4/10/2019 22:00,29.3
2090,4/10/2019 22:30,29.43
2091,4/10/2019 23:00,29.43
2092,4/10/2019 23:30,29.38
2093,4/11/2019 0:00,29.34
2094,4/11/2019 0:30,29.6
2095,4/11/2019 1:00,29.56
2096,4/11/2019 1:30,29.6
2097,4/11/2019 2:00,29.68
2098,4/11/2019 2:30,29.73
2099,4/11/2019 3:00,29.64
2100,4/11/2019 3:30,29.73
2101,4/11/2019 4:00,29.64
2102,4/11/2019 4:30,29.6
2103,4/11/2019 5:00,29.6
2104,4/11/2019 5:30,29.56
2105,4/11/2019 6:00,29.56
2106,4/11/2019 6:30,29.64
2107,4/11/2019 7:00,29.73
2108,4/11/2019 7:30,29.73
2109,4/11/2019 8:00,29.64
2110,4/11/2019 8:30,29.56
2111,4/11/2019 9:00,29.56
2112,4/11/2019 9:30,29.6
2113,4/11/2019 10:00,29.56
2114,4/11/2019 10:30,29.56
2115,4/11/2019 11:00,29.43
2116,4/11/2019 11:30,29.51
2117,4/11/2019 12:00,29.56
2118,4/11/2019 12:30,29.51
2119,4/11/2019 13:00,29.56
2120,4/11/2019 13:30,29.51
2121,4/11/2019 14:00,29.6
2122,4/11/2019 14:30,29.6
2123,4/11/2019 15:00,29.56
2124,4/11/2019 15:30,29.26
2125,4/11/2019 16:00,29.13
2126,4/11/2019 16:30,29.21
2127,4/11/2019 17:00,29.26
2128,4/11/2019 17:30,29.26
2129,4/11/2019 18:00,29.3
2130,4/11/2019 18:30,29.26
2131,4/11/2019 19:00,29.13
2132,4/11/2019 19:30,29.17
2133,4/11/2019 20:00,29.08
2134,4/11/2019 20:30,29.04
2135,4/11/2019 21:00,29.04
2136,4/11/2019 21:30,29.17
2137,4/11/2019 22:00,29.26
2138,4/11/2019 22:30,29.38
2139,4/11/2019 23:00,29.34
2140,4/11/2019 23:30,29.3
2141,4/12/2019 0:00,29.21
2142,4/12/2019 0:30,29.3
2143,4/12/2019 1:00,29.26
2144,4/12/2019 1:30,29.17
2145,4/12/2019 2:00,29.21
2146,4/12/2019 2:30,29.34
2147,4/12/2019 3:00,29.38
2148,4/12/2019 3:30,29.34
2149,4/12/2019 4:00,29.43
2150,4/12/2019 4:30,29.38
2151,4/12/2019 5:00,29.47
2152,4/12/2019 5:30,29.47
2153,4/12/2019 6:00,29.43
2154,4/12/2019 6:30,29.43
2155,4/12/2019 7:00,29.47
2156,4/12/2019 7:30,29.6
2157,4/12/2019 8:00,29.73
2158,4/12/2019 8:30,29.77
2159,4/12/2019 9:00,29.81
2160,4/12/2019 9:30,29.6
2161,4/12/2019 10:00,29.51
2162,4/12/2019 10:30,29.6
2163,4/12/2019 11:00,29.56
2164,4/12/2019 11:30,29.51
2165,4/12/2019 12:00,29.56
2166,4/12/2019 12:30,29.56
2167,4/12/2019 13:00,29.56
2168,4/12/2019 13:30,29.51
2169,4/12/2019 14:00,29.47
2170,4/12/2019 14:30,29.47
2171,4/12/2019 15:00,29.47
2172,4/12/2019 15:30,29.47
2173,4/12/2019 16:00,29.43
2174,4/12/2019 16:30,29.43
2175,4/12/2019 17:00,29.04
2176,4/12/2019 17:30,29.17
2177,4/12/2019 18:00,29.13
2178,4/12/2019 18:30,29.08
2179,4/12/2019 19:00,29.13
2180,4/12/2019 19:30,29.08
2181,4/12/2019 20:00,29
2182,4/12/2019 20:30,29.04
2183,4/12/2019 21:00,28.95
2184,4/12/2019 21:30,28.95
2185,4/12/2019 22:00,28.95
2186,4/12/2019 22:30,28.91
2187,4/12/2019 23:00,29.08
2188,4/12/2019 23:30,29.08
2189,4/13/2019 0:00,29.17
2190,4/13/2019 0:30,29
2191,4/13/2019 1:00,29.17
2192,4/13/2019 1:30,29.13
2193,4/13/2019 2:00,29.08
2194,4/13/2019 2:30,29.17
2195,4/13/2019 3:00,29.17
2196,4/13/2019 3:30,29.21
2197,4/13/2019 4:00,29.34
2198,4/13/2019 4:30,29.34
2199,4/13/2019 5:00,29.38
2200,4/13/2019 5:30,29.56
2201,4/13/2019 6:00,29.77
2202,4/13/2019 6:30,29.81
2203,4/13/2019 7:00,29.86
2204,4/13/2019 7:30,29.98
2205,4/13/2019 8:00,30.07
2206,4/13/2019 8:30,29.98
2207,4/13/2019 9:00,29.94
2208,4/13/2019 9:30,29.94
2209,4/13/2019 10:00,29.86
2210,4/13/2019 10:30,29.81
2211,4/13/2019 11:00,29.81
2212,4/13/2019 11:30,29.73
2213,4/13/2019 12:00,29.81
2214,4/13/2019 12:30,29.77
2215,4/13/2019 13:00,29.77
2216,4/13/2019 13:30,29.56
2217,4/13/2019 14:00,29.68
2218,4/13/2019 14:30,29.64
2219,4/13/2019 15:00,29.6
2220,4/13/2019 15:30,29.56
2221,4/13/2019 16:00,29.51
2222,4/13/2019 16:30,29.43
2223,4/13/2019 17:00,29.47
2224,4/13/2019 17:30,29.47
2225,4/13/2019 18:00,29.43
2226,4/13/2019 18:30,29.08
2227,4/13/2019 19:00,29.04
2228,4/13/2019 19:30,29.04
2229,4/13/2019 20:00,29.04
2230,4/13/2019 20:30,29.04
2231,4/13/2019 21:00,29.13
2232,4/13/2019 21:30,29.08
2233,4/13/2019 22:00,29.08
2234,4/13/2019 22:30,29.08
2235,4/13/2019 23:00,29.08
2236,4/13/2019 23:30,28.91
2237,4/14/2019 0:00,29.17
2238,4/14/2019 0:30,29.17
2239,4/14/2019 1:00,29.17
2240,4/14/2019 1:30,29.21
2241,4/14/2019 2:00,29.17
2242,4/14/2019 2:30,29.17
2243,4/14/2019 3:00,29.08
2244,4/14/2019 3:30,29.17
2245,4/14/2019 4:00,29.3
2246,4/14/2019 4:30,29.34
2247,4/14/2019 5:00,29.3
2248,4/14/2019 5:30,29.38
2249,4/14/2019 6:00,29.38
2250,4/14/2019 6:30,29.3
2251,4/14/2019 7:00,29.3
2252,4/14/2019 7:30,29.38
2253,4/14/2019 8:00,29.34
2254,4/14/2019 8:30,29.34
2255,4/14/2019 9:00,29.43
2256,4/14/2019 9:30,29.43
2257,4/14/2019 10:00,29.34
2258,4/14/2019 10:30,29.38
2259,4/14/2019 11:00,29.34
2260,4/14/2019 11:30,29.3
2261,4/14/2019 12:00,29.26
2262,4/14/2019 12:30,29.26
2263,4/14/2019 13:00,29.38
2264,4/14/2019 13:30,29.38
2265,4/14/2019 14:00,29.17
2266,4/14/2019 14:30,29.13
2267,4/14/2019 15:00,29.04
2268,4/14/2019 15:30,28.95
2269,4/14/2019 16:00,29.13
2270,4/14/2019 16:30,29.08
2271,4/14/2019 17:00,29.21
2272,4/14/2019 17:30,29.17
2273,4/14/2019 18:00,29.21
2274,4/14/2019 18:30,28.83
2275,4/14/2019 19:00,28.87
2276,4/14/2019 19:30,28.7
2277,4/14/2019 20:00,28.61
2278,4/14/2019 20:30,28.95
2279,4/14/2019 21:00,28.95
2280,4/14/2019 21:30,29.08
2281,4/14/2019 22:00,29.04
2282,4/14/2019 22:30,29.04
2283,4/14/2019 23:00,29
2284,4/14/2019 23:30,29
2285,4/15/2019 0:00,28.91
2286,4/15/2019 0:30,28.95
2287,4/15/2019 1:00,28.95
2288,4/15/2019 1:30,28.91
2289,4/15/2019 2:00,29
2290,4/15/2019 2:30,29.08
2291,4/15/2019 3:00,29.13
2292,4/15/2019 3:30,29.21
2293,4/15/2019 4:00,29.13
2294,4/15/2019 4:30,29.17
2295,4/15/2019 5:00,29.13
2296,4/15/2019 5:30,29.17
2297,4/15/2019 6:00,29.13
2298,4/15/2019 6:30,29.21
2299,4/15/2019 7:00,29.34
2300,4/15/2019 7:30,29.21
2301,4/15/2019 8:00,29.21
2302,4/15/2019 8:30,29.34
2303,4/15/2019 9:00,29.3
2304,4/15/2019 9:30,29.3
2305,4/15/2019 10:00,29.3
2306,4/15/2019 10:30,29.3
2307,4/15/2019 11:00,29.38
2308,4/15/2019 11:30,29.38
2309,4/15/2019 12:00,29.34
2310,4/15/2019 12:30,29.34
2311,4/15/2019 13:00,29.26
2312,4/15/2019 13:30,29.26
2313,4/15/2019 14:00,29.26
2314,4/15/2019 14:30,29.3
2315,4/15/2019 15:00,29.26
2316,4/15/2019 15:30,29.17
2317,4/15/2019 16:00,29.13
2318,4/15/2019 16:30,29.17
2319,4/15/2019 17:00,29.13
2320,4/15/2019 17:30,29.04
2321,4/15/2019 18:00,29.04
2322,4/15/2019 18:30,29.08
2323,4/15/2019 19:00,29.04
2324,4/15/2019 19:30,28.95
2325,4/15/2019 20:00,28.95
2326,4/15/2019 20:30,28.83
2327,4/15/2019 21:00,28.91
2328,4/15/2019 21:30,28.95
2329,4/15/2019 22:00,28.95
2330,4/15/2019 22:30,29.08
2331,4/15/2019 23:00,29.04
2332,4/15/2019 23:30,29
2333,4/16/2019 0:00,29
2334,4/16/2019 0:30,29.04
2335,4/16/2019 1:00,29.08
2336,4/16/2019 1:30,29.21
2337,4/16/2019 2:00,29.3
2338,4/16/2019 2:30,29.21
2339,4/16/2019 3:00,29.3
2340,4/16/2019 3:30,29.43
2341,4/16/2019 4:00,29.56
2342,4/16/2019 4:30,29.51
2343,4/16/2019 5:00,29.3
2344,4/16/2019 5:30,29.3
2345,4/16/2019 6:00,29.3
2346,4/16/2019 6:30,29.3
2347,4/16/2019 7:00,29.34
2348,4/16/2019 7:30,29.43
2349,4/16/2019 8:00,29.43
2350,4/16/2019 8:30,29.3
2351,4/16/2019 9:00,29.3
2352,4/16/2019 9:30,29.3
2353,4/16/2019 10:00,29.26
2354,4/16/2019 10:30,29.34
2355,4/16/2019 11:00,29.38
2356,4/16/2019 11:30,29.47
2357,4/16/2019 12:00,29.47
2358,4/16/2019 12:30,29.47
2359,4/16/2019 13:00,29.47
2360,4/16/2019 13:30,29.43
2361,4/16/2019 14:00,29.43
2362,4/16/2019 14:30,29.43
2363,4/16/2019 15:00,29.47
2364,4/16/2019 15:30,29.38
2365,4/16/2019 16:00,29.26
2366,4/16/2019 16:30,29.34
2367,4/16/2019 17:00,29.26
2368,4/16/2019 17:30,29.21
2369,4/16/2019 18:00,29.08
2370,4/16/2019 18:30,29.13
2371,4/16/2019 19:00,29.13
2372,4/16/2019 19:30,29.13
2373,4/16/2019 20:00,29.13
2374,4/16/2019 20:30,29.08
2375,4/16/2019 21:00,29.13
2376,4/16/2019 21:30,29.13
2377,4/16/2019 22:00,29.13
2378,4/16/2019 22:30,29.08
2379,4/16/2019 23:00,29.08
2380,4/16/2019 23:30,29.17
2381,4/17/2019 0:00,29.17
2382,4/17/2019 0:30,29.17
2383,4/17/2019 1:00,29.26
2384,4/17/2019 1:30,29.38
2385,4/17/2019 2:00,29.51
2386,4/17/2019 2:30,29.51
2387,4/17/2019 3:00,29.47
2388,4/17/2019 3:30,29.56
2389,4/17/2019 4:00,29.81
2390,4/17/2019 4:30,29.86
2391,4/17/2019 5:00,29.73
2392,4/17/2019 5:30,29.51
2393,4/17/2019 6:00,29.43
2394,4/17/2019 6:30,29.43
2395,4/17/2019 7:00,29.47
2396,4/17/2019 7:30,29.56
2397,4/17/2019 8:00,29.43
2398,4/17/2019 8:30,29.47
2399,4/17/2019 9:00,29.47
2400,4/17/2019 9:30,29.43
2401,4/17/2019 10:00,29.43
2402,4/17/2019 10:30,29.38
2403,4/17/2019 11:00,29.43
2404,4/17/2019 11:30,29.43
2405,4/17/2019 12:00,29.47
2406,4/17/2019 12:30,29.47
2407,4/17/2019 13:00,29.47
2408,4/17/2019 13:30,29.51
2409,4/17/2019 14:00,29.56
2410,4/17/2019 14:30,29.51
2411,4/17/2019 15:00,29.51
2412,4/17/2019 15:30,29.51
2413,4/17/2019 16:00,29.47
2414,4/17/2019 16:30,29.38
2415,4/17/2019 17:00,29.43
2416,4/17/2019 17:30,29.43
2417,4/17/2019 18:00,29.38
2418,4/17/2019 18:30,29.38
2419,4/17/2019 19:00,29.38
2420,4/17/2019 19:30,29.3
2421,4/17/2019 20:00,29.3
2422,4/17/2019 20:30,29.3
2423,4/17/2019 21:00,29.3
2424,4/17/2019 21:30,29.34
2425,4/17/2019 22:00,29.34
2426,4/17/2019 22:30,29.26
2427,4/17/2019 23:00,29.3
2428,4/17/2019 23:30,29.3
2429,4/18/2019 0:00,29.26
2430,4/18/2019 0:30,29.34
2431,4/18/2019 1:00,29.38
2432,4/18/2019 1:30,29.38
2433,4/18/2019 2:00,29.43
2434,4/18/2019 2:30,29.47
2435,4/18/2019 3:00,29.56
2436,4/18/2019 3:30,29.51
2437,4/18/2019 4:00,29.56
2438,4/18/2019 4:30,29.81
2439,4/18/2019 5:00,29.86
2440,4/18/2019 5:30,29.81
2441,4/18/2019 6:00,29.68
2442,4/18/2019 6:30,29.6
2443,4/18/2019 7:00,29.64
2444,4/18/2019 7:30,29.6
2445,4/18/2019 8:00,29.64
2446,4/18/2019 8:30,29.6
2447,4/18/2019 9:00,29.6
2448,4/18/2019 9:30,29.64
2449,4/18/2019 10:00,29.6
2450,4/18/2019 10:30,29.56
2451,4/18/2019 11:00,29.56
2452,4/18/2019 11:30,29.56
2453,4/18/2019 12:00,29.56
2454,4/18/2019 12:30,29.56
2455,4/18/2019 13:00,29.6
2456,4/18/2019 13:30,29.56
2457,4/18/2019 14:00,29.56
2458,4/18/2019 14:30,29.56
2459,4/18/2019 15:00,29.56
2460,4/18/2019 15:30,29.56
2461,4/18/2019 16:00,29.6
2462,4/18/2019 16:30,29.51
2463,4/18/2019 17:00,29.51
2464,4/18/2019 17:30,29.47
2465,4/18/2019 18:00,29.43
2466,4/18/2019 18:30,29.47
2467,4/18/2019 19:00,29.47
2468,4/18/2019 19:30,29.47
2469,4/18/2019 20:00,29.47
2470,4/18/2019 20:30,29.47
2471,4/18/2019 21:00,29.47
2472,4/18/2019 21:30,29.43
2473,4/18/2019 22:00,29.43
2474,4/18/2019 22:30,29.43
2475,4/18/2019 23:00,29.47
2476,4/18/2019 23:30,29.43
2477,4/19/2019 0:00,29.43
2478,4/19/2019 0:30,29.43
2479,4/19/2019 1:00,29.43
2480,4/19/2019 1:30,29.51
2481,4/19/2019 2:00,29.51
2482,4/19/2019 2:30,29.56
2483,4/19/2019 3:00,29.73
2484,4/19/2019 3:30,29.81
2485,4/19/2019 4:00,29.81
2486,4/19/2019 4:30,29.73
2487,4/19/2019 5:00,30.03
2488,4/19/2019 5:30,30.03
2489,4/19/2019 6:00,29.94
2490,4/19/2019 6:30,30.11
2491,4/19/2019 7:00,29.86
2492,4/19/2019 7:30,29.81
2493,4/19/2019 8:00,29.81
2494,4/19/2019 8:30,29.81
2495,4/19/2019 9:00,29.77
2496,4/19/2019 9:30,29.77
2497,4/19/2019 10:00,29.73
2498,4/19/2019 10:30,29.73
2499,4/19/2019 11:00,29.81
2500,4/19/2019 11:30,29.73
2501,4/19/2019 12:00,29.73
2502,4/19/2019 12:30,29.73
2503,4/19/2019 13:00,29.68
2504,4/19/2019 13:30,29.68
2505,4/19/2019 14:00,29.64
2506,4/19/2019 14:30,29.68
2507,4/19/2019 15:00,29.64
2508,4/19/2019 15:30,29.64
2509,4/19/2019 16:00,29.6
2510,4/19/2019 16:30,29.64
2511,4/19/2019 17:00,29.64
2512,4/19/2019 17:30,29.6
2513,4/19/2019 18:00,29.6
2514,4/19/2019 18:30,29.56
2515,4/19/2019 19:00,29.6
2516,4/19/2019 19:30,29.68
2517,4/19/2019 20:00,29.64
2518,4/19/2019 20:30,29.64
2519,4/19/2019 21:00,29.64
2520,4/19/2019 21:30,29.64
2521,4/19/2019 22:00,29.64
2522,4/19/2019 22:30,29.64
2523,4/19/2019 23:00,29.56
2524,4/19/2019 23:30,29.6
2525,4/20/2019 0:00,29.6
2526,4/20/2019 0:30,29.64
2527,4/20/2019 1:00,29.64
2528,4/20/2019 1:30,29.64
2529,4/20/2019 2:00,29.64
2530,4/20/2019 2:30,29.77
2531,4/20/2019 3:00,29.68
2532,4/20/2019 3:30,29.68
2533,4/20/2019 4:00,29.6
2534,4/20/2019 4:30,29.64
2535,4/20/2019 5:00,29.64
2536,4/20/2019 5:30,29.68
2537,4/20/2019 6:00,29.73
2538,4/20/2019 6:30,29.68
2539,4/20/2019 7:00,29.73
2540,4/20/2019 7:30,29.68
2541,4/20/2019 8:00,29.73
2542,4/20/2019 8:30,29.68
2543,4/20/2019 9:00,29.68
2544,4/20/2019 9:30,29.68
2545,4/20/2019 10:00,29.68
2546,4/20/2019 10:30,29.64
2547,4/20/2019 11:00,29.6
2548,4/20/2019 11:30,29.64
2549,4/20/2019 12:00,29.68
2550,4/20/2019 12:30,29.64
2551,4/20/2019 13:00,29.64
2552,4/20/2019 13:30,29.6
2553,4/20/2019 14:00,29.47
2554,4/20/2019 14:30,29.38
2555,4/20/2019 15:00,29.34
2556,4/20/2019 15:30,29.3
2557,4/20/2019 16:00,29.26
2558,4/20/2019 16:30,29.17
2559,4/20/2019 17:00,29.26
2560,4/20/2019 17:30,29.3
2561,4/20/2019 18:00,29.21
2562,4/20/2019 18:30,29.17
2563,4/20/2019 19:00,29.17
2564,4/20/2019 19:30,29.04
2565,4/20/2019 20:00,29.21
2566,4/20/2019 20:30,29.43
2567,4/20/2019 21:00,29.51
2568,4/20/2019 21:30,29.56
2569,4/20/2019 22:00,29.56
2570,4/20/2019 22:30,29.43
2571,4/20/2019 23:00,29.51
2572,4/20/2019 23:30,29.56
2573,4/21/2019 0:00,29.6
2574,4/21/2019 0:30,29.56
2575,4/21/2019 1:00,29.56
2576,4/21/2019 1:30,29.56
2577,4/21/2019 2:00,29.43
2578,4/21/2019 2:30,29.3
2579,4/21/2019 3:00,29.3
2580,4/21/2019 3:30,29.3
2581,4/21/2019 4:00,29.26
2582,4/21/2019 4:30,29.26
2583,4/21/2019 5:00,29.43
2584,4/21/2019 5:30,29.47
2585,4/21/2019 6:00,29.38
2586,4/21/2019 6:30,29.43
2587,4/21/2019 7:00,29.73
2588,4/21/2019 7:30,29.73
2589,4/21/2019 8:00,29.68
2590,4/21/2019 8:30,29.68
2591,4/21/2019 9:00,29.73
2592,4/21/2019 9:30,29.73
2593,4/21/2019 10:00,29.68
2594,4/21/2019 10:30,29.73
2595,4/21/2019 11:00,29.68
2596,4/21/2019 11:30,29.64
2597,4/21/2019 12:00,29.64
2598,4/21/2019 12:30,29.68
2599,4/21/2019 13:00,29.68
2600,4/21/2019 13:30,29.64
2601,4/21/2019 14:00,29.6
2602,4/21/2019 14:30,29.47
2603,4/21/2019 15:00,29.3
2604,4/21/2019 15:30,29.21
2605,4/21/2019 16:00,29.21
2606,4/21/2019 16:30,29.17
2607,4/21/2019 17:00,29.08
2608,4/21/2019 17:30,29.04
2609,4/21/2019 18:00,29.04
2610,4/21/2019 18:30,29.04
2611,4/21/2019 19:00,29
2612,4/21/2019 19:30,28.91
2613,4/21/2019 20:00,28.91
2614,4/21/2019 20:30,28.95
2615,4/21/2019 21:00,29.17
2616,4/21/2019 21:30,29.17
2617,4/21/2019 22:00,29.3
2618,4/21/2019 22:30,29.34
2619,4/21/2019 23:00,29.3
2620,4/21/2019 23:30,29.26
2621,4/22/2019 0:00,29.26
2622,4/22/2019 0:30,29.3
2623,4/22/2019 1:00,29.34
2624,4/22/2019 1:30,29.34
2625,4/22/2019 2:00,29.34
2626,4/22/2019 2:30,29.43
2627,4/22/2019 3:00,29.38
2628,4/22/2019 3:30,29.43
2629,4/22/2019 4:00,29.43
2630,4/22/2019 4:30,29.3
2631,4/22/2019 5:00,29.38
2632,4/22/2019 5:30,29.51
2633,4/22/2019 6:00,29.68
2634,4/22/2019 6:30,29.77
2635,4/22/2019 7:00,29.64
2636,4/22/2019 7:30,29.64
2637,4/22/2019 8:00,29.86
2638,4/22/2019 8:30,29.81
2639,4/22/2019 9:00,29.77
2640,4/22/2019 9:30,29.6
2641,4/22/2019 10:00,29.64
2642,4/22/2019 10:30,29.64
2643,4/22/2019 11:00,29.6
2644,4/22/2019 11:30,29.64
2645,4/22/2019 12:00,29.56
2646,4/22/2019 12:30,29.51
2647,4/22/2019 13:00,29.56
2648,4/22/2019 13:30,29.56
2649,4/22/2019 14:00,29.51
2650,4/22/2019 14:30,29.51
2651,4/22/2019 15:00,29.43
2652,4/22/2019 15:30,29.34
2653,4/22/2019 16:00,29.21
2654,4/22/2019 16:30,29.17
2655,4/22/2019 17:00,29.13
2656,4/22/2019 17:30,29.17
2657,4/22/2019 18:00,29.08
2658,4/22/2019 18:30,29.04
2659,4/22/2019 19:00,29.04
2660,4/22/2019 19:30,29.17
2661,4/22/2019 20:00,29.04
2662,4/22/2019 20:30,29
2663,4/22/2019 21:00,29
2664,4/22/2019 21:30,29
2665,4/22/2019 22:00,29.26
2666,4/22/2019 22:30,29.26
2667,4/22/2019 23:00,29.3
2668,4/22/2019 23:30,29.34
2669,4/23/2019 0:00,29.3
2670,4/23/2019 0:30,29.21
2671,4/23/2019 1:00,29.34
2672,4/23/2019 1:30,29.43
2673,4/23/2019 2:00,29.43
2674,4/23/2019 2:30,29.43
2675,4/23/2019 3:00,29.51
2676,4/23/2019 3:30,29.47
2677,4/23/2019 4:00,29.51
2678,4/23/2019 4:30,29.56
2679,4/23/2019 5:00,29.64
2680,4/23/2019 5:30,29.77
2681,4/23/2019 6:00,29.9
2682,4/23/2019 6:30,30.03
2683,4/23/2019 7:00,29.68
2684,4/23/2019 7:30,29.73
2685,4/23/2019 8:00,29.86
2686,4/23/2019 8:30,29.86
2687,4/23/2019 9:00,29.94
2688,4/23/2019 9:30,29.98
2689,4/23/2019 10:00,29.94
2690,4/23/2019 10:30,29.77
2691,4/23/2019 11:00,29.68
2692,4/23/2019 11:30,29.64
2693,4/23/2019 12:00,29.64
2694,4/23/2019 12:30,29.51
2695,4/23/2019 13:00,29.51
2696,4/23/2019 13:30,29.51
2697,4/23/2019 14:00,29.51
2698,4/23/2019 14:30,29.34
2699,4/23/2019 15:00,29.43
2700,4/23/2019 15:30,29.38
2701,4/23/2019 16:00,29.43
2702,4/23/2019 16:30,29.43
2703,4/23/2019 17:00,29.3
2704,4/23/2019 17:30,29.21
2705,4/23/2019 18:00,29.26
2706,4/23/2019 18:30,29.26
2707,4/23/2019 19:00,29.17
2708,4/23/2019 19:30,29.17
2709,4/23/2019 20:00,29.3
2710,4/23/2019 20:30,29.26
2711,4/23/2019 21:00,29.26
2712,4/23/2019 21:30,29.08
2713,4/23/2019 22:00,29.17
2714,4/23/2019 22:30,29.13
2715,4/23/2019 23:00,29.3
2716,4/23/2019 23:30,29.34
2717,4/24/2019 0:00,29.26
2718,4/24/2019 0:30,29.3
2719,4/24/2019 1:00,29.21
2720,4/24/2019 1:30,29.26
2721,4/24/2019 2:00,29.38
2722,4/24/2019 2:30,29.47
2723,4/24/2019 3:00,29.51
2724,4/24/2019 3:30,29.51
2725,4/24/2019 4:00,29.56
2726,4/24/2019 4:30,29.6
2727,4/24/2019 5:00,29.64
2728,4/24/2019 5:30,29.73
2729,4/24/2019 6:00,29.68
2730,4/24/2019 6:30,29.73
2731,4/24/2019 7:00,29.81
2732,4/24/2019 7:30,29.73
2733,4/24/2019 8:00,29.68
2734,4/24/2019 8:30,29.77
2735,4/24/2019 9:00,29.73
2736,4/24/2019 9:30,29.73
2737,4/24/2019 10:00,29.73
2738,4/24/2019 10:30,29.64
2739,4/24/2019 11:00,29.64
2740,4/24/2019 11:30,29.64
2741,4/24/2019 12:00,29.6
2742,4/24/2019 12:30,29.56
2743,4/24/2019 13:00,29.51
2744,4/24/2019 13:30,29.43
2745,4/24/2019 14:00,29.47
2746,4/24/2019 14:30,29.47
2747,4/24/2019 15:00,29.26
2748,4/24/2019 15:30,29.17
2749,4/24/2019 16:00,29.26
2750,4/24/2019 16:30,29.3
2751,4/24/2019 17:00,29.21
2752,4/24/2019 17:30,29.13
2753,4/24/2019 18:00,29
2754,4/24/2019 18:30,28.95
2755,4/24/2019 19:00,28.95
2756,4/24/2019 19:30,28.95
2757,4/24/2019 20:00,28.91
2758,4/24/2019 20:30,28.83
2759,4/24/2019 21:00,29.04
2760,4/24/2019 21:30,29.17
2761,4/24/2019 22:00,29.17
2762,4/24/2019 22:30,29.04
2763,4/24/2019 23:00,28.95
2764,4/24/2019 23:30,29.04
2765,4/25/2019 0:00,28.95
2766,4/25/2019 0:30,29
2767,4/25/2019 1:00,29.08
2768,4/25/2019 1:30,29.17
2769,4/25/2019 2:00,28.95
2770,4/25/2019 2:30,29
2771,4/25/2019 3:00,28.31
2772,4/25/2019 3:30,28.74
2773,4/25/2019 4:00,27.93
2774,4/25/2019 4:30,27.71
2775,4/25/2019 5:00,27.71
2776,4/25/2019 5:30,27.75
2777,4/25/2019 6:00,27.75
2778,4/25/2019 6:30,27.84
2779,4/25/2019 7:00,27.54
2780,4/25/2019 7:30,27.71
2781,4/25/2019 8:00,27.45
2782,4/25/2019 8:30,28.18
2783,4/25/2019 9:00,28.18
2784,4/25/2019 9:30,28.18
2785,4/25/2019 10:00,28.18
2786,4/25/2019 10:30,28.23
2787,4/25/2019 11:00,28.61
2788,4/25/2019 11:30,28.74
2789,4/25/2019 12:00,28.83
2790,4/25/2019 12:30,29
2791,4/25/2019 13:00,29.04
2792,4/25/2019 13:30,29.04
2793,4/25/2019 14:00,29.04
2794,4/25/2019 14:30,29
2795,4/25/2019 15:00,28.95
2796,4/25/2019 15:30,28.95
2797,4/25/2019 16:00,28.23
2798,4/25/2019 16:30,27.32
2799,4/25/2019 17:00,28.27
2800,4/25/2019 17:30,27.15
2801,4/25/2019 18:00,28.05
2802,4/25/2019 18:30,27.84
2803,4/25/2019 19:00,27.32
2804,4/25/2019 19:30,27.63
2805,4/25/2019 20:00,27.84
2806,4/25/2019 20:30,27.8
2807,4/25/2019 21:00,28.14
2808,4/25/2019 21:30,28.27
2809,4/25/2019 22:00,28.18
2810,4/25/2019 22:30,28.4
2811,4/25/2019 23:00,28.31
2812,4/25/2019 23:30,28.7
2813,4/26/2019 0:00,28.83
2814,4/26/2019 0:30,28.91
2815,4/26/2019 1:00,29.08
2816,4/26/2019 1:30,29
2817,4/26/2019 2:00,28.95
2818,4/26/2019 2:30,29.13
2819,4/26/2019 3:00,29.17
2820,4/26/2019 3:30,29.3
2821,4/26/2019 4:00,29.51
2822,4/26/2019 4:30,29.68
2823,4/26/2019 5:00,29.47
2824,4/26/2019 5:30,29.73
2825,4/26/2019 6:00,29.86
2826,4/26/2019 6:30,29.9
2827,4/26/2019 7:00,29.77
2828,4/26/2019 7:30,29.64
2829,4/26/2019 8:00,29.77
2830,4/26/2019 8:30,29.64
2831,4/26/2019 9:00,29.73
2832,4/26/2019 9:30,29.77
2833,4/26/2019 10:00,29.6
2834,4/26/2019 10:30,29.77
2835,4/26/2019 11:00,29.6
2836,4/26/2019 11:30,29.64
2837,4/26/2019 12:00,29.51
2838,4/26/2019 12:30,29.26
2839,4/26/2019 13:00,29.26
2840,4/26/2019 13:30,29.26
2841,4/26/2019 14:00,29.21
2842,4/26/2019 14:30,29.17
2843,4/26/2019 15:00,29.21
2844,4/26/2019 15:30,29.21
2845,4/26/2019 16:00,29.21
2846,4/26/2019 16:30,29.21
2847,4/26/2019 17:00,28.61
2848,4/26/2019 17:30,28.53
2849,4/26/2019 18:00,28.35
2850,4/26/2019 18:30,28.53
2851,4/26/2019 19:00,28.35
2852,4/26/2019 19:30,28.61
2853,4/26/2019 20:00,28.65
2854,4/26/2019 20:30,28.35
2855,4/26/2019 21:00,28.23
2856,4/26/2019 21:30,28.23
2857,4/26/2019 22:00,28.7
2858,4/26/2019 22:30,28.7
2859,4/26/2019 23:00,28.61
2860,4/26/2019 23:30,28.53
2861,4/27/2019 0:00,28.78
2862,4/27/2019 0:30,28.87
2863,4/27/2019 1:00,28.87
2864,4/27/2019 1:30,29.08
2865,4/27/2019 2:00,29.17
2866,4/27/2019 2:30,29.17
2867,4/27/2019 3:00,29.17
2868,4/27/2019 3:30,29.13
2869,4/27/2019 4:00,29.38
2870,4/27/2019 4:30,29.98
2871,4/27/2019 5:00,29.47
2872,4/27/2019 5:30,29.9
2873,4/27/2019 6:00,30.41
2874,4/27/2019 6:30,30.5
2875,4/27/2019 7:00,30.67
2876,4/27/2019 7:30,30.46
2877,4/27/2019 8:00,30.67
2878,4/27/2019 8:30,30.59
2879,4/27/2019 9:00,30.5
2880,4/27/2019 9:30,30.37
2881,4/27/2019 10:00,30.2
2882,4/27/2019 10:30,30.11
2883,4/27/2019 11:00,30.24
2884,4/27/2019 11:30,30.07
2885,4/27/2019 12:00,30.16
2886,4/27/2019 12:30,29.9
2887,4/27/2019 13:00,30.03
2888,4/27/2019 13:30,29.73
2889,4/27/2019 14:00,29.43
2890,4/27/2019 14:30,29.43
2891,4/27/2019 15:00,29.43
2892,4/27/2019 15:30,29.43
2893,4/27/2019 16:00,29.43
2894,4/27/2019 16:30,29.34
2895,4/27/2019 17:00,29.47
2896,4/27/2019 17:30,29.26
2897,4/27/2019 18:00,28.78
2898,4/27/2019 18:30,28.61
2899,4/27/2019 19:00,28.48
2900,4/27/2019 19:30,28.65
2901,4/27/2019 20:00,28.65
2902,4/27/2019 20:30,28.7
2903,4/27/2019 21:00,28.53
2904,4/27/2019 21:30,28.44
2905,4/27/2019 22:00,28.53
2906,4/27/2019 22:30,28.44
2907,4/27/2019 23:00,28.44
2908,4/27/2019 23:30,28.57
2909,4/28/2019 0:00,28.7
2910,4/28/2019 0:30,28.65
2911,4/28/2019 1:00,28.91
2912,4/28/2019 1:30,29.26
2913,4/28/2019 2:00,29.17
2914,4/28/2019 2:30,29.17
2915,4/28/2019 3:00,29.26
2916,4/28/2019 3:30,29.26
2917,4/28/2019 4:00,29.21
2918,4/28/2019 4:30,29.26
2919,4/28/2019 5:00,29.26
2920,4/28/2019 5:30,29.3
2921,4/28/2019 6:00,29.47
2922,4/28/2019 6:30,29.47
2923,4/28/2019 7:00,29.64
2924,4/28/2019 7:30,29.86
2925,4/28/2019 8:00,29.77
2926,4/28/2019 8:30,29.98
2927,4/28/2019 9:00,29.9
2928,4/28/2019 9:30,29.86
2929,4/28/2019 10:00,29.9
2930,4/28/2019 10:30,29.86
2931,4/28/2019 11:00,29.9
2932,4/28/2019 11:30,29.81
2933,4/28/2019 12:00,29.9
2934,4/28/2019 12:30,29.64
2935,4/28/2019 13:00,29.73
2936,4/28/2019 13:30,29.73
2937,4/28/2019 14:00,29.64
2938,4/28/2019 14:30,29.68
2939,4/28/2019 15:00,29.64
2940,4/28/2019 15:30,29.47
2941,4/28/2019 16:00,29.43
2942,4/28/2019 16:30,29.43
2943,4/28/2019 17:00,29.38
2944,4/28/2019 17:30,29.38
2945,4/28/2019 18:00,29.34
2946,4/28/2019 18:30,29.43
2947,4/28/2019 19:00,29.38
2948,4/28/2019 19:30,28.91
2949,4/28/2019 20:00,28.87
2950,4/28/2019 20:30,28.83
2951,4/28/2019 21:00,28.83
2952,4/28/2019 21:30,28.78
2953,4/28/2019 22:00,28.83
2954,4/28/2019 22:30,28.74
2955,4/28/2019 23:00,28.78
2956,4/28/2019 23:30,28.74
2957,4/29/2019 0:00,28.83
2958,4/29/2019 0:30,28.83
2959,4/29/2019 1:00,28.91
2960,4/29/2019 1:30,28.87
2961,4/29/2019 2:00,28.91
2962,4/29/2019 2:30,29.04
2963,4/29/2019 3:00,29.13
2964,4/29/2019 3:30,29.13
2965,4/29/2019 4:00,29.17
2966,4/29/2019 4:30,29.17
2967,4/29/2019 5:00,29.21
2968,4/29/2019 5:30,29.21
2969,4/29/2019 6:00,29.43
2970,4/29/2019 6:30,29.26
2971,4/29/2019 7:00,29.43
2972,4/29/2019 7:30,29.38
2973,4/29/2019 8:00,29.51
2974,4/29/2019 8:30,29.64
2975,4/29/2019 9:00,29.73
2976,4/29/2019 9:30,30.11
2977,4/29/2019 10:00,30.03
2978,4/29/2019 10:30,30.07
2979,4/29/2019 11:00,30.11
2980,4/29/2019 11:30,30.03
2981,4/29/2019 12:00,29.98
2982,4/29/2019 12:30,29.86
2983,4/29/2019 13:00,29.98
2984,4/29/2019 13:30,29.98
2985,4/29/2019 14:00,29.9
2986,4/29/2019 14:30,29.86
2987,4/29/2019 15:00,29.73
2988,4/29/2019 15:30,29.77
2989,4/29/2019 16:00,29.77
2990,4/29/2019 16:30,29.6
2991,4/29/2019 17:00,29.56
2992,4/29/2019 17:30,29.56
2993,4/29/2019 18:00,29.56
2994,4/29/2019 18:30,29.47
2995,4/29/2019 19:00,29.51
2996,4/29/2019 19:30,29.51
2997,4/29/2019 20:00,29.38
2998,4/29/2019 20:30,29.17
2999,4/29/2019 21:00,29.17
3000,4/29/2019 21:30,29.08
3001,4/29/2019 22:00,29.13
3002,4/29/2019 22:30,29.17
3003,4/29/2019 23:00,29.08
3004,4/29/2019 23:30,29.04
3005,4/30/2019 0:00,29.08
3006,4/30/2019 0:30,29.21
3007,4/30/2019 1:00,29.21
3008,4/30/2019 1:30,29.17
3009,4/30/2019 2:00,29.17
3010,4/30/2019 2:30,29.21
3011,4/30/2019 3:00,29.26
3012,4/30/2019 3:30,29.34
3013,4/30/2019 4:00,29.3
3014,4/30/2019 4:30,29.3
3015,4/30/2019 5:00,29.34
3016,4/30/2019 5:30,29.3
3017,4/30/2019 6:00,29.26
3018,4/30/2019 6:30,29.38
3019,4/30/2019 7:00,29.43
3020,4/30/2019 7:30,29.51
3021,4/30/2019 8:00,29.47
3022,4/30/2019 8:30,29.34
3023,4/30/2019 9:00,29.38
3024,4/30/2019 9:30,29.56
3025,4/30/2019 10:00,29.6
3026,4/30/2019 10:30,29.64
3027,4/30/2019 11:00,29.64
3028,4/30/2019 11:30,29.64
3029,4/30/2019 12:00,29.68
3030,4/30/2019 12:30,29.6
3031,4/30/2019 13:00,29.6
3032,4/30/2019 13:30,29.56
3033,4/30/2019 14:00,29.51
3034,4/30/2019 14:30,29.56
3035,4/30/2019 15:00,29.68
3036,4/30/2019 15:30,29.56
3037,4/30/2019 16:00,29.56
3038,4/30/2019 16:30,29.56
3039,4/30/2019 17:00,29.56
3040,4/30/2019 17:30,29.47
3041,4/30/2019 18:00,29.43
3042,4/30/2019 18:30,29.43
3043,4/30/2019 19:00,29.38
3044,4/30/2019 19:30,29.47
3045,4/30/2019 20:00,29.21
3046,4/30/2019 20:30,29.21
3047,4/30/2019 21:00,29.04
3048,4/30/2019 21:30,29.13
3049,4/30/2019 22:00,29.21
3050,4/30/2019 22:30,29.26
3051,4/30/2019 23:00,29.17
3052,4/30/2019 23:30,29.13
3053,5/1/2019 0:00,29.26
3054,5/1/2019 0:30,29.26
3055,5/1/2019 1:00,29.34
3056,5/1/2019 1:30,29.43
3057,5/1/2019 2:00,29.34
3058,5/1/2019 2:30,29.43
3059,5/1/2019 3:00,29.51
3060,5/1/2019 3:30,29.6
3061,5/1/2019 4:00,29.51
3062,5/1/2019 4:30,29.56
3063,5/1/2019 5:00,29.47
3064,5/1/2019 5:30,29.38
3065,5/1/2019 6:00,29.43
3066,5/1/2019 6:30,29.43
3067,5/1/2019 7:00,29.38
3068,5/1/2019 7:30,29.38
3069,5/1/2019 8:00,29.51
3070,5/1/2019 8:30,29.51
3071,5/1/2019 9:00,29.47
3072,5/1/2019 9:30,29.3
3073,5/1/2019 10:00,29.3
3074,5/1/2019 10:30,29.34
3075,5/1/2019 11:00,29.38
3076,5/1/2019 11:30,29.43
3077,5/1/2019 12:00,29.43
3078,5/1/2019 12:30,29.38
3079,5/1/2019 13:00,29.38
3080,5/1/2019 13:30,29.43
3081,5/1/2019 14:00,29.3
3082,5/1/2019 14:30,29.43
3083,5/1/2019 15:00,29.43
3084,5/1/2019 15:30,29.34
3085,5/1/2019 16:00,29.34
3086,5/1/2019 16:30,29.34
3087,5/1/2019 17:00,29.3
3088,5/1/2019 17:30,29.3
3089,5/1/2019 18:00,29.34
3090,5/1/2019 18:30,29.3
3091,5/1/2019 19:00,29.3
3092,5/1/2019 19:30,29.34
3093,5/1/2019 20:00,29.34
3094,5/1/2019 20:30,29.17
3095,5/1/2019 21:00,29.04
3096,5/1/2019 21:30,29.17
3097,5/1/2019 22:00,29.08
3098,5/1/2019 22:30,29.17
3099,5/1/2019 23:00,29.21
3100,5/1/2019 23:30,29.21
3101,5/2/2019 0:00,29.21
3102,5/2/2019 0:30,29.26
3103,5/2/2019 1:00,29.26
3104,5/2/2019 1:30,29.34
3105,5/2/2019 2:00,29.38
3106,5/2/2019 2:30,29.47
3107,5/2/2019 3:00,29.6
3108,5/2/2019 3:30,29.47
3109,5/2/2019 4:00,29.47
3110,5/2/2019 4:30,29.6
3111,5/2/2019 5:00,29.86
3112,5/2/2019 5:30,29.56
3113,5/2/2019 6:00,29.51
3114,5/2/2019 6:30,29.47
3115,5/2/2019 7:00,29.47
3116,5/2/2019 7:30,29.47
3117,5/2/2019 8:00,29.51
3118,5/2/2019 8:30,29.56
3119,5/2/2019 9:00,29.51
3120,5/2/2019 9:30,29.6
3121,5/2/2019 10:00,29.47
3122,5/2/2019 10:30,29.47
3123,5/2/2019 11:00,29.43
3124,5/2/2019 11:30,29.43
3125,5/2/2019 12:00,29.38
3126,5/2/2019 12:30,29.38
3127,5/2/2019 13:00,29.38
3128,5/2/2019 13:30,29.34
3129,5/2/2019 14:00,29.38
3130,5/2/2019 14:30,29.3
3131,5/2/2019 15:00,29.26
3132,5/2/2019 15:30,29.21
3133,5/2/2019 16:00,29.26
3134,5/2/2019 16:30,29.26
3135,5/2/2019 17:00,29.13
3136,5/2/2019 17:30,29.04
3137,5/2/2019 18:00,29.21
3138,5/2/2019 18:30,29.21
3139,5/2/2019 19:00,29.26
3140,5/2/2019 19:30,29.21
3141,5/2/2019 20:00,29.26
3142,5/2/2019 20:30,29.26
3143,5/2/2019 21:00,29.17
3144,5/2/2019 21:30,29
3145,5/2/2019 22:00,29.04
3146,5/2/2019 22:30,29
3147,5/2/2019 23:00,29
3148,5/2/2019 23:30,29.17
3149,5/3/2019 0:00,29.08
3150,5/3/2019 0:30,29.13
3151,5/3/2019 1:00,29.13
3152,5/3/2019 1:30,29.17
3153,5/3/2019 2:00,29.17
3154,5/3/2019 2:30,29.26
3155,5/3/2019 3:00,29.34
3156,5/3/2019 3:30,29.34
3157,5/3/2019 4:00,29.3
3158,5/3/2019 4:30,29.47
3159,5/3/2019 5:00,29.51
3160,5/3/2019 5:30,29.64
3161,5/3/2019 6:00,29.68
3162,5/3/2019 6:30,29.47
3163,5/3/2019 7:00,29.51
3164,5/3/2019 7:30,29.47
3165,5/3/2019 8:00,29.43
3166,5/3/2019 8:30,29.51
3167,5/3/2019 9:00,29.43
3168,5/3/2019 9:30,29.38
3169,5/3/2019 10:00,29.43
3170,5/3/2019 10:30,29.34
3171,5/3/2019 11:00,29.3
3172,5/3/2019 11:30,29.26
3173,5/3/2019 12:00,29.3
3174,5/3/2019 12:30,29.17
3175,5/3/2019 13:00,29.17
3176,5/3/2019 13:30,29.13
3177,5/3/2019 14:00,29.13
3178,5/3/2019 14:30,29.13
3179,5/3/2019 15:00,29.13
3180,5/3/2019 15:30,29.04
3181,5/3/2019 16:00,29
3182,5/3/2019 16:30,29.08
3183,5/3/2019 17:00,28.95
3184,5/3/2019 17:30,28.91
3185,5/3/2019 18:00,28.91
3186,5/3/2019 18:30,28.95
3187,5/3/2019 19:00,29.04
3188,5/3/2019 19:30,29.04
3189,5/3/2019 20:00,29.04
3190,5/3/2019 20:30,29.13
3191,5/3/2019 21:00,29.04
3192,5/3/2019 21:30,29
3193,5/3/2019 22:00,29.04
3194,5/3/2019 22:30,29.08
3195,5/3/2019 23:00,29.04
3196,5/3/2019 23:30,29.04
3197,5/4/2019 0:00,29.08
3198,5/4/2019 0:30,29
3199,5/4/2019 1:00,29.04
3200,5/4/2019 1:30,29
3201,5/4/2019 2:00,29.04
3202,5/4/2019 2:30,29.08
3203,5/4/2019 3:00,29.13
3204,5/4/2019 3:30,29.26
3205,5/4/2019 4:00,29.43
3206,5/4/2019 4:30,29.3
3207,5/4/2019 5:00,29.43
3208,5/4/2019 5:30,29.56
3209,5/4/2019 6:00,29.56
3210,5/4/2019 6:30,29.6
3211,5/4/2019 7:00,29.38
3212,5/4/2019 7:30,29.26
3213,5/4/2019 8:00,29.26
3214,5/4/2019 8:30,29.26
3215,5/4/2019 9:00,29.26
3216,5/4/2019 9:30,29.13
3217,5/4/2019 10:00,29.13
3218,5/4/2019 10:30,29.17
3219,5/4/2019 11:00,29.17
3220,5/4/2019 11:30,29.13
3221,5/4/2019 12:00,29.08
3222,5/4/2019 12:30,29.04
3223,5/4/2019 13:00,29
3224,5/4/2019 13:30,28.95
3225,5/4/2019 14:00,28.95
3226,5/4/2019 14:30,28.91
3227,5/4/2019 15:00,28.91
3228,5/4/2019 15:30,28.91
3229,5/4/2019 16:00,28.87
3230,5/4/2019 16:30,28.87
3231,5/4/2019 17:00,28.87
3232,5/4/2019 17:30,28.74
3233,5/4/2019 18:00,28.74
3234,5/4/2019 18:30,28.74
3235,5/4/2019 19:00,28.74
3236,5/4/2019 19:30,28.87
3237,5/4/2019 20:00,28.74
3238,5/4/2019 20:30,28.78
3239,5/4/2019 21:00,28.87
3240,5/4/2019 21:30,28.74
3241,5/4/2019 22:00,28.78
3242,5/4/2019 22:30,28.83
3243,5/4/2019 23:00,28.87
3244,5/4/2019 23:30,28.78
3245,5/5/2019 0:00,28.87
3246,5/5/2019 0:30,28.83
3247,5/5/2019 1:00,28.83
3248,5/5/2019 1:30,28.78
3249,5/5/2019 2:00,28.74
3250,5/5/2019 2:30,28.83
3251,5/5/2019 3:00,28.78
3252,5/5/2019 3:30,28.87
3253,5/5/2019 4:00,28.91
3254,5/5/2019 4:30,28.87
3255,5/5/2019 5:00,28.87
3256,5/5/2019 5:30,29
3257,5/5/2019 6:00,29.21
3258,5/5/2019 6:30,29.21
3259,5/5/2019 7:00,29.3
3260,5/5/2019 7:30,29.04
3261,5/5/2019 8:00,29.08
3262,5/5/2019 8:30,29.04
3263,5/5/2019 9:00,29.04
3264,5/5/2019 9:30,29
3265,5/5/2019 10:00,28.95
3266,5/5/2019 10:30,29
3267,5/5/2019 11:00,28.95
3268,5/5/2019 11:30,28.95
3269,5/5/2019 12:00,28.95
3270,5/5/2019 12:30,28.91
3271,5/5/2019 13:00,28.91
3272,5/5/2019 13:30,28.78
3273,5/5/2019 14:00,28.74
3274,5/5/2019 14:30,28.65
3275,5/5/2019 15:00,28.65
3276,5/5/2019 15:30,28.65
3277,5/5/2019 16:00,28.61
3278,5/5/2019 16:30,28.61
3279,5/5/2019 17:00,28.53
3280,5/5/2019 17:30,28.57
3281,5/5/2019 18:00,28.57
3282,5/5/2019 18:30,28.48
3283,5/5/2019 19:00,28.4
3284,5/5/2019 19:30,28.35
3285,5/5/2019 20:00,28.57
3286,5/5/2019 20:30,28.61
3287,5/5/2019 21:00,28.61
3288,5/5/2019 21:30,28.65
3289,5/5/2019 22:00,28.7
3290,5/5/2019 22:30,28.48
3291,5/5/2019 23:00,28.65
3292,5/5/2019 23:30,28.61
3293,5/6/2019 0:00,28.65
3294,5/6/2019 0:30,28.65
3295,5/6/2019 1:00,28.57
3296,5/6/2019 1:30,28.61
3297,5/6/2019 2:00,28.53
3298,5/6/2019 2:30,28.48
3299,5/6/2019 3:00,28.48
3300,5/6/2019 3:30,28.48
3301,5/6/2019 4:00,28.53
3302,5/6/2019 4:30,28.61
3303,5/6/2019 5:00,28.74
3304,5/6/2019 5:30,28.78
3305,5/6/2019 6:00,28.7
3306,5/6/2019 6:30,28.95
3307,5/6/2019 7:00,29
3308,5/6/2019 7:30,29
3309,5/6/2019 8:00,29
3310,5/6/2019 8:30,28.91
3311,5/6/2019 9:00,28.83
3312,5/6/2019 9:30,28.87
3313,5/6/2019 10:00,28.78
3314,5/6/2019 10:30,28.78
3315,5/6/2019 11:00,28.83
3316,5/6/2019 11:30,28.78
3317,5/6/2019 12:00,28.74
3318,5/6/2019 12:30,28.78
3319,5/6/2019 13:00,28.78
3320,5/6/2019 13:30,28.7
3321,5/6/2019 14:00,28.65
3322,5/6/2019 14:30,28.48
3323,5/6/2019 15:00,28.44
3324,5/6/2019 15:30,28.35
3325,5/6/2019 16:00,28.35
3326,5/6/2019 16:30,28.31
3327,5/6/2019 17:00,28.35
3328,5/6/2019 17:30,28.27
3329,5/6/2019 18:00,28.35
3330,5/6/2019 18:30,28.27
3331,5/6/2019 19:00,28.23
3332,5/6/2019 19:30,28.23
3333,5/6/2019 20:00,28.27
3334,5/6/2019 20:30,28.35
3335,5/6/2019 21:00,28.35
3336,5/6/2019 21:30,28.48
3337,5/6/2019 22:00,28.48
3338,5/6/2019 22:30,28.48
3339,5/6/2019 23:00,28.4
3340,5/6/2019 23:30,28.48
3341,5/7/2019 0:00,28.48
3342,5/7/2019 0:30,28.48
3343,5/7/2019 1:00,28.4
3344,5/7/2019 1:30,28.44
3345,5/7/2019 2:00,28.31
3346,5/7/2019 2:30,27.63
3347,5/7/2019 3:00,27.2
3348,5/7/2019 3:30,27.67
3349,5/7/2019 4:00,26.94
