Plot Title: Rio de Janiero,,
#,"Date Time, GMT-05:00","Temp, °C (LGR S/N: 20462608, SEN S/N: 20462608)"
2573,2/8/2019 0:00,28.06
2574,2/8/2019 0:30,28.06
2575,2/8/2019 1:00,28.06
2576,2/8/2019 1:30,28.06
2577,2/8/2019 2:00,28.06
2578,2/8/2019 2:30,28.06
2579,2/8/2019 3:00,28.06
2580,2/8/2019 3:30,28.06
2581,2/8/2019 4:00,28.06
2582,2/8/2019 4:30,28.06
2583,2/8/2019 5:00,28.06
2584,2/8/2019 5:30,28.06
2585,2/8/2019 6:00,28.06
2586,2/8/2019 6:30,28.159
2587,2/8/2019 7:00,28.159
2588,2/8/2019 7:30,28.159
2589,2/8/2019 8:00,28.159
2590,2/8/2019 8:30,28.258
2591,2/8/2019 9:00,28.258
2592,2/8/2019 9:30,28.258
2593,2/8/2019 10:00,28.357
2594,2/8/2019 10:30,28.456
2595,2/8/2019 11:00,28.456
2596,2/8/2019 11:30,28.159
2597,2/8/2019 12:00,27.37
2598,2/8/2019 12:30,26.781
2599,2/8/2019 13:00,26.39
2600,2/8/2019 13:30,26.097
2601,2/8/2019 14:00,25.805
2602,2/8/2019 14:30,25.513
2603,2/8/2019 15:00,25.222
2604,2/8/2019 15:30,25.125
2605,2/8/2019 16:00,25.319
2606,2/8/2019 16:30,25.61
2607,2/8/2019 17:00,25.902
2608,2/8/2019 17:30,26.097
2609,2/8/2019 18:00,26.39
2610,2/8/2019 18:30,26.585
2611,2/8/2019 19:00,26.781
2612,2/8/2019 19:30,26.879
2613,2/8/2019 20:00,26.977
2614,2/8/2019 20:30,27.075
2615,2/8/2019 21:00,27.173
2616,2/8/2019 21:30,27.272
2617,2/8/2019 22:00,27.37
2618,2/8/2019 22:30,27.468
2619,2/8/2019 23:00,27.567
2620,2/8/2019 23:30,27.567
2621,2/9/2019 0:00,27.567
2622,2/9/2019 0:30,27.665
2623,2/9/2019 1:00,27.665
2624,2/9/2019 1:30,27.665
2625,2/9/2019 2:00,27.665
2626,2/9/2019 2:30,27.665
2627,2/9/2019 3:00,27.665
2628,2/9/2019 3:30,27.567
2629,2/9/2019 4:00,27.567
2630,2/9/2019 4:30,27.665
2631,2/9/2019 5:00,27.665
2632,2/9/2019 5:30,27.665
2633,2/9/2019 6:00,27.665
2634,2/9/2019 6:30,27.764
2635,2/9/2019 7:00,27.764
2636,2/9/2019 7:30,27.862
2637,2/9/2019 8:00,27.862
2638,2/9/2019 8:30,27.961
2639,2/9/2019 9:00,27.961
2640,2/9/2019 9:30,28.06
2641,2/9/2019 10:00,28.06
2642,2/9/2019 10:30,28.159
2643,2/9/2019 11:00,28.159
2644,2/9/2019 11:30,28.258
2645,2/9/2019 12:00,28.258
2646,2/9/2019 12:30,28.258
2647,2/9/2019 13:00,28.357
2648,2/9/2019 13:30,28.357
2649,2/9/2019 14:00,28.456
2650,2/9/2019 14:30,28.456
2651,2/9/2019 15:00,28.456
2652,2/9/2019 15:30,28.555
2653,2/9/2019 16:00,28.555
2654,2/9/2019 16:30,28.555
2655,2/9/2019 17:00,28.655
2656,2/9/2019 17:30,28.655
2657,2/9/2019 18:00,28.655
2658,2/9/2019 18:30,28.655
2659,2/9/2019 19:00,28.655
2660,2/9/2019 19:30,28.754
2661,2/9/2019 20:00,28.754
2662,2/9/2019 20:30,28.754
2663,2/9/2019 21:00,28.754
2664,2/9/2019 21:30,28.754
2665,2/9/2019 22:00,28.754
2666,2/9/2019 22:30,28.754
2667,2/9/2019 23:00,28.754
2668,2/9/2019 23:30,28.754
2669,2/10/2019 0:00,28.754
2670,2/10/2019 0:30,28.754
2671,2/10/2019 1:00,28.754
2672,2/10/2019 1:30,28.754
2673,2/10/2019 2:00,28.754
2674,2/10/2019 2:30,28.754
2675,2/10/2019 3:00,28.754
2676,2/10/2019 3:30,28.754
2677,2/10/2019 4:00,28.655
2678,2/10/2019 4:30,28.655
2679,2/10/2019 5:00,28.754
2680,2/10/2019 5:30,28.754
2681,2/10/2019 6:00,28.754
2682,2/10/2019 6:30,28.754
2683,2/10/2019 7:00,28.754
2684,2/10/2019 7:30,28.853
2685,2/10/2019 8:00,28.853
2686,2/10/2019 8:30,28.853
2687,2/10/2019 9:00,28.853
2688,2/10/2019 9:30,28.953
2689,2/10/2019 10:00,28.953
2690,2/10/2019 10:30,29.053
2691,2/10/2019 11:00,29.053
2692,2/10/2019 11:30,29.053
2693,2/10/2019 12:00,29.152
2694,2/10/2019 12:30,29.152
2695,2/10/2019 13:00,29.152
2696,2/10/2019 13:30,29.252
2697,2/10/2019 14:00,29.252
2698,2/10/2019 14:30,29.352
2699,2/10/2019 15:00,29.352
2700,2/10/2019 15:30,29.352
2701,2/10/2019 16:00,29.452
2702,2/10/2019 16:30,29.452
2703,2/10/2019 17:00,29.452
2704,2/10/2019 17:30,29.452
2705,2/10/2019 18:00,29.452
2706,2/10/2019 18:30,29.552
2707,2/10/2019 19:00,29.552
2708,2/10/2019 19:30,29.552
2709,2/10/2019 20:00,29.552
2710,2/10/2019 20:30,29.552
2711,2/10/2019 21:00,29.452
2712,2/10/2019 21:30,29.452
2713,2/10/2019 22:00,29.452
2714,2/10/2019 22:30,29.452
2715,2/10/2019 23:00,29.452
2716,2/10/2019 23:30,29.352
2717,2/11/2019 0:00,29.352
2718,2/11/2019 0:30,29.352
2719,2/11/2019 1:00,29.352
2720,2/11/2019 1:30,29.252
2721,2/11/2019 2:00,29.252
2722,2/11/2019 2:30,29.252
2723,2/11/2019 3:00,29.252
2724,2/11/2019 3:30,29.152
2725,2/11/2019 4:00,29.152
2726,2/11/2019 4:30,29.152
2727,2/11/2019 5:00,29.053
2728,2/11/2019 5:30,29.053
2729,2/11/2019 6:00,29.152
2730,2/11/2019 6:30,29.152
2731,2/11/2019 7:00,29.152
2732,2/11/2019 7:30,29.152
2733,2/11/2019 8:00,29.252
2734,2/11/2019 8:30,29.252
2735,2/11/2019 9:00,29.252
2736,2/11/2019 9:30,29.352
2737,2/11/2019 10:00,29.352
2738,2/11/2019 10:30,29.352
2739,2/11/2019 11:00,29.452
2740,2/11/2019 11:30,29.452
2741,2/11/2019 12:00,29.452
2742,2/11/2019 12:30,29.552
2743,2/11/2019 13:00,29.552
2744,2/11/2019 13:30,29.652
2745,2/11/2019 14:00,29.652
2746,2/11/2019 14:30,29.652
2747,2/11/2019 15:00,29.752
2748,2/11/2019 15:30,29.752
2749,2/11/2019 16:00,29.752
2750,2/11/2019 16:30,29.853
2751,2/11/2019 17:00,29.853
2752,2/11/2019 17:30,29.853
2753,2/11/2019 18:00,29.953
2754,2/11/2019 18:30,29.953
2755,2/11/2019 19:00,29.953
2756,2/11/2019 19:30,30.054
2757,2/11/2019 20:00,30.054
2758,2/11/2019 20:30,30.054
2759,2/11/2019 21:00,30.054
2760,2/11/2019 21:30,30.054
2761,2/11/2019 22:00,30.054
2762,2/11/2019 22:30,30.154
2763,2/11/2019 23:00,30.154
2764,2/11/2019 23:30,30.154
2765,2/12/2019 0:00,30.154
2766,2/12/2019 0:30,30.154
2767,2/12/2019 1:00,30.154
2768,2/12/2019 1:30,30.154
2769,2/12/2019 2:00,30.154
2770,2/12/2019 2:30,30.154
2771,2/12/2019 3:00,30.154
2772,2/12/2019 3:30,30.154
2773,2/12/2019 4:00,30.154
2774,2/12/2019 4:30,30.154
2775,2/12/2019 5:00,30.154
2776,2/12/2019 5:30,30.154
2777,2/12/2019 6:00,30.154
2778,2/12/2019 6:30,30.154
2779,2/12/2019 7:00,30.154
2780,2/12/2019 7:30,30.154
2781,2/12/2019 8:00,29.652
2782,2/12/2019 8:30,29.152
2783,2/12/2019 9:00,28.953
2784,2/12/2019 9:30,28.953
2785,2/12/2019 10:00,29.152
2786,2/12/2019 10:30,29.252
2787,2/12/2019 11:00,29.452
2788,2/12/2019 11:30,29.552
2789,2/12/2019 12:00,29.352
2790,2/12/2019 12:30,28.953
2791,2/12/2019 13:00,28.754
2792,2/12/2019 13:30,28.853
2793,2/12/2019 14:00,28.655
2794,2/12/2019 14:30,28.357
2795,2/12/2019 15:00,28.06
2796,2/12/2019 15:30,27.764
2797,2/12/2019 16:00,27.764
2798,2/12/2019 16:30,27.862
2799,2/12/2019 17:00,28.159
2800,2/12/2019 17:30,28.456
2801,2/12/2019 18:00,28.655
2802,2/12/2019 18:30,28.853
2803,2/12/2019 19:00,29.053
2804,2/12/2019 19:30,29.152
2805,2/12/2019 20:00,29.252
2806,2/12/2019 20:30,29.352
2807,2/12/2019 21:00,29.452
2808,2/12/2019 21:30,29.452
2809,2/12/2019 22:00,29.552
2810,2/12/2019 22:30,29.552
2811,2/12/2019 23:00,29.552
2812,2/12/2019 23:30,29.552
2813,2/13/2019 0:00,29.552
2814,2/13/2019 0:30,29.552
2815,2/13/2019 1:00,29.552
2816,2/13/2019 1:30,29.552
2817,2/13/2019 2:00,29.452
2818,2/13/2019 2:30,29.452
2819,2/13/2019 3:00,29.452
2820,2/13/2019 3:30,29.452
2821,2/13/2019 4:00,29.452
2822,2/13/2019 4:30,29.352
2823,2/13/2019 5:00,28.456
2824,2/13/2019 5:30,26.977
2825,2/13/2019 6:00,26
2826,2/13/2019 6:30,25.513
2827,2/13/2019 7:00,25.708
2828,2/13/2019 7:30,25.513
2829,2/13/2019 8:00,25.416
2830,2/13/2019 8:30,25.416
2831,2/13/2019 9:00,25.222
2832,2/13/2019 9:30,25.513
2833,2/13/2019 10:00,25.416
2834,2/13/2019 10:30,24.062
2835,2/13/2019 11:00,24.062
2836,2/13/2019 11:30,23.677
2837,2/13/2019 12:00,24.158
2838,2/13/2019 12:30,29.452
2839,2/13/2019 13:00,29.452
2840,2/13/2019 13:30,29.452
2841,2/13/2019 14:00,29.452
2842,2/13/2019 14:30,29.452
2843,2/13/2019 15:00,29.452
2844,2/13/2019 15:30,29.452
2845,2/13/2019 16:00,29.452
2846,2/13/2019 16:30,29.452
2847,2/13/2019 17:00,29.452
2848,2/13/2019 17:30,29.352
2849,2/13/2019 18:00,29.252
2850,2/13/2019 18:30,29.352
2851,2/13/2019 19:00,29.352
2852,2/13/2019 19:30,29.352
2853,2/13/2019 20:00,29.352
2854,2/13/2019 20:30,29.252
2855,2/13/2019 21:00,29.252
2856,2/13/2019 21:30,29.252
2857,2/13/2019 22:00,29.252
2858,2/13/2019 22:30,29.152
2859,2/13/2019 23:00,29.152
2860,2/13/2019 23:30,29.152
2861,2/14/2019 0:00,29.053
2862,2/14/2019 0:30,29.053
2863,2/14/2019 1:00,29.053
2864,2/14/2019 1:30,29.053
2865,2/14/2019 2:00,29.053
2866,2/14/2019 2:30,29.053
2867,2/14/2019 3:00,28.953
2868,2/14/2019 3:30,28.853
2869,2/14/2019 4:00,28.655
2870,2/14/2019 4:30,28.655
2871,2/14/2019 5:00,28.655
2872,2/14/2019 5:30,28.655
2873,2/14/2019 6:00,28.655
2874,2/14/2019 6:30,28.555
2875,2/14/2019 7:00,28.555
2876,2/14/2019 7:30,28.655
2877,2/14/2019 8:00,28.655
2878,2/14/2019 8:30,28.655
2879,2/14/2019 9:00,28.655
2880,2/14/2019 9:30,28.754
2881,2/14/2019 10:00,28.754
2882,2/14/2019 10:30,28.754
2883,2/14/2019 11:00,28.754
2884,2/14/2019 11:30,28.853
2885,2/14/2019 12:00,28.953
2886,2/14/2019 12:30,28.853
2887,2/14/2019 13:00,28.754
2888,2/14/2019 13:30,28.754
2889,2/14/2019 14:00,28.754
2890,2/14/2019 14:30,28.853
2891,2/14/2019 15:00,28.853
2892,2/14/2019 15:30,28.754
2893,2/14/2019 16:00,28.754
2894,2/14/2019 16:30,28.754
2895,2/14/2019 17:00,28.754
2896,2/14/2019 17:30,28.754
2897,2/14/2019 18:00,28.754
2898,2/14/2019 18:30,28.754
2899,2/14/2019 19:00,28.754
2900,2/14/2019 19:30,28.754
2901,2/14/2019 20:00,28.754
2902,2/14/2019 20:30,28.754
2903,2/14/2019 21:00,28.655
2904,2/14/2019 21:30,28.655
2905,2/14/2019 22:00,28.655
2906,2/14/2019 22:30,28.655
2907,2/14/2019 23:00,28.555
2908,2/14/2019 23:30,28.555
2909,2/15/2019 0:00,28.555
2910,2/15/2019 0:30,28.555
2911,2/15/2019 1:00,28.555
2912,2/15/2019 1:30,28.555
2913,2/15/2019 2:00,28.555
2914,2/15/2019 2:30,28.456
2915,2/15/2019 3:00,28.456
2916,2/15/2019 3:30,28.456
2917,2/15/2019 4:00,28.357
2918,2/15/2019 4:30,28.456
2919,2/15/2019 5:00,28.357
2920,2/15/2019 5:30,28.357
2921,2/15/2019 6:00,28.357
2922,2/15/2019 6:30,28.456
2923,2/15/2019 7:00,28.456
2924,2/15/2019 7:30,28.555
2925,2/15/2019 8:00,28.456
2926,2/15/2019 8:30,28.555
2927,2/15/2019 9:00,28.555
2928,2/15/2019 9:30,28.555
2929,2/15/2019 10:00,28.655
2930,2/15/2019 10:30,28.555
2931,2/15/2019 11:00,28.655
2932,2/15/2019 11:30,28.655
2933,2/15/2019 12:00,28.655
2934,2/15/2019 12:30,28.655
2935,2/15/2019 13:00,28.655
2936,2/15/2019 13:30,28.655
2937,2/15/2019 14:00,28.655
2938,2/15/2019 14:30,28.655
2939,2/15/2019 15:00,28.555
2940,2/15/2019 15:30,28.555
2941,2/15/2019 16:00,28.555
2942,2/15/2019 16:30,28.456
2943,2/15/2019 17:00,28.456
2944,2/15/2019 17:30,28.456
2945,2/15/2019 18:00,28.555
2946,2/15/2019 18:30,28.456
2947,2/15/2019 19:00,28.456
2948,2/15/2019 19:30,28.456
2949,2/15/2019 20:00,28.456
2950,2/15/2019 20:30,28.456
2951,2/15/2019 21:00,28.456
2952,2/15/2019 21:30,28.456
2953,2/15/2019 22:00,28.456
2954,2/15/2019 22:30,28.456
2955,2/15/2019 23:00,28.456
2956,2/15/2019 23:30,28.456
2957,2/16/2019 0:00,28.456
2958,2/16/2019 0:30,28.456
2959,2/16/2019 1:00,28.456
2960,2/16/2019 1:30,28.456
2961,2/16/2019 2:00,28.456
2962,2/16/2019 2:30,28.357
2963,2/16/2019 3:00,28.357
2964,2/16/2019 3:30,28.357
2965,2/16/2019 4:00,28.357
2966,2/16/2019 4:30,28.357
2967,2/16/2019 5:00,28.357
2968,2/16/2019 5:30,28.258
2969,2/16/2019 6:00,28.258
2970,2/16/2019 6:30,28.159
2971,2/16/2019 7:00,28.258
2972,2/16/2019 7:30,28.258
2973,2/16/2019 8:00,28.258
2974,2/16/2019 8:30,28.258
2975,2/16/2019 9:00,28.357
2976,2/16/2019 9:30,28.357
2977,2/16/2019 10:00,28.258
2978,2/16/2019 10:30,28.258
2979,2/16/2019 11:00,28.258
2980,2/16/2019 11:30,28.258
2981,2/16/2019 12:00,28.258
2982,2/16/2019 12:30,28.258
2983,2/16/2019 13:00,28.555
2984,2/16/2019 13:30,28.357
2985,2/16/2019 14:00,28.258
2986,2/16/2019 14:30,28.258
2987,2/16/2019 15:00,28.258
2988,2/16/2019 15:30,28.258
2989,2/16/2019 16:00,28.258
2990,2/16/2019 16:30,28.258
2991,2/16/2019 17:00,28.357
2992,2/16/2019 17:30,28.258
2993,2/16/2019 18:00,28.357
2994,2/16/2019 18:30,28.258
2995,2/16/2019 19:00,28.258
2996,2/16/2019 19:30,28.258
2997,2/16/2019 20:00,28.258
2998,2/16/2019 20:30,28.258
2999,2/16/2019 21:00,28.159
3000,2/16/2019 21:30,28.159
3001,2/16/2019 22:00,28.159
3002,2/16/2019 22:30,28.06
3003,2/16/2019 23:00,28.06
3004,2/16/2019 23:30,28.06
3005,2/17/2019 0:00,28.06
3006,2/17/2019 0:30,28.06
3007,2/17/2019 1:00,28.06
3008,2/17/2019 1:30,27.961
3009,2/17/2019 2:00,27.961
3010,2/17/2019 2:30,27.961
3011,2/17/2019 3:00,27.961
3012,2/17/2019 3:30,27.862
3013,2/17/2019 4:00,27.862
3014,2/17/2019 4:30,27.862
3015,2/17/2019 5:00,27.764
3016,2/17/2019 5:30,27.862
3017,2/17/2019 6:00,27.862
3018,2/17/2019 6:30,27.862
3019,2/17/2019 7:00,27.961
3020,2/17/2019 7:30,27.961
3021,2/17/2019 8:00,28.06
3022,2/17/2019 8:30,28.159
3023,2/17/2019 9:00,28.159
3024,2/17/2019 9:30,28.159
3025,2/17/2019 10:00,28.258
3026,2/17/2019 10:30,28.357
3027,2/17/2019 11:00,28.357
3028,2/17/2019 11:30,28.258
3029,2/17/2019 12:00,28.159
3030,2/17/2019 12:30,28.357
3031,2/17/2019 13:00,28.357
3032,2/17/2019 13:30,28.357
3033,2/17/2019 14:00,28.456
3034,2/17/2019 14:30,28.555
3035,2/17/2019 15:00,28.555
3036,2/17/2019 15:30,28.456
3037,2/17/2019 16:00,28.555
3038,2/17/2019 16:30,28.555
3039,2/17/2019 17:00,28.555
3040,2/17/2019 17:30,28.655
3041,2/17/2019 18:00,28.655
3042,2/17/2019 18:30,28.555
3043,2/17/2019 19:00,28.456
3044,2/17/2019 19:30,28.357
3045,2/17/2019 20:00,28.357
3046,2/17/2019 20:30,28.258
3047,2/17/2019 21:00,28.258
3048,2/17/2019 21:30,28.258
3049,2/17/2019 22:00,28.159
3050,2/17/2019 22:30,28.06
3051,2/17/2019 23:00,28.06
3052,2/17/2019 23:30,28.06
3053,2/18/2019 0:00,28.06
3054,2/18/2019 0:30,27.961
3055,2/18/2019 1:00,27.961
3056,2/18/2019 1:30,28.06
3057,2/18/2019 2:00,27.961
3058,2/18/2019 2:30,27.961
3059,2/18/2019 3:00,27.961
3060,2/18/2019 3:30,27.862
3061,2/18/2019 4:00,27.862
3062,2/18/2019 4:30,27.862
3063,2/18/2019 5:00,27.764
3064,2/18/2019 5:30,27.862
3065,2/18/2019 6:00,27.862
3066,2/18/2019 6:30,27.862
3067,2/18/2019 7:00,27.961
3068,2/18/2019 7:30,27.961
3069,2/18/2019 8:00,28.06
3070,2/18/2019 8:30,28.06
3071,2/18/2019 9:00,28.159
3072,2/18/2019 9:30,28.258
3073,2/18/2019 10:00,28.258
3074,2/18/2019 10:30,28.258
3075,2/18/2019 11:00,28.258
3076,2/18/2019 11:30,28.258
3077,2/18/2019 12:00,28.159
3078,2/18/2019 12:30,28.258
3079,2/18/2019 13:00,28.357
3080,2/18/2019 13:30,28.357
3081,2/18/2019 14:00,28.357
3082,2/18/2019 14:30,28.357
3083,2/18/2019 15:00,28.258
3084,2/18/2019 15:30,28.258
3085,2/18/2019 16:00,28.258
3086,2/18/2019 16:30,28.258
3087,2/18/2019 17:00,28.258
3088,2/18/2019 17:30,28.258
3089,2/18/2019 18:00,28.258
3090,2/18/2019 18:30,28.258
3091,2/18/2019 19:00,28.258
3092,2/18/2019 19:30,28.159
3093,2/18/2019 20:00,28.159
3094,2/18/2019 20:30,28.159
3095,2/18/2019 21:00,28.159
3096,2/18/2019 21:30,28.159
3097,2/18/2019 22:00,28.06
3098,2/18/2019 22:30,28.06
3099,2/18/2019 23:00,28.06
3100,2/18/2019 23:30,28.06
3101,2/19/2019 0:00,28.06
3102,2/19/2019 0:30,28.06
3103,2/19/2019 1:00,28.06
3104,2/19/2019 1:30,28.06
3105,2/19/2019 2:00,28.06
3106,2/19/2019 2:30,28.06
3107,2/19/2019 3:00,27.961
3108,2/19/2019 3:30,27.961
3109,2/19/2019 4:00,27.764
3110,2/19/2019 4:30,27.567
3111,2/19/2019 5:00,27.567
3112,2/19/2019 5:30,27.567
3113,2/19/2019 6:00,27.567
3114,2/19/2019 6:30,27.665
3115,2/19/2019 7:00,27.862
3116,2/19/2019 7:30,27.961
3117,2/19/2019 8:00,28.06
3118,2/19/2019 8:30,28.06
3119,2/19/2019 9:00,28.159
3120,2/19/2019 9:30,28.159
3121,2/19/2019 10:00,28.159
3122,2/19/2019 10:30,28.258
3123,2/19/2019 11:00,28.258
3124,2/19/2019 11:30,28.258
3125,2/19/2019 12:00,28.357
3126,2/19/2019 12:30,28.357
3127,2/19/2019 13:00,28.357
3128,2/19/2019 13:30,28.655
3129,2/19/2019 14:00,28.754
3130,2/19/2019 14:30,28.655
3131,2/19/2019 15:00,28.655
3132,2/19/2019 15:30,28.655
3133,2/19/2019 16:00,28.655
3134,2/19/2019 16:30,28.555
3135,2/19/2019 17:00,28.555
3136,2/19/2019 17:30,28.555
3137,2/19/2019 18:00,28.555
3138,2/19/2019 18:30,28.456
3139,2/19/2019 19:00,28.555
3140,2/19/2019 19:30,28.555
3141,2/19/2019 20:00,28.456
3142,2/19/2019 20:30,28.555
3143,2/19/2019 21:00,28.456
3144,2/19/2019 21:30,28.357
3145,2/19/2019 22:00,28.357
3146,2/19/2019 22:30,28.258
3147,2/19/2019 23:00,28.159
3148,2/19/2019 23:30,28.159
3149,2/20/2019 0:00,28.06
3150,2/20/2019 0:30,27.961
3151,2/20/2019 1:00,28.06
3152,2/20/2019 1:30,28.159
3153,2/20/2019 2:00,28.06
3154,2/20/2019 2:30,27.961
3155,2/20/2019 3:00,27.961
3156,2/20/2019 3:30,27.961
3157,2/20/2019 4:00,27.862
3158,2/20/2019 4:30,27.862
3159,2/20/2019 5:00,27.862
3160,2/20/2019 5:30,27.862
3161,2/20/2019 6:00,27.961
3162,2/20/2019 6:30,28.06
3163,2/20/2019 7:00,28.06
3164,2/20/2019 7:30,28.06
3165,2/20/2019 8:00,28.159
3166,2/20/2019 8:30,28.159
3167,2/20/2019 9:00,28.159
3168,2/20/2019 9:30,28.159
3169,2/20/2019 10:00,28.258
3170,2/20/2019 10:30,28.357
3171,2/20/2019 11:00,28.357
3172,2/20/2019 11:30,28.258
3173,2/20/2019 12:00,28.159
3174,2/20/2019 12:30,27.961
3175,2/20/2019 13:00,28.06
3176,2/20/2019 13:30,28.357
3177,2/20/2019 14:00,28.555
3178,2/20/2019 14:30,28.754
3179,2/20/2019 15:00,28.754
3180,2/20/2019 15:30,28.754
3181,2/20/2019 16:00,28.754
3182,2/20/2019 16:30,28.754
3183,2/20/2019 17:00,28.754
3184,2/20/2019 17:30,28.754
3185,2/20/2019 18:00,28.754
3186,2/20/2019 18:30,28.754
3187,2/20/2019 19:00,28.754
3188,2/20/2019 19:30,28.754
3189,2/20/2019 20:00,28.754
3190,2/20/2019 20:30,28.754
3191,2/20/2019 21:00,28.754
3192,2/20/2019 21:30,28.655
3193,2/20/2019 22:00,28.655
3194,2/20/2019 22:30,28.555
3195,2/20/2019 23:00,28.357
3196,2/20/2019 23:30,28.258
3197,2/21/2019 0:00,27.961
3198,2/21/2019 0:30,28.06
3199,2/21/2019 1:00,28.06
3200,2/21/2019 1:30,27.764
3201,2/21/2019 2:00,27.567
3202,2/21/2019 2:30,27.468
3203,2/21/2019 3:00,27.665
3204,2/21/2019 3:30,27.665
3205,2/21/2019 4:00,27.764
3206,2/21/2019 4:30,27.862
3207,2/21/2019 5:00,27.665
3208,2/21/2019 5:30,27.764
3209,2/21/2019 6:00,27.764
3210,2/21/2019 6:30,27.764
3211,2/21/2019 7:00,27.764
3212,2/21/2019 7:30,27.862
3213,2/21/2019 8:00,27.961
3214,2/21/2019 8:30,28.159
3215,2/21/2019 9:00,28.159
3216,2/21/2019 9:30,28.06
3217,2/21/2019 10:00,28.159
3218,2/21/2019 10:30,28.159
3219,2/21/2019 11:00,28.159
3220,2/21/2019 11:30,28.258
3221,2/21/2019 12:00,28.159
3222,2/21/2019 12:30,28.159
3223,2/21/2019 13:00,28.258
3224,2/21/2019 13:30,28.159
3225,2/21/2019 14:00,28.159
3226,2/21/2019 14:30,28.159
3227,2/21/2019 15:00,28.06
3228,2/21/2019 15:30,28.159
3229,2/21/2019 16:00,28.159
3230,2/21/2019 16:30,28.159
3231,2/21/2019 17:00,28.159
3232,2/21/2019 17:30,28.159
3233,2/21/2019 18:00,28.159
3234,2/21/2019 18:30,28.159
3235,2/21/2019 19:00,28.159
3236,2/21/2019 19:30,28.159
3237,2/21/2019 20:00,28.159
3238,2/21/2019 20:30,28.159
3239,2/21/2019 21:00,28.159
3240,2/21/2019 21:30,28.159
3241,2/21/2019 22:00,28.159
3242,2/21/2019 22:30,28.159
3243,2/21/2019 23:00,28.159
3244,2/21/2019 23:30,28.159
3245,2/22/2019 0:00,28.159
3246,2/22/2019 0:30,28.159
3247,2/22/2019 1:00,28.06
3248,2/22/2019 1:30,28.06
3249,2/22/2019 2:00,28.159
3250,2/22/2019 2:30,28.159
3251,2/22/2019 3:00,28.159
3252,2/22/2019 3:30,28.159
3253,2/22/2019 4:00,28.159
3254,2/22/2019 4:30,28.159
3255,2/22/2019 5:00,28.159
3256,2/22/2019 5:30,28.159
3257,2/22/2019 6:00,28.159
3258,2/22/2019 6:30,28.159
3259,2/22/2019 7:00,28.258
3260,2/22/2019 7:30,28.357
3261,2/22/2019 8:00,28.357
3262,2/22/2019 8:30,28.357
3263,2/22/2019 9:00,28.555
3264,2/22/2019 9:30,28.655
3265,2/22/2019 10:00,28.655
3266,2/22/2019 10:30,28.555
3267,2/22/2019 11:00,28.754
3268,2/22/2019 11:30,28.555
3269,2/22/2019 12:00,28.555
3270,2/22/2019 12:30,28.853
3271,2/22/2019 13:00,28.754
3272,2/22/2019 13:30,28.655
3273,2/22/2019 14:00,28.655
3274,2/22/2019 14:30,28.456
3275,2/22/2019 15:00,28.357
3276,2/22/2019 15:30,28.456
3277,2/22/2019 16:00,28.555
3278,2/22/2019 16:30,28.555
3279,2/22/2019 17:00,28.655
3280,2/22/2019 17:30,28.655
3281,2/22/2019 18:00,28.655
3282,2/22/2019 18:30,28.853
3283,2/22/2019 19:00,29.053
3284,2/22/2019 19:30,28.853
3285,2/22/2019 20:00,28.853
3286,2/22/2019 20:30,28.953
3287,2/22/2019 21:00,29.053
3288,2/22/2019 21:30,29.053
3289,2/22/2019 22:00,29.053
3290,2/22/2019 22:30,28.754
3291,2/22/2019 23:00,28.754
3292,2/22/2019 23:30,28.754
3293,2/23/2019 0:00,28.655
3294,2/23/2019 0:30,28.555
3295,2/23/2019 1:00,28.555
3296,2/23/2019 1:30,28.555
3297,2/23/2019 2:00,28.555
3298,2/23/2019 2:30,28.555
3299,2/23/2019 3:00,28.456
3300,2/23/2019 3:30,28.655
3301,2/23/2019 4:00,28.456
3302,2/23/2019 4:30,28.456
3303,2/23/2019 5:00,28.555
3304,2/23/2019 5:30,28.555
3305,2/23/2019 6:00,28.555
3306,2/23/2019 6:30,28.555
3307,2/23/2019 7:00,28.655
3308,2/23/2019 7:30,28.655
3309,2/23/2019 8:00,28.655
3310,2/23/2019 8:30,28.853
3311,2/23/2019 9:00,28.953
3312,2/23/2019 9:30,28.953
3313,2/23/2019 10:00,28.953
3314,2/23/2019 10:30,29.053
3315,2/23/2019 11:00,29.152
3316,2/23/2019 11:30,29.152
3317,2/23/2019 12:00,29.152
3318,2/23/2019 12:30,29.352
3319,2/23/2019 13:00,29.552
3320,2/23/2019 13:30,29.652
3321,2/23/2019 14:00,29.752
3322,2/23/2019 14:30,29.853
3323,2/23/2019 15:00,29.853
3324,2/23/2019 15:30,29.853
3325,2/23/2019 16:00,29.853
3326,2/23/2019 16:30,29.552
3327,2/23/2019 17:00,29.452
3328,2/23/2019 17:30,29.452
3329,2/23/2019 18:00,29.552
3330,2/23/2019 18:30,29.552
3331,2/23/2019 19:00,29.452
3332,2/23/2019 19:30,29.452
3333,2/23/2019 20:00,29.452
3334,2/23/2019 20:30,29.452
3335,2/23/2019 21:00,29.352
3336,2/23/2019 21:30,29.252
3337,2/23/2019 22:00,29.152
3338,2/23/2019 22:30,29.152
3339,2/23/2019 23:00,29.053
3340,2/23/2019 23:30,29.053
3341,2/24/2019 0:00,28.953
3342,2/24/2019 0:30,28.953
3343,2/24/2019 1:00,28.953
3344,2/24/2019 1:30,28.853
3345,2/24/2019 2:00,28.853
3346,2/24/2019 2:30,28.853
3347,2/24/2019 3:00,28.853
3348,2/24/2019 3:30,28.655
3349,2/24/2019 4:00,28.655
3350,2/24/2019 4:30,28.754
3351,2/24/2019 5:00,28.655
3352,2/24/2019 5:30,28.456
3353,2/24/2019 6:00,28.258
3354,2/24/2019 6:30,28.159
3355,2/24/2019 7:00,28.655
3356,2/24/2019 7:30,28.754
3357,2/24/2019 8:00,28.853
3358,2/24/2019 8:30,28.853
3359,2/24/2019 9:00,28.754
3360,2/24/2019 9:30,28.555
3361,2/24/2019 10:00,28.555
3362,2/24/2019 10:30,28.953
3363,2/24/2019 11:00,29.053
3364,2/24/2019 11:30,29.152
3365,2/24/2019 12:00,29.152
3366,2/24/2019 12:30,29.152
3367,2/24/2019 13:00,29.352
3368,2/24/2019 13:30,29.652
3369,2/24/2019 14:00,29.752
3370,2/24/2019 14:30,29.853
3371,2/24/2019 15:00,29.853
3372,2/24/2019 15:30,29.652
3373,2/24/2019 16:00,29.752
3374,2/24/2019 16:30,29.452
3375,2/24/2019 17:00,29.652
3376,2/24/2019 17:30,29.652
3377,2/24/2019 18:00,29.652
3378,2/24/2019 18:30,29.652
3379,2/24/2019 19:00,29.652
3380,2/24/2019 19:30,29.652
3381,2/24/2019 20:00,29.552
3382,2/24/2019 20:30,29.652
3383,2/24/2019 21:00,29.652
3384,2/24/2019 21:30,29.652
3385,2/24/2019 22:00,29.652
3386,2/24/2019 22:30,29.652
3387,2/24/2019 23:00,29.652
3388,2/24/2019 23:30,29.652
3389,2/25/2019 0:00,29.552
3390,2/25/2019 0:30,29.452
3391,2/25/2019 1:00,29.252
3392,2/25/2019 1:30,29.152
3393,2/25/2019 2:00,28.853
3394,2/25/2019 2:30,29.152
3395,2/25/2019 3:00,29.053
3396,2/25/2019 3:30,29.152
3397,2/25/2019 4:00,29.252
3398,2/25/2019 4:30,29.152
3399,2/25/2019 5:00,29.152
3400,2/25/2019 5:30,29.152
3401,2/25/2019 6:00,29.252
3402,2/25/2019 6:30,29.152
3403,2/25/2019 7:00,28.853
3404,2/25/2019 7:30,28.754
3405,2/25/2019 8:00,29.053
3406,2/25/2019 8:30,28.953
3407,2/25/2019 9:00,29.053
3408,2/25/2019 9:30,29.152
3409,2/25/2019 10:00,29.053
3410,2/25/2019 10:30,29.053
3411,2/25/2019 11:00,29.152
3412,2/25/2019 11:30,29.152
3413,2/25/2019 12:00,29.252
3414,2/25/2019 12:30,29.252
3415,2/25/2019 13:00,29.252
3416,2/25/2019 13:30,29.352
3417,2/25/2019 14:00,29.352
3418,2/25/2019 14:30,29.552
3419,2/25/2019 15:00,29.652
3420,2/25/2019 15:30,29.552
3421,2/25/2019 16:00,29.552
3422,2/25/2019 16:30,29.452
3423,2/25/2019 17:00,29.352
3424,2/25/2019 17:30,29.252
3425,2/25/2019 18:00,29.152
3426,2/25/2019 18:30,29.152
3427,2/25/2019 19:00,29.152
3428,2/25/2019 19:30,29.053
3429,2/25/2019 20:00,28.953
3430,2/25/2019 20:30,28.953
3431,2/25/2019 21:00,28.853
3432,2/25/2019 21:30,28.754
3433,2/25/2019 22:00,28.754
3434,2/25/2019 22:30,28.754
3435,2/25/2019 23:00,28.754
3436,2/25/2019 23:30,28.754
3437,2/26/2019 0:00,28.754
3438,2/26/2019 0:30,28.754
3439,2/26/2019 1:00,28.655
3440,2/26/2019 1:30,28.754
3441,2/26/2019 2:00,28.655
3442,2/26/2019 2:30,28.655
3443,2/26/2019 3:00,28.357
3444,2/26/2019 3:30,28.357
3445,2/26/2019 4:00,28.655
3446,2/26/2019 4:30,28.555
3447,2/26/2019 5:00,28.555
3448,2/26/2019 5:30,28.456
3449,2/26/2019 6:00,28.456
3450,2/26/2019 6:30,28.456
3451,2/26/2019 7:00,28.357
3452,2/26/2019 7:30,28.357
3453,2/26/2019 8:00,28.456
3454,2/26/2019 8:30,28.456
3455,2/26/2019 9:00,28.456
3456,2/26/2019 9:30,28.456
3457,2/26/2019 10:00,28.357
3458,2/26/2019 10:30,28.159
3459,2/26/2019 11:00,28.258
3460,2/26/2019 11:30,28.258
3461,2/26/2019 12:00,28.357
3462,2/26/2019 12:30,28.456
3463,2/26/2019 13:00,28.456
3464,2/26/2019 13:30,28.555
3465,2/26/2019 14:00,28.555
3466,2/26/2019 14:30,28.555
3467,2/26/2019 15:00,28.555
3468,2/26/2019 15:30,28.655
3469,2/26/2019 16:00,28.555
3470,2/26/2019 16:30,28.655
3471,2/26/2019 17:00,28.555
3472,2/26/2019 17:30,28.655
3473,2/26/2019 18:00,28.555
3474,2/26/2019 18:30,28.555
3475,2/26/2019 19:00,28.555
3476,2/26/2019 19:30,28.555
3477,2/26/2019 20:00,28.555
3478,2/26/2019 20:30,28.555
3479,2/26/2019 21:00,28.456
3480,2/26/2019 21:30,28.555
3481,2/26/2019 22:00,28.456
3482,2/26/2019 22:30,28.456
3483,2/26/2019 23:00,28.456
3484,2/26/2019 23:30,28.456
3485,2/27/2019 0:00,28.456
3486,2/27/2019 0:30,28.456
3487,2/27/2019 1:00,28.456
3488,2/27/2019 1:30,28.456
3489,2/27/2019 2:00,28.456
3490,2/27/2019 2:30,28.357
3491,2/27/2019 3:00,28.258
3492,2/27/2019 3:30,28.258
3493,2/27/2019 4:00,28.258
3494,2/27/2019 4:30,28.258
3495,2/27/2019 5:00,28.258
3496,2/27/2019 5:30,28.258
3497,2/27/2019 6:00,28.258
3498,2/27/2019 6:30,28.258
3499,2/27/2019 7:00,28.357
3500,2/27/2019 7:30,28.357
3501,2/27/2019 8:00,28.456
3502,2/27/2019 8:30,28.456
3503,2/27/2019 9:00,28.555
3504,2/27/2019 9:30,28.555
3505,2/27/2019 10:00,28.853
3506,2/27/2019 10:30,29.752
3507,2/27/2019 11:00,29.652
3508,2/27/2019 11:30,29.652
3509,2/27/2019 12:00,29.352
3510,2/27/2019 12:30,29.252
3511,2/27/2019 13:00,29.152
3512,2/27/2019 13:30,29.152
3513,2/27/2019 14:00,29.053
3514,2/27/2019 14:30,28.953
3515,2/27/2019 15:00,28.953
3516,2/27/2019 15:30,28.953
3517,2/27/2019 16:00,28.853
3518,2/27/2019 16:30,28.754
3519,2/27/2019 17:00,28.754
3520,2/27/2019 17:30,28.754
3521,2/27/2019 18:00,28.655
3522,2/27/2019 18:30,28.655
3523,2/27/2019 19:00,28.655
3524,2/27/2019 19:30,28.655
3525,2/27/2019 20:00,28.655
3526,2/27/2019 20:30,28.655
3527,2/27/2019 21:00,28.655
3528,2/27/2019 21:30,28.655
3529,2/27/2019 22:00,28.555
3530,2/27/2019 22:30,28.555
3531,2/27/2019 23:00,28.555
3532,2/27/2019 23:30,28.456
3533,2/28/2019 0:00,28.456
3534,2/28/2019 0:30,28.456
3535,2/28/2019 1:00,28.357
3536,2/28/2019 1:30,28.258
3537,2/28/2019 2:00,28.258
3538,2/28/2019 2:30,28.258
3539,2/28/2019 3:00,28.159
3540,2/28/2019 3:30,28.06
3541,2/28/2019 4:00,27.961
3542,2/28/2019 4:30,27.961
3543,2/28/2019 5:00,28.06
3544,2/28/2019 5:30,28.06
3545,2/28/2019 6:00,28.159
3546,2/28/2019 6:30,28.06
3547,2/28/2019 7:00,28.159
3548,2/28/2019 7:30,28.159
3549,2/28/2019 8:00,28.159
3550,2/28/2019 8:30,28.159
3551,2/28/2019 9:00,28.258
3552,2/28/2019 9:30,28.357
3553,2/28/2019 10:00,28.456
3554,2/28/2019 10:30,28.456
3555,2/28/2019 11:00,28.456
3556,2/28/2019 11:30,28.456
3557,2/28/2019 12:00,28.456
3558,2/28/2019 12:30,28.456
3559,2/28/2019 13:00,28.456
3560,2/28/2019 13:30,28.456
3561,2/28/2019 14:00,28.456
3562,2/28/2019 14:30,28.456
3563,2/28/2019 15:00,28.456
3564,2/28/2019 15:30,28.357
3565,2/28/2019 16:00,28.357
3566,2/28/2019 16:30,28.357
3567,2/28/2019 17:00,28.357
3568,2/28/2019 17:30,28.357
3569,2/28/2019 18:00,28.357
3570,2/28/2019 18:30,28.357
3571,2/28/2019 19:00,28.357
3572,2/28/2019 19:30,28.258
3573,2/28/2019 20:00,28.258
3574,2/28/2019 20:30,28.258
3575,2/28/2019 21:00,28.258
3576,2/28/2019 21:30,28.258
3577,2/28/2019 22:00,28.258
3578,2/28/2019 22:30,28.258
3579,2/28/2019 23:00,28.258
3580,2/28/2019 23:30,28.258
3581,3/1/2019 0:00,28.258
3582,3/1/2019 0:30,28.258
3583,3/1/2019 1:00,28.159
3584,3/1/2019 1:30,28.159
3585,3/1/2019 2:00,28.159
3586,3/1/2019 2:30,28.258
3587,3/1/2019 3:00,28.159
3588,3/1/2019 3:30,28.159
3589,3/1/2019 4:00,28.159
3590,3/1/2019 4:30,28.258
3591,3/1/2019 5:00,28.258
3592,3/1/2019 5:30,28.258
3593,3/1/2019 6:00,28.159
3594,3/1/2019 6:30,28.159
3595,3/1/2019 7:00,28.159
3596,3/1/2019 7:30,28.159
3597,3/1/2019 8:00,28.159
3598,3/1/2019 8:30,28.159
3599,3/1/2019 9:00,28.159
3600,3/1/2019 9:30,27.961
3601,3/1/2019 10:00,27.961
3602,3/1/2019 10:30,28.06
3603,3/1/2019 11:00,28.06
3604,3/1/2019 11:30,28.06
3605,3/1/2019 12:00,28.06
3606,3/1/2019 12:30,28.06
3607,3/1/2019 13:00,28.06
3608,3/1/2019 13:30,28.06
3609,3/1/2019 14:00,28.159
3610,3/1/2019 14:30,28.159
3611,3/1/2019 15:00,28.258
3612,3/1/2019 15:30,28.159
3613,3/1/2019 16:00,28.159
3614,3/1/2019 16:30,28.159
3615,3/1/2019 17:00,28.258
3616,3/1/2019 17:30,27.862
3617,3/1/2019 18:00,27.764
3618,3/1/2019 18:30,27.665
3619,3/1/2019 19:00,27.764
3620,3/1/2019 19:30,27.961
3621,3/1/2019 20:00,27.961
3622,3/1/2019 20:30,28.06
3623,3/1/2019 21:00,28.159
3624,3/1/2019 21:30,28.258
3625,3/1/2019 22:00,28.159
3626,3/1/2019 22:30,28.159
3627,3/1/2019 23:00,28.06
3628,3/1/2019 23:30,28.06
3629,3/2/2019 0:00,28.06
3630,3/2/2019 0:30,28.06
3631,3/2/2019 1:00,28.06
3632,3/2/2019 1:30,28.06
3633,3/2/2019 2:00,28.06
3634,3/2/2019 2:30,28.06
3635,3/2/2019 3:00,27.961
3636,3/2/2019 3:30,27.862
3637,3/2/2019 4:00,27.764
3638,3/2/2019 4:30,27.862
3639,3/2/2019 5:00,27.764
3640,3/2/2019 5:30,27.862
3641,3/2/2019 6:00,27.862
3642,3/2/2019 6:30,27.862
3643,3/2/2019 7:00,27.961
3644,3/2/2019 7:30,27.961
3645,3/2/2019 8:00,28.06
3646,3/2/2019 8:30,27.961
3647,3/2/2019 9:00,28.159
3648,3/2/2019 9:30,28.159
3649,3/2/2019 10:00,28.159
3650,3/2/2019 10:30,28.159
3651,3/2/2019 11:00,28.159
3652,3/2/2019 11:30,28.159
3653,3/2/2019 12:00,28.456
3654,3/2/2019 12:30,28.456
3655,3/2/2019 13:00,28.357
3656,3/2/2019 13:30,28.456
3657,3/2/2019 14:00,28.456
3658,3/2/2019 14:30,28.456
3659,3/2/2019 15:00,28.357
3660,3/2/2019 15:30,28.357
3661,3/2/2019 16:00,28.357
3662,3/2/2019 16:30,28.357
3663,3/2/2019 17:00,28.357
3664,3/2/2019 17:30,28.357
3665,3/2/2019 18:00,28.357
3666,3/2/2019 18:30,28.357
3667,3/2/2019 19:00,28.357
3668,3/2/2019 19:30,28.357
3669,3/2/2019 20:00,28.357
3670,3/2/2019 20:30,28.357
3671,3/2/2019 21:00,28.357
3672,3/2/2019 21:30,28.258
3673,3/2/2019 22:00,28.258
3674,3/2/2019 22:30,28.258
3675,3/2/2019 23:00,28.258
3676,3/2/2019 23:30,28.159
3677,3/3/2019 0:00,28.159
3678,3/3/2019 0:30,28.159
3679,3/3/2019 1:00,28.258
3680,3/3/2019 1:30,28.159
3681,3/3/2019 2:00,28.159
3682,3/3/2019 2:30,28.159
3683,3/3/2019 3:00,28.159
3684,3/3/2019 3:30,28.159
3685,3/3/2019 4:00,28.159
3686,3/3/2019 4:30,28.06
3687,3/3/2019 5:00,28.06
3688,3/3/2019 5:30,28.06
3689,3/3/2019 6:00,28.06
3690,3/3/2019 6:30,27.961
3691,3/3/2019 7:00,27.961
3692,3/3/2019 7:30,27.961
3693,3/3/2019 8:00,27.961
3694,3/3/2019 8:30,28.06
3695,3/3/2019 9:00,28.06
3696,3/3/2019 9:30,28.06
3697,3/3/2019 10:00,28.06
3698,3/3/2019 10:30,28.159
3699,3/3/2019 11:00,28.159
3700,3/3/2019 11:30,28.159
3701,3/3/2019 12:00,28.06
3702,3/3/2019 12:30,28.159
3703,3/3/2019 13:00,28.159
3704,3/3/2019 13:30,28.159
3705,3/3/2019 14:00,28.159
3706,3/3/2019 14:30,28.159
3707,3/3/2019 15:00,28.159
3708,3/3/2019 15:30,28.159
3709,3/3/2019 16:00,28.159
3710,3/3/2019 16:30,28.159
3711,3/3/2019 17:00,28.159
3712,3/3/2019 17:30,28.159
3713,3/3/2019 18:00,28.06
3714,3/3/2019 18:30,27.862
3715,3/3/2019 19:00,27.961
3716,3/3/2019 19:30,27.961
3717,3/3/2019 20:00,27.961
3718,3/3/2019 20:30,28.06
3719,3/3/2019 21:00,28.06
3720,3/3/2019 21:30,28.06
3721,3/3/2019 22:00,28.06
3722,3/3/2019 22:30,28.159
3723,3/3/2019 23:00,28.159
3724,3/3/2019 23:30,28.159
3725,3/4/2019 0:00,28.159
3726,3/4/2019 0:30,28.159
3727,3/4/2019 1:00,28.159
3728,3/4/2019 1:30,28.06
3729,3/4/2019 2:00,28.06
3730,3/4/2019 2:30,27.961
3731,3/4/2019 3:00,27.961
3732,3/4/2019 3:30,27.961
3733,3/4/2019 4:00,27.862
3734,3/4/2019 4:30,27.764
3735,3/4/2019 5:00,27.37
3736,3/4/2019 5:30,27.468
3737,3/4/2019 6:00,27.862
3738,3/4/2019 6:30,27.764
3739,3/4/2019 7:00,27.665
3740,3/4/2019 7:30,27.764
3741,3/4/2019 8:00,27.764
3742,3/4/2019 8:30,27.764
3743,3/4/2019 9:00,27.862
3744,3/4/2019 9:30,27.862
3745,3/4/2019 10:00,27.961
3746,3/4/2019 10:30,27.961
3747,3/4/2019 11:00,27.961
3748,3/4/2019 11:30,27.961
3749,3/4/2019 12:00,27.961
3750,3/4/2019 12:30,27.961
3751,3/4/2019 13:00,27.961
3752,3/4/2019 13:30,28.06
3753,3/4/2019 14:00,28.06
3754,3/4/2019 14:30,28.06
3755,3/4/2019 15:00,28.06
3756,3/4/2019 15:30,28.06
3757,3/4/2019 16:00,28.06
3758,3/4/2019 16:30,28.06
3759,3/4/2019 17:00,28.06
3760,3/4/2019 17:30,28.06
3761,3/4/2019 18:00,27.961
3762,3/4/2019 18:30,27.961
3763,3/4/2019 19:00,27.961
3764,3/4/2019 19:30,27.961
3765,3/4/2019 20:00,27.961
3766,3/4/2019 20:30,27.961
3767,3/4/2019 21:00,27.961
3768,3/4/2019 21:30,27.862
3769,3/4/2019 22:00,27.862
3770,3/4/2019 22:30,27.862
3771,3/4/2019 23:00,27.862
3772,3/4/2019 23:30,27.862
3773,3/5/2019 0:00,27.862
3774,3/5/2019 0:30,27.862
3775,3/5/2019 1:00,27.862
3776,3/5/2019 1:30,27.764
3777,3/5/2019 2:00,27.764
3778,3/5/2019 2:30,27.764
3779,3/5/2019 3:00,27.764
3780,3/5/2019 3:30,27.764
3781,3/5/2019 4:00,27.764
3782,3/5/2019 4:30,27.764
3783,3/5/2019 5:00,27.665
3784,3/5/2019 5:30,27.665
3785,3/5/2019 6:00,27.665
3786,3/5/2019 6:30,27.665
3787,3/5/2019 7:00,27.665
3788,3/5/2019 7:30,27.764
3789,3/5/2019 8:00,27.862
3790,3/5/2019 8:30,27.862
3791,3/5/2019 9:00,27.862
3792,3/5/2019 9:30,27.961
3793,3/5/2019 10:00,28.06
3794,3/5/2019 10:30,28.159
3795,3/5/2019 11:00,28.258
3796,3/5/2019 11:30,28.357
3797,3/5/2019 12:00,28.357
3798,3/5/2019 12:30,28.456
3799,3/5/2019 13:00,28.555
3800,3/5/2019 13:30,28.655
3801,3/5/2019 14:00,28.655
3802,3/5/2019 14:30,28.655
3803,3/5/2019 15:00,28.655
3804,3/5/2019 15:30,28.655
3805,3/5/2019 16:00,28.655
3806,3/5/2019 16:30,28.655
3807,3/5/2019 17:00,28.555
3808,3/5/2019 17:30,28.555
3809,3/5/2019 18:00,28.555
3810,3/5/2019 18:30,28.555
3811,3/5/2019 19:00,28.456
3812,3/5/2019 19:30,28.357
3813,3/5/2019 20:00,28.357
3814,3/5/2019 20:30,28.357
3815,3/5/2019 21:00,28.357
3816,3/5/2019 21:30,28.258
3817,3/5/2019 22:00,28.258
3818,3/5/2019 22:30,28.258
3819,3/5/2019 23:00,28.159
3820,3/5/2019 23:30,28.159
3821,3/6/2019 0:00,28.258
3822,3/6/2019 0:30,28.258
3823,3/6/2019 1:00,28.258
3824,3/6/2019 1:30,28.159
3825,3/6/2019 2:00,28.159
3826,3/6/2019 2:30,28.159
3827,3/6/2019 3:00,28.159
3828,3/6/2019 3:30,28.159
3829,3/6/2019 4:00,28.159
3830,3/6/2019 4:30,28.159
3831,3/6/2019 5:00,28.159
3832,3/6/2019 5:30,28.159
3833,3/6/2019 6:00,28.159
3834,3/6/2019 6:30,28.159
3835,3/6/2019 7:00,28.159
3836,3/6/2019 7:30,28.258
3837,3/6/2019 8:00,28.258
3838,3/6/2019 8:30,28.357
3839,3/6/2019 9:00,28.357
3840,3/6/2019 9:30,28.456
3841,3/6/2019 10:00,28.555
3842,3/6/2019 10:30,28.655
3843,3/6/2019 11:00,28.655
3844,3/6/2019 11:30,28.655
3845,3/6/2019 12:00,28.754
3846,3/6/2019 12:30,28.853
3847,3/6/2019 13:00,28.853
3848,3/6/2019 13:30,28.953
3849,3/6/2019 14:00,28.953
3850,3/6/2019 14:30,28.953
3851,3/6/2019 15:00,29.053
3852,3/6/2019 15:30,29.053
3853,3/6/2019 16:00,29.053
3854,3/6/2019 16:30,29.053
3855,3/6/2019 17:00,29.053
3856,3/6/2019 17:30,28.953
3857,3/6/2019 18:00,28.953
3858,3/6/2019 18:30,28.953
3859,3/6/2019 19:00,28.953
3860,3/6/2019 19:30,28.953
3861,3/6/2019 20:00,28.953
3862,3/6/2019 20:30,28.953
3863,3/6/2019 21:00,28.953
3864,3/6/2019 21:30,28.953
3865,3/6/2019 22:00,28.853
3866,3/6/2019 22:30,28.853
3867,3/6/2019 23:00,28.853
3868,3/6/2019 23:30,28.754
3869,3/7/2019 0:00,28.655
3870,3/7/2019 0:30,28.555
3871,3/7/2019 1:00,28.456
3872,3/7/2019 1:30,28.357
3873,3/7/2019 2:00,28.159
3874,3/7/2019 2:30,28.06
3875,3/7/2019 3:00,27.961
3876,3/7/2019 3:30,28.06
3877,3/7/2019 4:00,28.159
3878,3/7/2019 4:30,28.159
3879,3/7/2019 5:00,28.159
3880,3/7/2019 5:30,28.159
3881,3/7/2019 6:00,28.159
3882,3/7/2019 6:30,28.159
3883,3/7/2019 7:00,28.258
3884,3/7/2019 7:30,28.357
3885,3/7/2019 8:00,28.357
3886,3/7/2019 8:30,28.555
3887,3/7/2019 9:00,28.655
3888,3/7/2019 9:30,28.853
3889,3/7/2019 10:00,28.953
3890,3/7/2019 10:30,29.053
3891,3/7/2019 11:00,29.053
3892,3/7/2019 11:30,29.152
3893,3/7/2019 12:00,29.252
3894,3/7/2019 12:30,29.252
3895,3/7/2019 13:00,29.152
3896,3/7/2019 13:30,29.152
3897,3/7/2019 14:00,29.152
3898,3/7/2019 14:30,29.252
3899,3/7/2019 15:00,29.452
3900,3/7/2019 15:30,29.552
3901,3/7/2019 16:00,29.652
3902,3/7/2019 16:30,29.652
3903,3/7/2019 17:00,29.752
3904,3/7/2019 17:30,29.752
3905,3/7/2019 18:00,29.752
3906,3/7/2019 18:30,29.752
3907,3/7/2019 19:00,29.752
3908,3/7/2019 19:30,29.752
3909,3/7/2019 20:00,29.752
3910,3/7/2019 20:30,29.652
3911,3/7/2019 21:00,29.652
3912,3/7/2019 21:30,29.652
3913,3/7/2019 22:00,29.652
3914,3/7/2019 22:30,29.552
3915,3/7/2019 23:00,29.452
3916,3/7/2019 23:30,29.352
3917,3/8/2019 0:00,29.252
3918,3/8/2019 0:30,29.152
3919,3/8/2019 1:00,29.053
3920,3/8/2019 1:30,29.053
3921,3/8/2019 2:00,29.053
3922,3/8/2019 2:30,29.152
3923,3/8/2019 3:00,29.152
3924,3/8/2019 3:30,29.152
3925,3/8/2019 4:00,29.152
3926,3/8/2019 4:30,29.053
3927,3/8/2019 5:00,29.053
3928,3/8/2019 5:30,29.053
3929,3/8/2019 6:00,28.953
3930,3/8/2019 6:30,28.953
3931,3/8/2019 7:00,29.053
3932,3/8/2019 7:30,29.152
3933,3/8/2019 8:00,29.152
3934,3/8/2019 8:30,29.252
3935,3/8/2019 9:00,29.252
3936,3/8/2019 9:30,29.352
3937,3/8/2019 10:00,29.452
3938,3/8/2019 10:30,29.352
3939,3/8/2019 11:00,29.452
3940,3/8/2019 11:30,29.552
3941,3/8/2019 12:00,29.652
3942,3/8/2019 12:30,29.752
3943,3/8/2019 13:00,29.752
3944,3/8/2019 13:30,29.752
3945,3/8/2019 14:00,29.652
3946,3/8/2019 14:30,29.652
3947,3/8/2019 15:00,29.552
3948,3/8/2019 15:30,29.352
3949,3/8/2019 16:00,29.252
3950,3/8/2019 16:30,29.352
3951,3/8/2019 17:00,29.452
3952,3/8/2019 17:30,29.352
3953,3/8/2019 18:00,29.452
3954,3/8/2019 18:30,29.352
3955,3/8/2019 19:00,29.352
3956,3/8/2019 19:30,29.352
3957,3/8/2019 20:00,29.452
3958,3/8/2019 20:30,29.452
3959,3/8/2019 21:00,29.452
3960,3/8/2019 21:30,29.452
3961,3/8/2019 22:00,29.452
3962,3/8/2019 22:30,29.452
3963,3/8/2019 23:00,29.452
3964,3/8/2019 23:30,29.352
3965,3/9/2019 0:00,29.352
3966,3/9/2019 0:30,29.352
3967,3/9/2019 1:00,29.352
3968,3/9/2019 1:30,29.352
3969,3/9/2019 2:00,29.452
3970,3/9/2019 2:30,29.452
3971,3/9/2019 3:00,29.352
3972,3/9/2019 3:30,29.252
3973,3/9/2019 4:00,29.152
3974,3/9/2019 4:30,29.152
3975,3/9/2019 5:00,29.152
3976,3/9/2019 5:30,29.152
3977,3/9/2019 6:00,29.152
3978,3/9/2019 6:30,29.152
3979,3/9/2019 7:00,29.252
3980,3/9/2019 7:30,29.252
3981,3/9/2019 8:00,29.352
3982,3/9/2019 8:30,29.352
3983,3/9/2019 9:00,29.452
3984,3/9/2019 9:30,29.552
3985,3/9/2019 10:00,29.552
3986,3/9/2019 10:30,29.552
3987,3/9/2019 11:00,29.652
3988,3/9/2019 11:30,29.853
3989,3/9/2019 12:00,29.953
3990,3/9/2019 12:30,29.953
3991,3/9/2019 13:00,29.953
3992,3/9/2019 13:30,29.853
3993,3/9/2019 14:00,29.853
3994,3/9/2019 14:30,29.652
3995,3/9/2019 15:00,29.853
3996,3/9/2019 15:30,29.853
3997,3/9/2019 16:00,29.853
3998,3/9/2019 16:30,29.953
3999,3/9/2019 17:00,29.953
4000,3/9/2019 17:30,29.853
4001,3/9/2019 18:00,29.853
4002,3/9/2019 18:30,29.853
4003,3/9/2019 19:00,29.853
4004,3/9/2019 19:30,29.853
4005,3/9/2019 20:00,29.853
4006,3/9/2019 20:30,29.752
4007,3/9/2019 21:00,29.853
4008,3/9/2019 21:30,29.853
4009,3/9/2019 22:00,29.752
4010,3/9/2019 22:30,29.853
4011,3/9/2019 23:00,29.752
4012,3/9/2019 23:30,29.853
4013,3/10/2019 0:00,29.652
4014,3/10/2019 0:30,29.252
4015,3/10/2019 1:00,28.853
4016,3/10/2019 1:30,28.456
4017,3/10/2019 2:00,28.258
4018,3/10/2019 2:30,28.159
4019,3/10/2019 3:00,28.06
4020,3/10/2019 3:30,28.159
4021,3/10/2019 4:00,28.258
4022,3/10/2019 4:30,28.357
4023,3/10/2019 5:00,28.357
4024,3/10/2019 5:30,28.357
4025,3/10/2019 6:00,28.357
4026,3/10/2019 6:30,28.456
4027,3/10/2019 7:00,28.655
4028,3/10/2019 7:30,28.754
4029,3/10/2019 8:00,28.853
4030,3/10/2019 8:30,28.853
4031,3/10/2019 9:00,28.953
4032,3/10/2019 9:30,28.953
4033,3/10/2019 10:00,28.953
4034,3/10/2019 10:30,29.053
4035,3/10/2019 11:00,29.053
4036,3/10/2019 11:30,29.053
4037,3/10/2019 12:00,29.152
4038,3/10/2019 12:30,29.252
4039,3/10/2019 13:00,29.252
4040,3/10/2019 13:30,29.252
4041,3/10/2019 14:00,29.252
4042,3/10/2019 14:30,29.252
4043,3/10/2019 15:00,29.252
4044,3/10/2019 15:30,29.252
4045,3/10/2019 16:00,29.252
4046,3/10/2019 16:30,29.152
4047,3/10/2019 17:00,29.152
4048,3/10/2019 17:30,29.053
4049,3/10/2019 18:00,29.252
4050,3/10/2019 18:30,29.152
4051,3/10/2019 19:00,29.152
4052,3/10/2019 19:30,29.053
4053,3/10/2019 20:00,29.053
4054,3/10/2019 20:30,29.053
4055,3/10/2019 21:00,29.053
4056,3/10/2019 21:30,28.953
4057,3/10/2019 22:00,28.953
4058,3/10/2019 22:30,28.953
4059,3/10/2019 23:00,28.456
4060,3/10/2019 23:30,28.655
4061,3/11/2019 0:00,28.953
4062,3/11/2019 0:30,28.953
4063,3/11/2019 1:00,28.953
4064,3/11/2019 1:30,28.853
4065,3/11/2019 2:00,28.853
4066,3/11/2019 2:30,28.953
4067,3/11/2019 3:00,28.555
4068,3/11/2019 3:30,28.953
4069,3/11/2019 4:00,28.555
4070,3/11/2019 4:30,28.456
4071,3/11/2019 5:00,28.555
4072,3/11/2019 5:30,28.555
4073,3/11/2019 6:00,28.555
4074,3/11/2019 6:30,28.555
4075,3/11/2019 7:00,28.555
4076,3/11/2019 7:30,28.555
4077,3/11/2019 8:00,28.555
4078,3/11/2019 8:30,28.456
4079,3/11/2019 9:00,28.357
4080,3/11/2019 9:30,28.357
4081,3/11/2019 10:00,28.456
4082,3/11/2019 10:30,28.456
4083,3/11/2019 11:00,28.555
4084,3/11/2019 11:30,28.655
4085,3/11/2019 12:00,28.754
4086,3/11/2019 12:30,28.754
4087,3/11/2019 13:00,28.853
4088,3/11/2019 13:30,28.853
4089,3/11/2019 14:00,28.853
4090,3/11/2019 14:30,29.053
4091,3/11/2019 15:00,29.053
4092,3/11/2019 15:30,28.953
4093,3/11/2019 16:00,28.953
4094,3/11/2019 16:30,28.853
4095,3/11/2019 17:00,28.853
4096,3/11/2019 17:30,28.853
4097,3/11/2019 18:00,28.853
4098,3/11/2019 18:30,28.754
4099,3/11/2019 19:00,28.754
4100,3/11/2019 19:30,28.754
4101,3/11/2019 20:00,28.754
4102,3/11/2019 20:30,28.754
4103,3/11/2019 21:00,28.754
4104,3/11/2019 21:30,28.754
4105,3/11/2019 22:00,28.655
4106,3/11/2019 22:30,28.655
4107,3/11/2019 23:00,28.655
4108,3/11/2019 23:30,28.555
4109,3/12/2019 0:00,28.555
4110,3/12/2019 0:30,28.555
4111,3/12/2019 1:00,28.555
4112,3/12/2019 1:30,28.655
4113,3/12/2019 2:00,28.655
4114,3/12/2019 2:30,28.655
4115,3/12/2019 3:00,28.655
4116,3/12/2019 3:30,28.655
4117,3/12/2019 4:00,28.655
4118,3/12/2019 4:30,28.655
4119,3/12/2019 5:00,28.655
4120,3/12/2019 5:30,28.655
4121,3/12/2019 6:00,28.555
4122,3/12/2019 6:30,28.555
4123,3/12/2019 7:00,28.655
4124,3/12/2019 7:30,28.655
4125,3/12/2019 8:00,28.655
4126,3/12/2019 8:30,28.655
4127,3/12/2019 9:00,28.456
4128,3/12/2019 9:30,28.456
4129,3/12/2019 10:00,28.555
4130,3/12/2019 10:30,28.555
4131,3/12/2019 11:00,28.655
4132,3/12/2019 11:30,28.655
4133,3/12/2019 12:00,28.655
4134,3/12/2019 12:30,28.754
4135,3/12/2019 13:00,28.754
4136,3/12/2019 13:30,28.853
4137,3/12/2019 14:00,28.853
4138,3/12/2019 14:30,28.853
4139,3/12/2019 15:00,28.853
4140,3/12/2019 15:30,28.853
4141,3/12/2019 16:00,28.853
4142,3/12/2019 16:30,28.853
4143,3/12/2019 17:00,28.853
4144,3/12/2019 17:30,28.754
4145,3/12/2019 18:00,28.754
4146,3/12/2019 18:30,28.754
4147,3/12/2019 19:00,28.754
4148,3/12/2019 19:30,28.655
4149,3/12/2019 20:00,28.655
4150,3/12/2019 20:30,28.655
4151,3/12/2019 21:00,28.555
4152,3/12/2019 21:30,28.456
4153,3/12/2019 22:00,28.456
4154,3/12/2019 22:30,28.456
4155,3/12/2019 23:00,28.456
4156,3/12/2019 23:30,28.456
4157,3/13/2019 0:00,28.456
4158,3/13/2019 0:30,28.555
4159,3/13/2019 1:00,28.555
4160,3/13/2019 1:30,28.555
4161,3/13/2019 2:00,28.555
4162,3/13/2019 2:30,28.456
4163,3/13/2019 3:00,28.456
4164,3/13/2019 3:30,28.456
4165,3/13/2019 4:00,28.456
4166,3/13/2019 4:30,28.456
4167,3/13/2019 5:00,28.456
4168,3/13/2019 5:30,28.456
4169,3/13/2019 6:00,28.456
4170,3/13/2019 6:30,28.456
4171,3/13/2019 7:00,28.456
4172,3/13/2019 7:30,28.555
4173,3/13/2019 8:00,28.555
4174,3/13/2019 8:30,28.555
4175,3/13/2019 9:00,28.655
4176,3/13/2019 9:30,28.754
4177,3/13/2019 10:00,28.853
4178,3/13/2019 10:30,28.853
4179,3/13/2019 11:00,28.953
4180,3/13/2019 11:30,29.752
4181,3/13/2019 12:00,29.752
4182,3/13/2019 12:30,30.054
4183,3/13/2019 13:00,29.552
4184,3/13/2019 13:30,29.953
4185,3/13/2019 14:00,30.356
4186,3/13/2019 14:30,30.356
4187,3/13/2019 15:00,29.853
4188,3/13/2019 15:30,29.853
4189,3/13/2019 16:00,29.652
4190,3/13/2019 16:30,29.652
4191,3/13/2019 17:00,29.552
4192,3/13/2019 17:30,29.352
4193,3/13/2019 18:00,29.152
4194,3/13/2019 18:30,29.053
4195,3/13/2019 19:00,29.053
4196,3/13/2019 19:30,29.152
4197,3/13/2019 20:00,29.152
4198,3/13/2019 20:30,29.152
4199,3/13/2019 21:00,29.053
4200,3/13/2019 21:30,29.053
4201,3/13/2019 22:00,29.053
4202,3/13/2019 22:30,28.953
4203,3/13/2019 23:00,28.953
4204,3/13/2019 23:30,28.853
4205,3/14/2019 0:00,28.853
4206,3/14/2019 0:30,28.754
4207,3/14/2019 1:00,28.754
4208,3/14/2019 1:30,28.754
4209,3/14/2019 2:00,28.754
4210,3/14/2019 2:30,28.655
4211,3/14/2019 3:00,28.655
4212,3/14/2019 3:30,28.754
4213,3/14/2019 4:00,28.655
4214,3/14/2019 4:30,28.655
4215,3/14/2019 5:00,28.655
4216,3/14/2019 5:30,28.655
4217,3/14/2019 6:00,28.655
4218,3/14/2019 6:30,28.555
4219,3/14/2019 7:00,28.555
4220,3/14/2019 7:30,28.555
4221,3/14/2019 8:00,28.555
4222,3/14/2019 8:30,28.456
4223,3/14/2019 9:00,28.555
4224,3/14/2019 9:30,28.655
4225,3/14/2019 10:00,28.754
4226,3/14/2019 10:30,28.853
4227,3/14/2019 11:00,28.754
4228,3/14/2019 11:30,28.754
4229,3/14/2019 12:00,28.754
4230,3/14/2019 12:30,28.754
4231,3/14/2019 13:00,28.853
4232,3/14/2019 13:30,29.452
4233,3/14/2019 14:00,29.452
4234,3/14/2019 14:30,29.352
4235,3/14/2019 15:00,29.352
4236,3/14/2019 15:30,29.352
4237,3/14/2019 16:00,29.452
4238,3/14/2019 16:30,29.452
4239,3/14/2019 17:00,29.452
4240,3/14/2019 17:30,29.452
4241,3/14/2019 18:00,29.452
4242,3/14/2019 18:30,29.352
4243,3/14/2019 19:00,29.352
4244,3/14/2019 19:30,29.352
4245,3/14/2019 20:00,29.252
4246,3/14/2019 20:30,29.053
4247,3/14/2019 21:00,29.152
4248,3/14/2019 21:30,29.252
4249,3/14/2019 22:00,29.252
4250,3/14/2019 22:30,29.152
4251,3/14/2019 23:00,29.053
4252,3/14/2019 23:30,28.953
4253,3/15/2019 0:00,28.853
4254,3/15/2019 0:30,28.754
4255,3/15/2019 1:00,28.754
4256,3/15/2019 1:30,28.754
4257,3/15/2019 2:00,28.754
4258,3/15/2019 2:30,28.655
4259,3/15/2019 3:00,28.555
4260,3/15/2019 3:30,28.655
4261,3/15/2019 4:00,28.655
4262,3/15/2019 4:30,28.655
4263,3/15/2019 5:00,28.754
4264,3/15/2019 5:30,28.754
4265,3/15/2019 6:00,28.754
4266,3/15/2019 6:30,28.754
4267,3/15/2019 7:00,28.754
4268,3/15/2019 7:30,28.754
4269,3/15/2019 8:00,28.754
4270,3/15/2019 8:30,28.853
4271,3/15/2019 9:00,28.953
4272,3/15/2019 9:30,28.953
4273,3/15/2019 10:00,28.953
4274,3/15/2019 10:30,29.053
4275,3/15/2019 11:00,29.352
4276,3/15/2019 11:30,29.552
4277,3/15/2019 12:00,29.552
4278,3/15/2019 12:30,29.552
4279,3/15/2019 13:00,29.552
4280,3/15/2019 13:30,29.452
4281,3/15/2019 14:00,29.452
4282,3/15/2019 14:30,29.352
4283,3/15/2019 15:00,29.452
4284,3/15/2019 15:30,29.452
4285,3/15/2019 16:00,29.352
4286,3/15/2019 16:30,29.352
4287,3/15/2019 17:00,29.352
4288,3/15/2019 17:30,29.352
4289,3/15/2019 18:00,29.352
4290,3/15/2019 18:30,29.252
4291,3/15/2019 19:00,29.252
4292,3/15/2019 19:30,29.252
4293,3/15/2019 20:00,29.152
4294,3/15/2019 20:30,29.152
4295,3/15/2019 21:00,29.152
4296,3/15/2019 21:30,29.053
4297,3/15/2019 22:00,29.152
4298,3/15/2019 22:30,28.853
4299,3/15/2019 23:00,28.853
4300,3/15/2019 23:30,28.953
4301,3/16/2019 0:00,29.053
4302,3/16/2019 0:30,29.053
4303,3/16/2019 1:00,28.953
4304,3/16/2019 1:30,28.853
4305,3/16/2019 2:00,28.853
4306,3/16/2019 2:30,28.853
4307,3/16/2019 3:00,28.754
4308,3/16/2019 3:30,28.655
4309,3/16/2019 4:00,28.655
4310,3/16/2019 4:30,28.754
4311,3/16/2019 5:00,28.655
4312,3/16/2019 5:30,28.655
4313,3/16/2019 6:00,28.456
4314,3/16/2019 6:30,28.456
4315,3/16/2019 7:00,28.456
4316,3/16/2019 7:30,28.456
4317,3/16/2019 8:00,28.456
4318,3/16/2019 8:30,28.456
4319,3/16/2019 9:00,28.456
4320,3/16/2019 9:30,28.456
4321,3/16/2019 10:00,28.555
4322,3/16/2019 10:30,28.853
4323,3/16/2019 11:00,28.953
4324,3/16/2019 11:30,28.953
4325,3/16/2019 12:00,28.953
4326,3/16/2019 12:30,28.853
4327,3/16/2019 13:00,28.953
4328,3/16/2019 13:30,28.953
4329,3/16/2019 14:00,29.053
4330,3/16/2019 14:30,29.053
4331,3/16/2019 15:00,29.053
4332,3/16/2019 15:30,29.053
4333,3/16/2019 16:00,28.953
4334,3/16/2019 16:30,28.953
4335,3/16/2019 17:00,28.953
4336,3/16/2019 17:30,28.953
4337,3/16/2019 18:00,29.053
4338,3/16/2019 18:30,28.953
4339,3/16/2019 19:00,28.953
4340,3/16/2019 19:30,28.953
4341,3/16/2019 20:00,28.953
4342,3/16/2019 20:30,28.953
4343,3/16/2019 21:00,28.953
4344,3/16/2019 21:30,28.853
4345,3/16/2019 22:00,28.853
4346,3/16/2019 22:30,28.754
4347,3/16/2019 23:00,28.655
4348,3/16/2019 23:30,28.655
4349,3/17/2019 0:00,28.655
4350,3/17/2019 0:30,28.655
4351,3/17/2019 1:00,28.655
4352,3/17/2019 1:30,28.655
4353,3/17/2019 2:00,28.555
4354,3/17/2019 2:30,28.555
4355,3/17/2019 3:00,28.555
4356,3/17/2019 3:30,28.357
4357,3/17/2019 4:00,28.258
4358,3/17/2019 4:30,28.258
4359,3/17/2019 5:00,28.357
4360,3/17/2019 5:30,28.357
4361,3/17/2019 6:00,28.357
4362,3/17/2019 6:30,28.357
4363,3/17/2019 7:00,28.357
4364,3/17/2019 7:30,28.456
4365,3/17/2019 8:00,28.456
4366,3/17/2019 8:30,28.555
4367,3/17/2019 9:00,28.555
4368,3/17/2019 9:30,28.655
4369,3/17/2019 10:00,28.655
4370,3/17/2019 10:30,28.655
4371,3/17/2019 11:00,28.754
4372,3/17/2019 11:30,28.754
4373,3/17/2019 12:00,28.853
4374,3/17/2019 12:30,28.853
4375,3/17/2019 13:00,28.853
4376,3/17/2019 13:30,28.853
4377,3/17/2019 14:00,28.853
4378,3/17/2019 14:30,28.853
4379,3/17/2019 15:00,28.853
4380,3/17/2019 15:30,28.953
4381,3/17/2019 16:00,28.953
4382,3/17/2019 16:30,28.853
4383,3/17/2019 17:00,28.853
4384,3/17/2019 17:30,28.853
4385,3/17/2019 18:00,28.853
4386,3/17/2019 18:30,28.853
4387,3/17/2019 19:00,28.853
4388,3/17/2019 19:30,28.853
4389,3/17/2019 20:00,28.754
4390,3/17/2019 20:30,28.853
4391,3/17/2019 21:00,28.754
4392,3/17/2019 21:30,28.754
4393,3/17/2019 22:00,28.754
4394,3/17/2019 22:30,28.754
4395,3/17/2019 23:00,28.754
4396,3/17/2019 23:30,28.655
4397,3/18/2019 0:00,28.655
4398,3/18/2019 0:30,28.655
4399,3/18/2019 1:00,28.655
4400,3/18/2019 1:30,28.655
4401,3/18/2019 2:00,28.655
4402,3/18/2019 2:30,28.655
4403,3/18/2019 3:00,28.655
4404,3/18/2019 3:30,28.655
4405,3/18/2019 4:00,28.555
4406,3/18/2019 4:30,28.555
4407,3/18/2019 5:00,28.555
4408,3/18/2019 5:30,28.555
4409,3/18/2019 6:00,28.555
4410,3/18/2019 6:30,28.555
4411,3/18/2019 7:00,28.655
4412,3/18/2019 7:30,28.655
4413,3/18/2019 8:00,28.754
4414,3/18/2019 8:30,28.754
4415,3/18/2019 9:00,28.853
4416,3/18/2019 9:30,28.953
4417,3/18/2019 10:00,29.053
4418,3/18/2019 10:30,29.152
4419,3/18/2019 11:00,29.252
4420,3/18/2019 11:30,29.252
4421,3/18/2019 12:00,29.352
4422,3/18/2019 12:30,29.352
4423,3/18/2019 13:00,29.652
4424,3/18/2019 13:30,29.853
4425,3/18/2019 14:00,29.953
4426,3/18/2019 14:30,30.054
4427,3/18/2019 15:00,30.054
4428,3/18/2019 15:30,29.953
4429,3/18/2019 16:00,29.853
4430,3/18/2019 16:30,29.752
4431,3/18/2019 17:00,29.652
4432,3/18/2019 17:30,29.552
4433,3/18/2019 18:00,29.552
4434,3/18/2019 18:30,29.452
4435,3/18/2019 19:00,29.452
4436,3/18/2019 19:30,29.352
4437,3/18/2019 20:00,29.252
4438,3/18/2019 20:30,29.252
4439,3/18/2019 21:00,29.252
4440,3/18/2019 21:30,29.152
4441,3/18/2019 22:00,29.152
4442,3/18/2019 22:30,29.053
4443,3/18/2019 23:00,28.953
4444,3/18/2019 23:30,28.953
4445,3/19/2019 0:00,28.853
4446,3/19/2019 0:30,28.853
4447,3/19/2019 1:00,28.754
4448,3/19/2019 1:30,28.754
4449,3/19/2019 2:00,28.655
4450,3/19/2019 2:30,28.655
4451,3/19/2019 3:00,28.655
4452,3/19/2019 3:30,28.655
4453,3/19/2019 4:00,28.655
4454,3/19/2019 4:30,28.655
4455,3/19/2019 5:00,28.655
4456,3/19/2019 5:30,28.655
4457,3/19/2019 6:00,28.655
4458,3/19/2019 6:30,28.655
4459,3/19/2019 7:00,28.655
4460,3/19/2019 7:30,28.754
4461,3/19/2019 8:00,28.853
4462,3/19/2019 8:30,28.853
4463,3/19/2019 9:00,28.953
4464,3/19/2019 9:30,29.053
4465,3/19/2019 10:00,29.053
4466,3/19/2019 10:30,29.152
4467,3/19/2019 11:00,29.252
4468,3/19/2019 11:30,29.252
4469,3/19/2019 12:00,29.252
4470,3/19/2019 12:30,29.252
4471,3/19/2019 13:00,29.152
4472,3/19/2019 13:30,29.252
4473,3/19/2019 14:00,29.352
4474,3/19/2019 14:30,29.352
4475,3/19/2019 15:00,29.352
4476,3/19/2019 15:30,29.452
4477,3/19/2019 16:00,29.552
4478,3/19/2019 16:30,29.552
4479,3/19/2019 17:00,29.552
4480,3/19/2019 17:30,29.552
4481,3/19/2019 18:00,29.552
4482,3/19/2019 18:30,29.452
4483,3/19/2019 19:00,29.352
4484,3/19/2019 19:30,29.352
4485,3/19/2019 20:00,29.252
4486,3/19/2019 20:30,29.352
4487,3/19/2019 21:00,29.352
4488,3/19/2019 21:30,29.252
4489,3/19/2019 22:00,29.252
4490,3/19/2019 22:30,29.252
4491,3/19/2019 23:00,29.352
4492,3/19/2019 23:30,29.252
4493,3/20/2019 0:00,29.152
4494,3/20/2019 0:30,29.053
4495,3/20/2019 1:00,29.152
4496,3/20/2019 1:30,29.053
4497,3/20/2019 2:00,29.053
4498,3/20/2019 2:30,28.953
4499,3/20/2019 3:00,28.953
4500,3/20/2019 3:30,28.953
4501,3/20/2019 4:00,28.853
4502,3/20/2019 4:30,28.853
4503,3/20/2019 5:00,28.853
4504,3/20/2019 5:30,28.853
4505,3/20/2019 6:00,28.853
4506,3/20/2019 6:30,28.853
4507,3/20/2019 7:00,28.953
4508,3/20/2019 7:30,29.053
4509,3/20/2019 8:00,29.053
4510,3/20/2019 8:30,29.053
4511,3/20/2019 9:00,29.053
4512,3/20/2019 9:30,29.053
4513,3/20/2019 10:00,29.053
4514,3/20/2019 10:30,29.152
4515,3/20/2019 11:00,29.252
4516,3/20/2019 11:30,29.252
4517,3/20/2019 12:00,29.252
4518,3/20/2019 12:30,29.252
4519,3/20/2019 13:00,29.252
4520,3/20/2019 13:30,29.152
4521,3/20/2019 14:00,29.152
4522,3/20/2019 14:30,29.152
4523,3/20/2019 15:00,29.152
4524,3/20/2019 15:30,29.053
4525,3/20/2019 16:00,29.053
4526,3/20/2019 16:30,29.053
4527,3/20/2019 17:00,28.953
4528,3/20/2019 17:30,28.953
4529,3/20/2019 18:00,28.953
4530,3/20/2019 18:30,28.953
4531,3/20/2019 19:00,28.953
4532,3/20/2019 19:30,28.853
4533,3/20/2019 20:00,28.853
4534,3/20/2019 20:30,28.655
4535,3/20/2019 21:00,28.655
4536,3/20/2019 21:30,28.655
4537,3/20/2019 22:00,28.655
4538,3/20/2019 22:30,28.655
4539,3/20/2019 23:00,28.555
4540,3/20/2019 23:30,28.555
4541,3/21/2019 0:00,28.555
4542,3/21/2019 0:30,28.555
4543,3/21/2019 1:00,28.555
4544,3/21/2019 1:30,28.655
4545,3/21/2019 2:00,28.555
4546,3/21/2019 2:30,28.555
4547,3/21/2019 3:00,28.655
4548,3/21/2019 3:30,28.655
4549,3/21/2019 4:00,28.655
4550,3/21/2019 4:30,28.655
4551,3/21/2019 5:00,28.655
4552,3/21/2019 5:30,28.655
4553,3/21/2019 6:00,28.655
4554,3/21/2019 6:30,28.555
4555,3/21/2019 7:00,28.555
4556,3/21/2019 7:30,28.357
4557,3/21/2019 8:00,28.456
4558,3/21/2019 8:30,28.456
4559,3/21/2019 9:00,28.456
4560,3/21/2019 9:30,28.456
4561,3/21/2019 10:00,28.456
4562,3/21/2019 10:30,28.555
4563,3/21/2019 11:00,28.456
4564,3/21/2019 11:30,28.258
4565,3/21/2019 12:00,28.159
4566,3/21/2019 12:30,28.357
4567,3/21/2019 13:00,28.456
4568,3/21/2019 13:30,28.456
4569,3/21/2019 14:00,28.555
4570,3/21/2019 14:30,28.258
4571,3/21/2019 15:00,28.06
4572,3/21/2019 15:30,28.159
4573,3/21/2019 16:00,28.357
4574,3/21/2019 16:30,28.357
4575,3/21/2019 17:00,28.357
4576,3/21/2019 17:30,28.357
4577,3/21/2019 18:00,28.357
4578,3/21/2019 18:30,28.357
4579,3/21/2019 19:00,28.258
4580,3/21/2019 19:30,28.159
4581,3/21/2019 20:00,28.258
4582,3/21/2019 20:30,28.159
4583,3/21/2019 21:00,28.258
4584,3/21/2019 21:30,28.258
4585,3/21/2019 22:00,28.258
4586,3/21/2019 22:30,28.159
4587,3/21/2019 23:00,27.862
4588,3/21/2019 23:30,27.961
4589,3/22/2019 0:00,27.862
4590,3/22/2019 0:30,27.862
4591,3/22/2019 1:00,27.862
4592,3/22/2019 1:30,27.961
4593,3/22/2019 2:00,28.06
4594,3/22/2019 2:30,28.06
4595,3/22/2019 3:00,28.06
4596,3/22/2019 3:30,28.159
4597,3/22/2019 4:00,28.159
4598,3/22/2019 4:30,28.159
4599,3/22/2019 5:00,28.159
4600,3/22/2019 5:30,28.159
4601,3/22/2019 6:00,28.06
4602,3/22/2019 6:30,28.159
4603,3/22/2019 7:00,28.06
4604,3/22/2019 7:30,28.159
4605,3/22/2019 8:00,28.159
4606,3/22/2019 8:30,28.159
4607,3/22/2019 9:00,28.258
4608,3/22/2019 9:30,28.258
4609,3/22/2019 10:00,28.258
4610,3/22/2019 10:30,28.258
4611,3/22/2019 11:00,28.06
4612,3/22/2019 11:30,28.06
4613,3/22/2019 12:00,28.159
4614,3/22/2019 12:30,28.159
4615,3/22/2019 13:00,28.159
4616,3/22/2019 13:30,28.159
4617,3/22/2019 14:00,28.258
4618,3/22/2019 14:30,28.258
4619,3/22/2019 15:00,28.258
4620,3/22/2019 15:30,28.258
4621,3/22/2019 16:00,28.258
4622,3/22/2019 16:30,28.258
4623,3/22/2019 17:00,28.258
4624,3/22/2019 17:30,28.258
4625,3/22/2019 18:00,28.159
4626,3/22/2019 18:30,28.159
4627,3/22/2019 19:00,28.159
4628,3/22/2019 19:30,28.159
4629,3/22/2019 20:00,28.159
4630,3/22/2019 20:30,27.961
4631,3/22/2019 21:00,27.764
4632,3/22/2019 21:30,27.665
4633,3/22/2019 22:00,27.567
4634,3/22/2019 22:30,27.468
4635,3/22/2019 23:00,27.37
4636,3/22/2019 23:30,27.37
4637,3/23/2019 0:00,27.37
4638,3/23/2019 0:30,27.37
4639,3/23/2019 1:00,27.468
4640,3/23/2019 1:30,27.468
4641,3/23/2019 2:00,27.567
4642,3/23/2019 2:30,27.567
4643,3/23/2019 3:00,27.665
4644,3/23/2019 3:30,27.665
4645,3/23/2019 4:00,27.665
4646,3/23/2019 4:30,27.665
4647,3/23/2019 5:00,27.665
4648,3/23/2019 5:30,27.665
4649,3/23/2019 6:00,27.665
4650,3/23/2019 6:30,27.764
4651,3/23/2019 7:00,27.764
4652,3/23/2019 7:30,27.862
4653,3/23/2019 8:00,27.961
4654,3/23/2019 8:30,27.961
4655,3/23/2019 9:00,28.06
4656,3/23/2019 9:30,28.06
4657,3/23/2019 10:00,28.06
4658,3/23/2019 10:30,28.06
4659,3/23/2019 11:00,28.06
4660,3/23/2019 11:30,28.159
4661,3/23/2019 12:00,28.258
4662,3/23/2019 12:30,28.258
4663,3/23/2019 13:00,28.258
4664,3/23/2019 13:30,28.258
4665,3/23/2019 14:00,28.159
4666,3/23/2019 14:30,28.159
4667,3/23/2019 15:00,28.258
4668,3/23/2019 15:30,28.159
4669,3/23/2019 16:00,28.159
4670,3/23/2019 16:30,28.159
4671,3/23/2019 17:00,28.159
4672,3/23/2019 17:30,28.06
4673,3/23/2019 18:00,28.06
4674,3/23/2019 18:30,28.06
4675,3/23/2019 19:00,28.06
4676,3/23/2019 19:30,27.961
4677,3/23/2019 20:00,27.862
4678,3/23/2019 20:30,27.862
4679,3/23/2019 21:00,27.862
4680,3/23/2019 21:30,27.764
4681,3/23/2019 22:00,27.862
4682,3/23/2019 22:30,27.862
4683,3/23/2019 23:00,27.862
4684,3/23/2019 23:30,27.862
4685,3/24/2019 0:00,27.862
4686,3/24/2019 0:30,27.961
4687,3/24/2019 1:00,27.961
4688,3/24/2019 1:30,27.961
4689,3/24/2019 2:00,27.862
4690,3/24/2019 2:30,27.862
4691,3/24/2019 3:00,27.764
4692,3/24/2019 3:30,27.764
4693,3/24/2019 4:00,27.764
4694,3/24/2019 4:30,27.764
4695,3/24/2019 5:00,27.665
4696,3/24/2019 5:30,27.764
4697,3/24/2019 6:00,27.665
4698,3/24/2019 6:30,27.665
4699,3/24/2019 7:00,27.764
4700,3/24/2019 7:30,27.764
4701,3/24/2019 8:00,27.862
4702,3/24/2019 8:30,27.862
4703,3/24/2019 9:00,27.961
4704,3/24/2019 9:30,28.06
4705,3/24/2019 10:00,28.258
4706,3/24/2019 10:30,28.258
4707,3/24/2019 11:00,28.357
4708,3/24/2019 11:30,28.456
4709,3/24/2019 12:00,28.555
4710,3/24/2019 12:30,28.555
4711,3/24/2019 13:00,28.655
4712,3/24/2019 13:30,28.754
4713,3/24/2019 14:00,28.754
4714,3/24/2019 14:30,28.555
4715,3/24/2019 15:00,28.555
4716,3/24/2019 15:30,28.456
4717,3/24/2019 16:00,28.555
4718,3/24/2019 16:30,28.456
4719,3/24/2019 17:00,28.555
4720,3/24/2019 17:30,28.555
4721,3/24/2019 18:00,28.555
4722,3/24/2019 18:30,28.456
4723,3/24/2019 19:00,28.456
4724,3/24/2019 19:30,28.456
4725,3/24/2019 20:00,28.456
4726,3/24/2019 20:30,28.357
4727,3/24/2019 21:00,28.357
4728,3/24/2019 21:30,28.258
4729,3/24/2019 22:00,28.258
4730,3/24/2019 22:30,28.357
4731,3/24/2019 23:00,28.357
4732,3/24/2019 23:30,28.258
4733,3/25/2019 0:00,28.258
4734,3/25/2019 0:30,28.258
4735,3/25/2019 1:00,28.159
4736,3/25/2019 1:30,28.159
4737,3/25/2019 2:00,28.159
4738,3/25/2019 2:30,28.159
4739,3/25/2019 3:00,28.06
4740,3/25/2019 3:30,27.961
4741,3/25/2019 4:00,27.961
4742,3/25/2019 4:30,27.862
4743,3/25/2019 5:00,27.862
4744,3/25/2019 5:30,27.862
4745,3/25/2019 6:00,27.862
4746,3/25/2019 6:30,27.862
4747,3/25/2019 7:00,27.862
4748,3/25/2019 7:30,27.862
4749,3/25/2019 8:00,27.862
4750,3/25/2019 8:30,28.06
4751,3/25/2019 9:00,28.159
4752,3/25/2019 9:30,28.258
4753,3/25/2019 10:00,28.258
4754,3/25/2019 10:30,28.456
4755,3/25/2019 11:00,28.555
4756,3/25/2019 11:30,28.655
4757,3/25/2019 12:00,28.754
4758,3/25/2019 12:30,28.655
4759,3/25/2019 13:00,28.655
4760,3/25/2019 13:30,28.953
4761,3/25/2019 14:00,29.053
4762,3/25/2019 14:30,29.152
4763,3/25/2019 15:00,29.252
4764,3/25/2019 15:30,29.252
4765,3/25/2019 16:00,29.252
4766,3/25/2019 16:30,29.152
4767,3/25/2019 17:00,29.152
4768,3/25/2019 17:30,29.152
4769,3/25/2019 18:00,29.053
4770,3/25/2019 18:30,29.053
4771,3/25/2019 19:00,28.953
4772,3/25/2019 19:30,29.053
4773,3/25/2019 20:00,28.953
4774,3/25/2019 20:30,28.953
4775,3/25/2019 21:00,28.953
4776,3/25/2019 21:30,29.053
4777,3/25/2019 22:00,29.053
4778,3/25/2019 22:30,28.853
4779,3/25/2019 23:00,28.853
4780,3/25/2019 23:30,28.754
4781,3/26/2019 0:00,28.754
4782,3/26/2019 0:30,28.754
4783,3/26/2019 1:00,28.853
4784,3/26/2019 1:30,28.853
4785,3/26/2019 2:00,28.754
4786,3/26/2019 2:30,28.655
4787,3/26/2019 3:00,28.655
4788,3/26/2019 3:30,28.655
4789,3/26/2019 4:00,28.555
4790,3/26/2019 4:30,28.456
4791,3/26/2019 5:00,28.456
4792,3/26/2019 5:30,28.357
4793,3/26/2019 6:00,28.357
4794,3/26/2019 6:30,28.258
4795,3/26/2019 7:00,28.258
4796,3/26/2019 7:30,28.258
4797,3/26/2019 8:00,28.258
4798,3/26/2019 8:30,28.456
4799,3/26/2019 9:00,28.456
4800,3/26/2019 9:30,28.555
4801,3/26/2019 10:00,28.456
4802,3/26/2019 10:30,28.456
4803,3/26/2019 11:00,28.456
4804,3/26/2019 11:30,28.555
4805,3/26/2019 12:00,28.555
4806,3/26/2019 12:30,28.853
4807,3/26/2019 13:00,28.853
4808,3/26/2019 13:30,29.053
4809,3/26/2019 14:00,29.352
4810,3/26/2019 14:30,29.252
4811,3/26/2019 15:00,29.252
4812,3/26/2019 15:30,29.352
4813,3/26/2019 16:00,29.252
4814,3/26/2019 16:30,29.252
4815,3/26/2019 17:00,29.252
4816,3/26/2019 17:30,29.152
4817,3/26/2019 18:00,29.152
4818,3/26/2019 18:30,29.152
4819,3/26/2019 19:00,29.152
4820,3/26/2019 19:30,29.053
4821,3/26/2019 20:00,28.953
4822,3/26/2019 20:30,28.953
4823,3/26/2019 21:00,28.953
4824,3/26/2019 21:30,28.853
4825,3/26/2019 22:00,28.853
4826,3/26/2019 22:30,28.853
4827,3/26/2019 23:00,28.853
4828,3/26/2019 23:30,28.953
4829,3/27/2019 0:00,28.853
4830,3/27/2019 0:30,28.853
4831,3/27/2019 1:00,28.853
4832,3/27/2019 1:30,28.754
4833,3/27/2019 2:00,28.456
4834,3/27/2019 2:30,28.258
4835,3/27/2019 3:00,28.357
4836,3/27/2019 3:30,28.357
4837,3/27/2019 4:00,28.456
4838,3/27/2019 4:30,28.258
4839,3/27/2019 5:00,28.258
4840,3/27/2019 5:30,28.258
4841,3/27/2019 6:00,28.258
4842,3/27/2019 6:30,28.258
4843,3/27/2019 7:00,28.258
4844,3/27/2019 7:30,28.357
4845,3/27/2019 8:00,28.357
4846,3/27/2019 8:30,28.357
4847,3/27/2019 9:00,28.456
4848,3/27/2019 9:30,28.555
4849,3/27/2019 10:00,28.456
4850,3/27/2019 10:30,28.555
4851,3/27/2019 11:00,29.452
4852,3/27/2019 11:30,28.655
4853,3/27/2019 12:00,28.655
4854,3/27/2019 12:30,28.754
4855,3/27/2019 13:00,28.754
4856,3/27/2019 13:30,28.754
4857,3/27/2019 14:00,28.655
4858,3/27/2019 14:30,28.655
4859,3/27/2019 15:00,28.655
4860,3/27/2019 15:30,28.655
4861,3/27/2019 16:00,28.655
4862,3/27/2019 16:30,28.655
4863,3/27/2019 17:00,28.655
4864,3/27/2019 17:30,28.655
4865,3/27/2019 18:00,28.555
4866,3/27/2019 18:30,28.555
4867,3/27/2019 19:00,28.555
4868,3/27/2019 19:30,28.555
4869,3/27/2019 20:00,28.555
4870,3/27/2019 20:30,28.456
4871,3/27/2019 21:00,28.456
4872,3/27/2019 21:30,28.456
4873,3/27/2019 22:00,28.456
4874,3/27/2019 22:30,28.456
4875,3/27/2019 23:00,28.357
4876,3/27/2019 23:30,28.357
4877,3/28/2019 0:00,28.357
4878,3/28/2019 0:30,28.357
4879,3/28/2019 1:00,28.357
4880,3/28/2019 1:30,28.06
4881,3/28/2019 2:00,28.159
4882,3/28/2019 2:30,28.258
4883,3/28/2019 3:00,28.258
4884,3/28/2019 3:30,28.258
4885,3/28/2019 4:00,28.258
4886,3/28/2019 4:30,28.258
4887,3/28/2019 5:00,28.258
4888,3/28/2019 5:30,28.159
4889,3/28/2019 6:00,28.258
4890,3/28/2019 6:30,28.258
4891,3/28/2019 7:00,28.258
4892,3/28/2019 7:30,28.357
4893,3/28/2019 8:00,28.456
4894,3/28/2019 8:30,28.357
4895,3/28/2019 9:00,28.258
4896,3/28/2019 9:30,28.258
4897,3/28/2019 10:00,28.159
4898,3/28/2019 10:30,28.159
4899,3/28/2019 11:00,28.159
4900,3/28/2019 11:30,28.159
4901,3/28/2019 12:00,28.159
4902,3/28/2019 12:30,28.258
4903,3/28/2019 13:00,28.159
4904,3/28/2019 13:30,28.159
4905,3/28/2019 14:00,28.159
4906,3/28/2019 14:30,28.159
4907,3/28/2019 15:00,28.159
4908,3/28/2019 15:30,28.159
4909,3/28/2019 16:00,27.567
4910,3/28/2019 16:30,27.764
4911,3/28/2019 17:00,27.862
4912,3/28/2019 17:30,28.06
4913,3/28/2019 18:00,27.961
4914,3/28/2019 18:30,27.961
4915,3/28/2019 19:00,27.961
4916,3/28/2019 19:30,27.961
4917,3/28/2019 20:00,27.961
4918,3/28/2019 20:30,28.06
4919,3/28/2019 21:00,27.961
4920,3/28/2019 21:30,27.961
4921,3/28/2019 22:00,28.06
4922,3/28/2019 22:30,28.06
4923,3/28/2019 23:00,28.06
4924,3/28/2019 23:30,28.06
4925,3/29/2019 0:00,28.06
4926,3/29/2019 0:30,28.06
4927,3/29/2019 1:00,28.06
4928,3/29/2019 1:30,28.06
4929,3/29/2019 2:00,28.06
4930,3/29/2019 2:30,28.06
4931,3/29/2019 3:00,28.06
4932,3/29/2019 3:30,28.06
4933,3/29/2019 4:00,28.06
4934,3/29/2019 4:30,28.06
4935,3/29/2019 5:00,28.06
4936,3/29/2019 5:30,28.06
4937,3/29/2019 6:00,27.961
4938,3/29/2019 6:30,27.961
4939,3/29/2019 7:00,27.961
4940,3/29/2019 7:30,27.961
4941,3/29/2019 8:00,27.961
4942,3/29/2019 8:30,27.961
4943,3/29/2019 9:00,27.961
4944,3/29/2019 9:30,27.961
4945,3/29/2019 10:00,27.961
4946,3/29/2019 10:30,27.961
4947,3/29/2019 11:00,28.06
4948,3/29/2019 11:30,28.06
4949,3/29/2019 12:00,28.06
4950,3/29/2019 12:30,28.159
4951,3/29/2019 13:00,28.159
4952,3/29/2019 13:30,28.06
4953,3/29/2019 14:00,28.06
4954,3/29/2019 14:30,28.06
4955,3/29/2019 15:00,28.06
4956,3/29/2019 15:30,27.961
4957,3/29/2019 16:00,27.961
4958,3/29/2019 16:30,27.961
4959,3/29/2019 17:00,27.961
4960,3/29/2019 17:30,27.862
4961,3/29/2019 18:00,27.862
4962,3/29/2019 18:30,27.764
4963,3/29/2019 19:00,27.764
4964,3/29/2019 19:30,27.665
4965,3/29/2019 20:00,27.665
4966,3/29/2019 20:30,27.764
4967,3/29/2019 21:00,27.862
4968,3/29/2019 21:30,27.764
4969,3/29/2019 22:00,27.862
4970,3/29/2019 22:30,27.764
4971,3/29/2019 23:00,27.764
4972,3/29/2019 23:30,27.764
4973,3/30/2019 0:00,27.764
4974,3/30/2019 0:30,27.665
4975,3/30/2019 1:00,27.665
4976,3/30/2019 1:30,27.665
4977,3/30/2019 2:00,27.665
4978,3/30/2019 2:30,27.665
4979,3/30/2019 3:00,27.665
4980,3/30/2019 3:30,27.665
4981,3/30/2019 4:00,27.665
4982,3/30/2019 4:30,27.665
4983,3/30/2019 5:00,27.665
4984,3/30/2019 5:30,27.665
4985,3/30/2019 6:00,27.665
4986,3/30/2019 6:30,27.665
4987,3/30/2019 7:00,27.665
4988,3/30/2019 7:30,27.764
4989,3/30/2019 8:00,27.862
4990,3/30/2019 8:30,27.862
4991,3/30/2019 9:00,27.862
4992,3/30/2019 9:30,27.961
4993,3/30/2019 10:00,27.961
4994,3/30/2019 10:30,27.961
4995,3/30/2019 11:00,27.961
4996,3/30/2019 11:30,28.06
4997,3/30/2019 12:00,28.06
4998,3/30/2019 12:30,28.159
4999,3/30/2019 13:00,28.258
5000,3/30/2019 13:30,28.06
5001,3/30/2019 14:00,28.159
5002,3/30/2019 14:30,28.159
5003,3/30/2019 15:00,28.06
5004,3/30/2019 15:30,28.159
5005,3/30/2019 16:00,28.06
5006,3/30/2019 16:30,28.06
5007,3/30/2019 17:00,27.961
5008,3/30/2019 17:30,27.961
5009,3/30/2019 18:00,27.961
5010,3/30/2019 18:30,27.862
5011,3/30/2019 19:00,27.862
5012,3/30/2019 19:30,27.764
5013,3/30/2019 20:00,27.764
5014,3/30/2019 20:30,27.665
5015,3/30/2019 21:00,27.567
5016,3/30/2019 21:30,27.665
5017,3/30/2019 22:00,27.665
5018,3/30/2019 22:30,27.665
5019,3/30/2019 23:00,27.665
5020,3/30/2019 23:30,27.665
5021,3/31/2019 0:00,27.665
5022,3/31/2019 0:30,27.665
5023,3/31/2019 1:00,27.567
5024,3/31/2019 1:30,27.567
5025,3/31/2019 2:00,27.468
5026,3/31/2019 2:30,27.37
5027,3/31/2019 3:00,27.37
5028,3/31/2019 3:30,27.37
5029,3/31/2019 4:00,27.272
5030,3/31/2019 4:30,27.272
5031,3/31/2019 5:00,27.272
5032,3/31/2019 5:30,27.37
5033,3/31/2019 6:00,27.37
5034,3/31/2019 6:30,27.468
5035,3/31/2019 7:00,27.468
5036,3/31/2019 7:30,27.567
5037,3/31/2019 8:00,27.665
5038,3/31/2019 8:30,27.665
5039,3/31/2019 9:00,27.764
5040,3/31/2019 9:30,27.764
5041,3/31/2019 10:00,27.862
5042,3/31/2019 10:30,27.862
5043,3/31/2019 11:00,27.961
5044,3/31/2019 11:30,27.961
5045,3/31/2019 12:00,27.961
5046,3/31/2019 12:30,28.06
5047,3/31/2019 13:00,28.159
5048,3/31/2019 13:30,28.159
5049,3/31/2019 14:00,28.159
5050,3/31/2019 14:30,28.159
5051,3/31/2019 15:00,28.06
5052,3/31/2019 15:30,28.06
5053,3/31/2019 16:00,28.06
5054,3/31/2019 16:30,28.06
5055,3/31/2019 17:00,27.961
5056,3/31/2019 17:30,27.862
5057,3/31/2019 18:00,27.862
5058,3/31/2019 18:30,27.961
5059,3/31/2019 19:00,27.961
5060,3/31/2019 19:30,27.961
5061,3/31/2019 20:00,27.961
5062,3/31/2019 20:30,27.961
5063,3/31/2019 21:00,27.961
5064,3/31/2019 21:30,28.06
5065,3/31/2019 22:00,28.06
5066,3/31/2019 22:30,27.961
5067,3/31/2019 23:00,28.06
5068,3/31/2019 23:30,27.961
5069,4/1/2019 0:00,27.961
5070,4/1/2019 0:30,27.961
5071,4/1/2019 1:00,27.961
5072,4/1/2019 1:30,27.862
5073,4/1/2019 2:00,27.862
5074,4/1/2019 2:30,27.862
5075,4/1/2019 3:00,27.862
5076,4/1/2019 3:30,27.468
5077,4/1/2019 4:00,27.37
5078,4/1/2019 4:30,27.37
5079,4/1/2019 5:00,27.468
5080,4/1/2019 5:30,27.567
5081,4/1/2019 6:00,27.665
5082,4/1/2019 6:30,27.764
5083,4/1/2019 7:00,27.764
5084,4/1/2019 7:30,27.764
5085,4/1/2019 8:00,27.764
5086,4/1/2019 8:30,27.862
5087,4/1/2019 9:00,27.862
5088,4/1/2019 9:30,27.862
5089,4/1/2019 10:00,27.961
5090,4/1/2019 10:30,27.961
5091,4/1/2019 11:00,27.961
5092,4/1/2019 11:30,28.06
5093,4/1/2019 12:00,28.06
5094,4/1/2019 12:30,28.06
5095,4/1/2019 13:00,28.159
5096,4/1/2019 13:30,28.258
5097,4/1/2019 14:00,28.258
5098,4/1/2019 14:30,28.258
5099,4/1/2019 15:00,28.258
5100,4/1/2019 15:30,28.159
5101,4/1/2019 16:00,28.159
5102,4/1/2019 16:30,28.159
5103,4/1/2019 17:00,28.06
5104,4/1/2019 17:30,27.862
5105,4/1/2019 18:00,27.862
5106,4/1/2019 18:30,27.862
5107,4/1/2019 19:00,27.961
5108,4/1/2019 19:30,27.961
5109,4/1/2019 20:00,27.961
5110,4/1/2019 20:30,27.961
5111,4/1/2019 21:00,28.06
5112,4/1/2019 21:30,28.06
5113,4/1/2019 22:00,28.06
5114,4/1/2019 22:30,28.06
5115,4/1/2019 23:00,28.06
5116,4/1/2019 23:30,27.961
5117,4/2/2019 0:00,27.961
5118,4/2/2019 0:30,27.961
5119,4/2/2019 1:00,27.961
5120,4/2/2019 1:30,27.862
5121,4/2/2019 2:00,27.862
5122,4/2/2019 2:30,27.862
5123,4/2/2019 3:00,27.764
5124,4/2/2019 3:30,27.567
5125,4/2/2019 4:00,27.468
5126,4/2/2019 4:30,27.173
5127,4/2/2019 5:00,27.173
5128,4/2/2019 5:30,27.075
5129,4/2/2019 6:00,27.173
5130,4/2/2019 6:30,27.37
5131,4/2/2019 7:00,27.468
5132,4/2/2019 7:30,27.665
5133,4/2/2019 8:00,27.764
5134,4/2/2019 8:30,27.764
5135,4/2/2019 9:00,27.764
5136,4/2/2019 9:30,27.764
5137,4/2/2019 10:00,27.764
5138,4/2/2019 10:30,27.862
5139,4/2/2019 11:00,27.764
5140,4/2/2019 11:30,27.764
5141,4/2/2019 12:00,27.862
5142,4/2/2019 12:30,27.862
5143,4/2/2019 13:00,27.862
5144,4/2/2019 13:30,28.06
5145,4/2/2019 14:00,28.06
5146,4/2/2019 14:30,28.06
5147,4/2/2019 15:00,28.06
5148,4/2/2019 15:30,28.06
5149,4/2/2019 16:00,27.961
5150,4/2/2019 16:30,27.961
5151,4/2/2019 17:00,27.961
5152,4/2/2019 17:30,28.06
5153,4/2/2019 18:00,27.961
5154,4/2/2019 18:30,27.961
5155,4/2/2019 19:00,27.961
5156,4/2/2019 19:30,27.961
5157,4/2/2019 20:00,27.961
5158,4/2/2019 20:30,27.961
5159,4/2/2019 21:00,27.961
5160,4/2/2019 21:30,27.862
5161,4/2/2019 22:00,27.862
5162,4/2/2019 22:30,27.862
5163,4/2/2019 23:00,27.862
5164,4/2/2019 23:30,27.764
5165,4/3/2019 0:00,27.764
5166,4/3/2019 0:30,27.665
5167,4/3/2019 1:00,27.665
5168,4/3/2019 1:30,27.665
5169,4/3/2019 2:00,27.665
5170,4/3/2019 2:30,27.665
5171,4/3/2019 3:00,27.665
5172,4/3/2019 3:30,27.567
5173,4/3/2019 4:00,27.567
5174,4/3/2019 4:30,27.567
5175,4/3/2019 5:00,27.468
5176,4/3/2019 5:30,27.468
5177,4/3/2019 6:00,27.37
5178,4/3/2019 6:30,27.272
5179,4/3/2019 7:00,27.173
5180,4/3/2019 7:30,27.272
5181,4/3/2019 8:00,27.272
5182,4/3/2019 8:30,27.272
5183,4/3/2019 9:00,27.272
5184,4/3/2019 9:30,27.37
5185,4/3/2019 10:00,27.567
5186,4/3/2019 10:30,27.567
5187,4/3/2019 11:00,27.665
5188,4/3/2019 11:30,27.665
5189,4/3/2019 12:00,27.665
5190,4/3/2019 12:30,27.665
5191,4/3/2019 13:00,27.862
5192,4/3/2019 13:30,27.961
5193,4/3/2019 14:00,28.357
5194,4/3/2019 14:30,28.456
5195,4/3/2019 15:00,28.357
5196,4/3/2019 15:30,28.456
5197,4/3/2019 16:00,28.555
5198,4/3/2019 16:30,28.555
5199,4/3/2019 17:00,28.456
5200,4/3/2019 17:30,28.456
5201,4/3/2019 18:00,28.456
5202,4/3/2019 18:30,28.456
5203,4/3/2019 19:00,28.456
5204,4/3/2019 19:30,28.456
5205,4/3/2019 20:00,28.357
5206,4/3/2019 20:30,28.357
5207,4/3/2019 21:00,28.258
5208,4/3/2019 21:30,28.159
5209,4/3/2019 22:00,28.159
5210,4/3/2019 22:30,28.159
5211,4/3/2019 23:00,28.159
5212,4/3/2019 23:30,28.06
5213,4/4/2019 0:00,27.961
5214,4/4/2019 0:30,27.862
5215,4/4/2019 1:00,27.961
5216,4/4/2019 1:30,27.961
5217,4/4/2019 2:00,27.862
5218,4/4/2019 2:30,27.961
5219,4/4/2019 3:00,27.961
5220,4/4/2019 3:30,27.862
5221,4/4/2019 4:00,27.862
5222,4/4/2019 4:30,27.764
5223,4/4/2019 5:00,27.764
5224,4/4/2019 5:30,27.665
5225,4/4/2019 6:00,27.567
5226,4/4/2019 6:30,27.468
5227,4/4/2019 7:00,27.567
5228,4/4/2019 7:30,27.567
5229,4/4/2019 8:00,27.567
5230,4/4/2019 8:30,27.567
5231,4/4/2019 9:00,27.764
5232,4/4/2019 9:30,27.862
5233,4/4/2019 10:00,27.862
5234,4/4/2019 10:30,27.961
5235,4/4/2019 11:00,27.961
5236,4/4/2019 11:30,27.961
5237,4/4/2019 12:00,28.06
5238,4/4/2019 12:30,28.06
5239,4/4/2019 13:00,27.961
5240,4/4/2019 13:30,28.06
5241,4/4/2019 14:00,28.159
5242,4/4/2019 14:30,28.258
5243,4/4/2019 15:00,28.258
5244,4/4/2019 15:30,28.258
5245,4/4/2019 16:00,28.258
5246,4/4/2019 16:30,28.258
5247,4/4/2019 17:00,28.258
5248,4/4/2019 17:30,28.159
5249,4/4/2019 18:00,28.258
5250,4/4/2019 18:30,28.258
5251,4/4/2019 19:00,28.258
5252,4/4/2019 19:30,28.258
5253,4/4/2019 20:00,28.258
5254,4/4/2019 20:30,28.258
5255,4/4/2019 21:00,28.258
5256,4/4/2019 21:30,28.258
5257,4/4/2019 22:00,28.258
5258,4/4/2019 22:30,28.06
5259,4/4/2019 23:00,28.258
5260,4/4/2019 23:30,28.159
5261,4/5/2019 0:00,28.06
5262,4/5/2019 0:30,27.961
5263,4/5/2019 1:00,27.961
5264,4/5/2019 1:30,27.961
5265,4/5/2019 2:00,27.961
5266,4/5/2019 2:30,27.961
5267,4/5/2019 3:00,27.862
5268,4/5/2019 3:30,27.665
5269,4/5/2019 4:00,27.665
5270,4/5/2019 4:30,27.567
5271,4/5/2019 5:00,27.665
5272,4/5/2019 5:30,27.665
5273,4/5/2019 6:00,27.764
5274,4/5/2019 6:30,27.764
5275,4/5/2019 7:00,27.764
5276,4/5/2019 7:30,27.764
5277,4/5/2019 8:00,27.862
5278,4/5/2019 8:30,27.961
5279,4/5/2019 9:00,27.961
5280,4/5/2019 9:30,28.06
5281,4/5/2019 10:00,28.258
5282,4/5/2019 10:30,28.357
5283,4/5/2019 11:00,28.456
5284,4/5/2019 11:30,28.456
5285,4/5/2019 12:00,28.456
5286,4/5/2019 12:30,28.456
5287,4/5/2019 13:00,28.357
5288,4/5/2019 13:30,28.357
5289,4/5/2019 14:00,28.456
5290,4/5/2019 14:30,28.456
5291,4/5/2019 15:00,28.555
5292,4/5/2019 15:30,28.555
5293,4/5/2019 16:00,28.555
5294,4/5/2019 16:30,28.754
5295,4/5/2019 17:00,28.754
5296,4/5/2019 17:30,28.754
5297,4/5/2019 18:00,28.853
5298,4/5/2019 18:30,28.853
5299,4/5/2019 19:00,28.953
5300,4/5/2019 19:30,29.053
5301,4/5/2019 20:00,29.053
5302,4/5/2019 20:30,29.053
5303,4/5/2019 21:00,29.053
5304,4/5/2019 21:30,28.953
5305,4/5/2019 22:00,28.853
5306,4/5/2019 22:30,28.853
5307,4/5/2019 23:00,28.754
5308,4/5/2019 23:30,28.853
5309,4/6/2019 0:00,28.655
5310,4/6/2019 0:30,28.555
5311,4/6/2019 1:00,28.456
5312,4/6/2019 1:30,28.456
5313,4/6/2019 2:00,28.555
5314,4/6/2019 2:30,28.555
5315,4/6/2019 3:00,28.555
5316,4/6/2019 3:30,28.555
5317,4/6/2019 4:00,28.456
5318,4/6/2019 4:30,28.456
5319,4/6/2019 5:00,28.456
5320,4/6/2019 5:30,28.456
5321,4/6/2019 6:00,28.456
5322,4/6/2019 6:30,28.456
5323,4/6/2019 7:00,28.555
5324,4/6/2019 7:30,28.555
5325,4/6/2019 8:00,28.655
5326,4/6/2019 8:30,28.754
5327,4/6/2019 9:00,28.853
5328,4/6/2019 9:30,29.053
5329,4/6/2019 10:00,29.053
5330,4/6/2019 10:30,29.053
5331,4/6/2019 11:00,29.053
5332,4/6/2019 11:30,29.053
5333,4/6/2019 12:00,28.853
5334,4/6/2019 12:30,28.655
5335,4/6/2019 13:00,28.258
5336,4/6/2019 13:30,28.258
5337,4/6/2019 14:00,28.456
5338,4/6/2019 14:30,28.655
5339,4/6/2019 15:00,28.456
5340,4/6/2019 15:30,28.456
5341,4/6/2019 16:00,28.357
5342,4/6/2019 16:30,28.357
5343,4/6/2019 17:00,28.456
5344,4/6/2019 17:30,28.555
5345,4/6/2019 18:00,28.655
5346,4/6/2019 18:30,28.555
5347,4/6/2019 19:00,28.555
5348,4/6/2019 19:30,28.555
5349,4/6/2019 20:00,28.754
5350,4/6/2019 20:30,28.754
5351,4/6/2019 21:00,28.754
5352,4/6/2019 21:30,28.754
5353,4/6/2019 22:00,28.754
5354,4/6/2019 22:30,28.754
5355,4/6/2019 23:00,28.655
5356,4/6/2019 23:30,28.555
5357,4/7/2019 0:00,28.456
5358,4/7/2019 0:30,28.456
5359,4/7/2019 1:00,28.357
5360,4/7/2019 1:30,28.258
5361,4/7/2019 2:00,28.456
5362,4/7/2019 2:30,28.555
5363,4/7/2019 3:00,28.555
5364,4/7/2019 3:30,28.456
5365,4/7/2019 4:00,28.456
5366,4/7/2019 4:30,28.456
5367,4/7/2019 5:00,28.357
5368,4/7/2019 5:30,28.357
5369,4/7/2019 6:00,28.357
5370,4/7/2019 6:30,28.456
5371,4/7/2019 7:00,28.456
5372,4/7/2019 7:30,28.555
5373,4/7/2019 8:00,28.555
5374,4/7/2019 8:30,28.655
5375,4/7/2019 9:00,28.655
5376,4/7/2019 9:30,28.655
5377,4/7/2019 10:00,28.655
5378,4/7/2019 10:30,28.655
5379,4/7/2019 11:00,28.655
5380,4/7/2019 11:30,28.754
5381,4/7/2019 12:00,28.754
5382,4/7/2019 12:30,28.754
5383,4/7/2019 13:00,28.754
5384,4/7/2019 13:30,28.655
5385,4/7/2019 14:00,28.555
5386,4/7/2019 14:30,28.555
5387,4/7/2019 15:00,28.555
5388,4/7/2019 15:30,28.655
5389,4/7/2019 16:00,28.655
5390,4/7/2019 16:30,28.655
5391,4/7/2019 17:00,28.655
5392,4/7/2019 17:30,28.754
5393,4/7/2019 18:00,28.754
5394,4/7/2019 18:30,28.754
5395,4/7/2019 19:00,28.754
5396,4/7/2019 19:30,28.754
5397,4/7/2019 20:00,28.754
5398,4/7/2019 20:30,28.754
5399,4/7/2019 21:00,28.754
5400,4/7/2019 21:30,28.754
5401,4/7/2019 22:00,28.754
5402,4/7/2019 22:30,28.456
5403,4/7/2019 23:00,28.159
5404,4/7/2019 23:30,27.961
5405,4/8/2019 0:00,28.06
5406,4/8/2019 0:30,28.159
5407,4/8/2019 1:00,28.06
5408,4/8/2019 1:30,28.06
5409,4/8/2019 2:00,27.961
5410,4/8/2019 2:30,27.764
5411,4/8/2019 3:00,27.764
5412,4/8/2019 3:30,28.06
5413,4/8/2019 4:00,27.961
5414,4/8/2019 4:30,27.862
5415,4/8/2019 5:00,27.862
5416,4/8/2019 5:30,27.764
5417,4/8/2019 6:00,27.764
5418,4/8/2019 6:30,27.764
5419,4/8/2019 7:00,27.764
5420,4/8/2019 7:30,27.862
5421,4/8/2019 8:00,27.862
5422,4/8/2019 8:30,28.06
5423,4/8/2019 9:00,28.06
5424,4/8/2019 9:30,28.159
5425,4/8/2019 10:00,28.06
5426,4/8/2019 10:30,28.06
5427,4/8/2019 11:00,28.06
5428,4/8/2019 11:30,28.357
5429,4/8/2019 12:00,28.258
5430,4/8/2019 12:30,28.357
5431,4/8/2019 13:00,28.357
5432,4/8/2019 13:30,28.258
5433,4/8/2019 14:00,28.258
5434,4/8/2019 14:30,28.159
5435,4/8/2019 15:00,28.159
5436,4/8/2019 15:30,28.159
5437,4/8/2019 16:00,28.159
5438,4/8/2019 16:30,28.159
5439,4/8/2019 17:00,28.258
5440,4/8/2019 17:30,28.159
5441,4/8/2019 18:00,28.159
5442,4/8/2019 18:30,28.159
5443,4/8/2019 19:00,28.159
5444,4/8/2019 19:30,28.159
5445,4/8/2019 20:00,28.159
5446,4/8/2019 20:30,28.258
5447,4/8/2019 21:00,28.258
5448,4/8/2019 21:30,28.357
5449,4/8/2019 22:00,28.357
5450,4/8/2019 22:30,28.357
5451,4/8/2019 23:00,28.258
5452,4/8/2019 23:30,28.357
5453,4/9/2019 0:00,28.357
5454,4/9/2019 0:30,28.258
5455,4/9/2019 1:00,28.159
5456,4/9/2019 1:30,28.456
5457,4/9/2019 2:00,27.468
5458,4/9/2019 2:30,27.173
5459,4/9/2019 3:00,26.977
5460,4/9/2019 3:30,27.272
5461,4/9/2019 4:00,27.764
5462,4/9/2019 4:30,27.961
