Plot Title: SF 2018 20156875,,
#,"Date Time, GMT-07:00","Temp, °C (LGR S/N: 20156875, SEN S/N: 20156875)"
465,7/8/2018 0:00,19.282
466,7/8/2018 1:00,19.282
467,7/8/2018 2:00,19.282
468,7/8/2018 3:00,19.187
469,7/8/2018 4:00,18.996
470,7/8/2018 5:00,18.901
471,7/8/2018 6:00,18.711
472,7/8/2018 7:00,18.616
473,7/8/2018 8:00,18.331
474,7/8/2018 9:00,17.475
475,7/8/2018 10:00,17.57
476,7/8/2018 11:00,19.282
477,7/8/2018 12:00,19.567
478,7/8/2018 13:00,19.377
479,7/8/2018 14:00,20.043
480,7/8/2018 15:00,19.472
481,7/8/2018 16:00,19.377
482,7/8/2018 17:00,18.901
483,7/8/2018 18:00,18.996
484,7/8/2018 19:00,18.14
485,7/8/2018 20:00,17.855
486,7/8/2018 21:00,18.806
487,7/8/2018 22:00,19.092
488,7/8/2018 23:00,19.282
489,7/9/2018 0:00,19.472
490,7/9/2018 1:00,19.567
491,7/9/2018 2:00,19.662
492,7/9/2018 3:00,19.662
493,7/9/2018 4:00,19.567
494,7/9/2018 5:00,19.377
495,7/9/2018 6:00,19.282
496,7/9/2018 7:00,18.996
497,7/9/2018 8:00,18.901
498,7/9/2018 9:00,18.14
499,7/9/2018 10:00,17.95
500,7/9/2018 11:00,18.236
501,7/9/2018 12:00,20.043
502,7/9/2018 13:00,20.043
503,7/9/2018 14:00,20.234
504,7/9/2018 15:00,20.71
505,7/9/2018 16:00,20.996
506,7/9/2018 17:00,20.234
507,7/9/2018 18:00,19.187
508,7/9/2018 19:00,18.045
509,7/9/2018 20:00,18.236
510,7/9/2018 21:00,18.14
511,7/9/2018 22:00,18.901
512,7/9/2018 23:00,19.758
513,7/10/2018 0:00,19.567
514,7/10/2018 1:00,20.043
515,7/10/2018 2:00,20.138
516,7/10/2018 3:00,20.138
517,7/10/2018 4:00,20.138
518,7/10/2018 5:00,20.138
519,7/10/2018 6:00,19.853
520,7/10/2018 7:00,19.948
521,7/10/2018 8:00,19.758
522,7/10/2018 9:00,18.521
523,7/10/2018 10:00,18.426
524,7/10/2018 11:00,18.711
525,7/10/2018 12:00,19.567
526,7/10/2018 13:00,20.996
527,7/10/2018 14:00,21.187
528,7/10/2018 15:00,21.187
529,7/10/2018 16:00,21.473
530,7/10/2018 17:00,21.282
531,7/10/2018 18:00,20.71
532,7/10/2018 19:00,18.331
533,7/10/2018 20:00,18.045
534,7/10/2018 21:00,18.14
535,7/10/2018 22:00,18.996
536,7/10/2018 23:00,19.662
537,7/11/2018 0:00,19.377
538,7/11/2018 1:00,19.282
539,7/11/2018 2:00,19.662
540,7/11/2018 3:00,19.472
541,7/11/2018 4:00,19.472
542,7/11/2018 5:00,19.472
543,7/11/2018 6:00,19.187
544,7/11/2018 7:00,19.377
545,7/11/2018 8:00,18.711
546,7/11/2018 9:00,18.236
547,7/11/2018 10:00,17.76
548,7/11/2018 11:00,18.045
549,7/11/2018 12:00,18.236
550,7/11/2018 13:00,18.045
551,7/11/2018 14:00,19.187
552,7/11/2018 15:00,19.567
553,7/11/2018 16:00,19.092
554,7/11/2018 17:00,19.092
555,7/11/2018 18:00,19.092
556,7/11/2018 19:00,17.95
557,7/11/2018 20:00,17.379
558,7/11/2018 21:00,16.999
559,7/11/2018 22:00,16.713
560,7/11/2018 23:00,16.713
561,7/12/2018 0:00,16.999
562,7/12/2018 1:00,16.808
563,7/12/2018 2:00,16.903
564,7/12/2018 3:00,16.999
565,7/12/2018 4:00,17.379
566,7/12/2018 5:00,17.475
567,7/12/2018 6:00,17.284
568,7/12/2018 7:00,17.475
569,7/12/2018 8:00,17.475
570,7/12/2018 9:00,17.475
571,7/12/2018 10:00,17.57
572,7/12/2018 11:00,17.57
573,7/12/2018 12:00,17.665
574,7/12/2018 13:00,17.95
575,7/12/2018 14:00,18.426
576,7/12/2018 15:00,18.711
577,7/12/2018 16:00,19.282
578,7/12/2018 17:00,19.282
579,7/12/2018 18:00,19.092
580,7/12/2018 19:00,18.14
581,7/12/2018 20:00,17.95
582,7/12/2018 21:00,16.808
583,7/12/2018 22:00,16.903
584,7/12/2018 23:00,16.808
585,7/13/2018 0:00,16.618
586,7/13/2018 1:00,16.808
587,7/13/2018 2:00,16.903
588,7/13/2018 3:00,17.094
589,7/13/2018 4:00,16.999
590,7/13/2018 5:00,17.284
591,7/13/2018 6:00,17.189
592,7/13/2018 7:00,17.189
593,7/13/2018 8:00,17.284
594,7/13/2018 9:00,17.475
595,7/13/2018 10:00,17.57
596,7/13/2018 11:00,17.475
597,7/13/2018 12:00,17.665
598,7/13/2018 13:00,17.855
599,7/13/2018 14:00,18.521
600,7/13/2018 15:00,18.806
601,7/13/2018 16:00,19.092
602,7/13/2018 17:00,19.282
603,7/13/2018 18:00,19.758
604,7/13/2018 19:00,19.187
605,7/13/2018 20:00,18.616
606,7/13/2018 21:00,17.76
607,7/13/2018 22:00,17.284
608,7/13/2018 23:00,16.808
609,7/14/2018 0:00,16.903
610,7/14/2018 1:00,16.713
611,7/14/2018 2:00,16.808
612,7/14/2018 3:00,16.713
613,7/14/2018 4:00,16.713
614,7/14/2018 5:00,17.094
615,7/14/2018 6:00,17.094
616,7/14/2018 7:00,17.094
617,7/14/2018 8:00,17.094
618,7/14/2018 9:00,17.379
619,7/14/2018 10:00,17.475
620,7/14/2018 11:00,17.76
621,7/14/2018 12:00,17.855
622,7/14/2018 13:00,17.95
623,7/14/2018 14:00,18.14
624,7/14/2018 15:00,18.521
625,7/14/2018 16:00,18.521
626,7/14/2018 17:00,19.092
627,7/14/2018 18:00,19.377
628,7/14/2018 19:00,19.282
629,7/14/2018 20:00,18.901
630,7/14/2018 21:00,18.236
631,7/14/2018 22:00,17.475
632,7/14/2018 23:00,17.189
633,7/15/2018 0:00,16.999
634,7/15/2018 1:00,16.903
635,7/15/2018 2:00,16.618
636,7/15/2018 3:00,16.808
637,7/15/2018 4:00,16.808
638,7/15/2018 5:00,16.903
639,7/15/2018 6:00,17.094
640,7/15/2018 7:00,17.189
641,7/15/2018 8:00,16.999
642,7/15/2018 9:00,17.189
643,7/15/2018 10:00,17.379
644,7/15/2018 11:00,17.284
645,7/15/2018 12:00,17.57
646,7/15/2018 13:00,17.665
647,7/15/2018 14:00,17.855
648,7/15/2018 15:00,18.045
649,7/15/2018 16:00,18.521
650,7/15/2018 17:00,18.616
651,7/15/2018 18:00,18.711
652,7/15/2018 19:00,19.092
653,7/15/2018 20:00,18.996
654,7/15/2018 21:00,18.521
655,7/15/2018 22:00,17.95
656,7/15/2018 23:00,17.57
657,7/16/2018 0:00,17.094
658,7/16/2018 1:00,16.903
659,7/16/2018 2:00,16.713
660,7/16/2018 3:00,16.713
661,7/16/2018 4:00,16.713
662,7/16/2018 5:00,16.808
663,7/16/2018 6:00,16.808
664,7/16/2018 7:00,16.903
665,7/16/2018 8:00,16.999
666,7/16/2018 9:00,16.903
667,7/16/2018 10:00,17.379
668,7/16/2018 11:00,17.284
669,7/16/2018 12:00,17.665
670,7/16/2018 13:00,17.95
671,7/16/2018 14:00,18.045
672,7/16/2018 15:00,18.14
673,7/16/2018 16:00,18.331
674,7/16/2018 17:00,18.331
675,7/16/2018 18:00,18.616
676,7/16/2018 19:00,18.711
677,7/16/2018 20:00,18.806
678,7/16/2018 21:00,18.616
679,7/16/2018 22:00,18.426
680,7/16/2018 23:00,18.045
681,7/17/2018 0:00,17.379
682,7/17/2018 1:00,17.094
683,7/17/2018 2:00,16.903
684,7/17/2018 3:00,16.903
685,7/17/2018 4:00,16.808
686,7/17/2018 5:00,16.999
687,7/17/2018 6:00,16.903
688,7/17/2018 7:00,16.903
689,7/17/2018 8:00,17.094
690,7/17/2018 9:00,17.094
691,7/17/2018 10:00,17.284
692,7/17/2018 11:00,17.475
693,7/17/2018 12:00,17.57
694,7/17/2018 13:00,18.14
695,7/17/2018 14:00,18.236
696,7/17/2018 15:00,17.95
697,7/17/2018 16:00,18.711
698,7/17/2018 17:00,18.806
699,7/17/2018 18:00,18.806
700,7/17/2018 19:00,19.187
701,7/17/2018 20:00,19.092
702,7/17/2018 21:00,18.996
703,7/17/2018 22:00,18.806
704,7/17/2018 23:00,18.806
705,7/18/2018 0:00,18.616
706,7/18/2018 1:00,18.045
707,7/18/2018 2:00,17.57
708,7/18/2018 3:00,16.903
709,7/18/2018 4:00,17.094
710,7/18/2018 5:00,17.665
711,7/18/2018 6:00,17.57
712,7/18/2018 7:00,17.475
713,7/18/2018 8:00,17.189
714,7/18/2018 9:00,17.284
715,7/18/2018 10:00,17.284
716,7/18/2018 11:00,17.57
717,7/18/2018 12:00,17.76
718,7/18/2018 13:00,18.045
719,7/18/2018 14:00,18.045
720,7/18/2018 15:00,17.855
721,7/18/2018 16:00,17.95
722,7/18/2018 17:00,17.95
723,7/18/2018 18:00,18.426
724,7/18/2018 19:00,17.95
725,7/18/2018 20:00,18.236
726,7/18/2018 21:00,18.521
727,7/18/2018 22:00,18.521
728,7/18/2018 23:00,18.426
729,7/19/2018 0:00,18.331
730,7/19/2018 1:00,18.236
731,7/19/2018 2:00,17.76
732,7/19/2018 3:00,17.57
733,7/19/2018 4:00,16.999
734,7/19/2018 5:00,16.808
735,7/19/2018 6:00,16.903
736,7/19/2018 7:00,17.284
737,7/19/2018 8:00,17.284
738,7/19/2018 9:00,17.189
739,7/19/2018 10:00,17.189
740,7/19/2018 11:00,17.284
741,7/19/2018 12:00,17.855
742,7/19/2018 13:00,17.665
743,7/19/2018 14:00,17.665
744,7/19/2018 15:00,17.855
745,7/19/2018 16:00,17.855
746,7/19/2018 17:00,17.665
747,7/19/2018 18:00,17.665
748,7/19/2018 19:00,17.57
749,7/19/2018 20:00,17.76
750,7/19/2018 21:00,17.95
751,7/19/2018 22:00,18.14
752,7/19/2018 23:00,18.045
753,7/20/2018 0:00,17.855
754,7/20/2018 1:00,17.855
755,7/20/2018 2:00,17.855
756,7/20/2018 3:00,17.665
757,7/20/2018 4:00,17.475
758,7/20/2018 5:00,17.189
759,7/20/2018 6:00,17.094
760,7/20/2018 7:00,16.999
761,7/20/2018 8:00,17.284
762,7/20/2018 9:00,17.284
763,7/20/2018 10:00,17.189
764,7/20/2018 11:00,17.284
765,7/20/2018 12:00,17.57
766,7/20/2018 13:00,17.855
767,7/20/2018 14:00,17.76
768,7/20/2018 15:00,17.57
769,7/20/2018 16:00,17.665
770,7/20/2018 17:00,17.475
771,7/20/2018 18:00,17.379
772,7/20/2018 19:00,17.284
773,7/20/2018 20:00,17.475
774,7/20/2018 21:00,17.665
775,7/20/2018 22:00,17.57
776,7/20/2018 23:00,17.57
777,7/21/2018 0:00,17.57
778,7/21/2018 1:00,17.475
779,7/21/2018 2:00,17.475
780,7/21/2018 3:00,17.379
781,7/21/2018 4:00,17.475
782,7/21/2018 5:00,17.379
783,7/21/2018 6:00,17.379
784,7/21/2018 7:00,16.999
785,7/21/2018 8:00,17.094
786,7/21/2018 9:00,17.189
787,7/21/2018 10:00,17.284
788,7/21/2018 11:00,17.475
789,7/21/2018 12:00,17.57
790,7/21/2018 13:00,17.76
791,7/21/2018 14:00,17.95
792,7/21/2018 15:00,18.236
793,7/21/2018 16:00,17.665
794,7/21/2018 17:00,17.95
795,7/21/2018 18:00,17.76
796,7/21/2018 19:00,17.76
797,7/21/2018 20:00,17.95
798,7/21/2018 21:00,17.76
799,7/21/2018 22:00,17.76
800,7/21/2018 23:00,17.76
801,7/22/2018 0:00,17.76
802,7/22/2018 1:00,17.855
803,7/22/2018 2:00,17.76
804,7/22/2018 3:00,17.76
805,7/22/2018 4:00,17.57
806,7/22/2018 5:00,17.665
807,7/22/2018 6:00,17.475
808,7/22/2018 7:00,17.379
809,7/22/2018 8:00,17.57
810,7/22/2018 9:00,17.665
811,7/22/2018 10:00,17.665
812,7/22/2018 11:00,17.665
813,7/22/2018 12:00,18.045
814,7/22/2018 13:00,18.331
815,7/22/2018 14:00,19.092
816,7/22/2018 15:00,18.426
817,7/22/2018 16:00,18.14
818,7/22/2018 17:00,17.855
819,7/22/2018 18:00,17.76
820,7/22/2018 19:00,18.045
821,7/22/2018 20:00,17.76
822,7/22/2018 21:00,17.76
823,7/22/2018 22:00,17.76
824,7/22/2018 23:00,17.855
825,7/23/2018 0:00,17.855
826,7/23/2018 1:00,17.76
827,7/23/2018 2:00,17.76
828,7/23/2018 3:00,17.665
829,7/23/2018 4:00,17.665
830,7/23/2018 5:00,17.57
831,7/23/2018 6:00,17.57
832,7/23/2018 7:00,18.236
833,7/23/2018 8:00,18.236
834,7/23/2018 9:00,18.331
835,7/23/2018 10:00,18.426
836,7/23/2018 11:00,18.426
837,7/23/2018 12:00,18.616
838,7/23/2018 13:00,18.806
839,7/23/2018 14:00,19.092
840,7/23/2018 15:00,19.472
841,7/23/2018 16:00,19.758
842,7/23/2018 17:00,19.377
843,7/23/2018 18:00,18.996
844,7/23/2018 19:00,18.14
845,7/23/2018 20:00,17.95
846,7/23/2018 21:00,17.95
847,7/23/2018 22:00,18.236
848,7/23/2018 23:00,18.901
849,7/24/2018 0:00,18.426
850,7/24/2018 1:00,17.95
851,7/24/2018 2:00,17.855
852,7/24/2018 3:00,17.855
853,7/24/2018 4:00,17.855
854,7/24/2018 5:00,17.76
855,7/24/2018 6:00,17.76
856,7/24/2018 7:00,17.855
857,7/24/2018 8:00,18.331
858,7/24/2018 9:00,18.426
859,7/24/2018 10:00,18.426
860,7/24/2018 11:00,18.521
861,7/24/2018 12:00,18.711
862,7/24/2018 13:00,19.187
863,7/24/2018 14:00,19.187
864,7/24/2018 15:00,19.282
865,7/24/2018 16:00,19.567
866,7/24/2018 17:00,19.853
867,7/24/2018 18:00,19.472
868,7/24/2018 19:00,18.996
869,7/24/2018 20:00,18.236
870,7/24/2018 21:00,18.14
871,7/24/2018 22:00,17.95
872,7/24/2018 23:00,18.045
873,7/25/2018 0:00,18.806
874,7/25/2018 1:00,18.521
875,7/25/2018 2:00,18.426
876,7/25/2018 3:00,18.331
877,7/25/2018 4:00,18.331
878,7/25/2018 5:00,18.236
879,7/25/2018 6:00,18.14
880,7/25/2018 7:00,18.14
881,7/25/2018 8:00,18.426
882,7/25/2018 9:00,18.901
883,7/25/2018 10:00,19.092
884,7/25/2018 11:00,19.187
885,7/25/2018 12:00,19.758
886,7/25/2018 13:00,19.948
887,7/25/2018 14:00,19.662
888,7/25/2018 15:00,20.329
889,7/25/2018 16:00,20.71
890,7/25/2018 17:00,20.901
891,7/25/2018 18:00,20.805
892,7/25/2018 19:00,20.138
893,7/25/2018 20:00,18.806
894,7/25/2018 21:00,18.236
895,7/25/2018 22:00,18.045
896,7/25/2018 23:00,18.045
897,7/26/2018 0:00,18.901
898,7/26/2018 1:00,18.426
899,7/26/2018 2:00,18.521
900,7/26/2018 3:00,18.331
901,7/26/2018 4:00,18.521
902,7/26/2018 5:00,18.616
903,7/26/2018 6:00,18.616
904,7/26/2018 7:00,18.236
905,7/26/2018 8:00,18.426
906,7/26/2018 9:00,18.711
907,7/26/2018 10:00,18.806
908,7/26/2018 11:00,18.996
909,7/26/2018 12:00,18.996
910,7/26/2018 13:00,18.996
911,7/26/2018 14:00,19.662
912,7/26/2018 15:00,19.853
913,7/26/2018 16:00,20.138
914,7/26/2018 17:00,19.853
915,7/26/2018 18:00,20.043
916,7/26/2018 19:00,19.377
917,7/26/2018 20:00,18.996
918,7/26/2018 21:00,18.14
919,7/26/2018 22:00,17.95
920,7/26/2018 23:00,17.76
921,7/27/2018 0:00,17.855
922,7/27/2018 1:00,18.331
923,7/27/2018 2:00,17.95
924,7/27/2018 3:00,17.95
925,7/27/2018 4:00,17.855
926,7/27/2018 5:00,17.95
927,7/27/2018 6:00,17.855
928,7/27/2018 7:00,17.57
929,7/27/2018 8:00,17.855
930,7/27/2018 9:00,17.76
931,7/27/2018 10:00,17.855
932,7/27/2018 11:00,18.426
933,7/27/2018 12:00,18.521
934,7/27/2018 13:00,18.616
935,7/27/2018 14:00,18.806
936,7/27/2018 15:00,19.948
937,7/27/2018 16:00,19.567
938,7/27/2018 17:00,19.853
939,7/27/2018 18:00,20.043
940,7/27/2018 19:00,19.472
941,7/27/2018 20:00,18.996
942,7/27/2018 21:00,18.331
943,7/27/2018 22:00,17.57
944,7/27/2018 23:00,17.57
945,7/28/2018 0:00,17.475
946,7/28/2018 1:00,17.379
947,7/28/2018 2:00,17.665
948,7/28/2018 3:00,17.475
949,7/28/2018 4:00,17.57
950,7/28/2018 5:00,17.57
951,7/28/2018 6:00,17.475
952,7/28/2018 7:00,17.475
953,7/28/2018 8:00,17.284
954,7/28/2018 9:00,17.475
955,7/28/2018 10:00,17.665
956,7/28/2018 11:00,18.14
957,7/28/2018 12:00,18.426
958,7/28/2018 13:00,18.616
959,7/28/2018 14:00,19.187
960,7/28/2018 15:00,19.187
961,7/28/2018 16:00,19.948
962,7/28/2018 17:00,19.853
963,7/28/2018 18:00,19.853
964,7/28/2018 19:00,19.853
965,7/28/2018 20:00,19.282
966,7/28/2018 21:00,18.616
967,7/28/2018 22:00,17.76
968,7/28/2018 23:00,17.57
969,7/29/2018 0:00,17.379
970,7/29/2018 1:00,17.379
971,7/29/2018 2:00,17.475
972,7/29/2018 3:00,17.57
973,7/29/2018 4:00,17.475
974,7/29/2018 5:00,17.475
975,7/29/2018 6:00,17.475
976,7/29/2018 7:00,17.379
977,7/29/2018 8:00,17.284
978,7/29/2018 9:00,17.379
979,7/29/2018 10:00,17.475
980,7/29/2018 11:00,17.665
981,7/29/2018 12:00,18.331
982,7/29/2018 13:00,18.426
983,7/29/2018 14:00,18.616
984,7/29/2018 15:00,18.901
985,7/29/2018 16:00,19.377
986,7/29/2018 17:00,19.567
987,7/29/2018 18:00,19.567
988,7/29/2018 19:00,19.567
989,7/29/2018 20:00,19.282
990,7/29/2018 21:00,18.616
991,7/29/2018 22:00,18.045
992,7/29/2018 23:00,17.475
993,7/30/2018 0:00,17.189
994,7/30/2018 1:00,17.189
995,7/30/2018 2:00,17.094
996,7/30/2018 3:00,17.379
997,7/30/2018 4:00,17.475
998,7/30/2018 5:00,17.284
999,7/30/2018 6:00,17.379
1000,7/30/2018 7:00,17.379
1001,7/30/2018 8:00,17.475
1002,7/30/2018 9:00,17.379
1003,7/30/2018 10:00,17.57
1004,7/30/2018 11:00,17.855
1005,7/30/2018 12:00,18.045
1006,7/30/2018 13:00,18.236
1007,7/30/2018 14:00,18.616
1008,7/30/2018 15:00,18.616
1009,7/30/2018 16:00,19.187
1010,7/30/2018 17:00,19.282
1011,7/30/2018 18:00,19.948
1012,7/30/2018 19:00,19.662
1013,7/30/2018 20:00,19.472
1014,7/30/2018 21:00,19.187
1015,7/30/2018 22:00,18.711
1016,7/30/2018 23:00,17.95
1017,7/31/2018 0:00,17.189
1018,7/31/2018 1:00,16.999
1019,7/31/2018 2:00,16.903
1020,7/31/2018 3:00,18.045
1021,7/31/2018 4:00,17.475
1022,7/31/2018 5:00,17.76
1023,7/31/2018 6:00,17.475
1024,7/31/2018 7:00,17.57
1025,7/31/2018 8:00,17.57
1026,7/31/2018 9:00,17.475
1027,7/31/2018 10:00,17.57
1028,7/31/2018 11:00,17.665
1029,7/31/2018 12:00,17.855
1030,7/31/2018 13:00,18.14
1031,7/31/2018 14:00,18.331
1032,7/31/2018 15:00,18.045
1033,7/31/2018 16:00,18.236
1034,7/31/2018 17:00,19.377
1035,7/31/2018 18:00,19.282
1036,7/31/2018 19:00,19.567
1037,7/31/2018 20:00,19.282
1038,7/31/2018 21:00,19.092
1039,7/31/2018 22:00,18.711
1040,7/31/2018 23:00,18.236
1041,8/1/2018 0:00,17.665
1042,8/1/2018 1:00,17.094
1043,8/1/2018 2:00,16.903
1044,8/1/2018 3:00,16.808
1045,8/1/2018 4:00,17.379
1046,8/1/2018 5:00,17.57
1047,8/1/2018 6:00,17.379
1048,8/1/2018 7:00,17.189
1049,8/1/2018 8:00,17.189
1050,8/1/2018 9:00,17.284
1051,8/1/2018 10:00,17.379
1052,8/1/2018 11:00,17.379
1053,8/1/2018 12:00,17.475
1054,8/1/2018 13:00,17.855
1055,8/1/2018 14:00,17.76
1056,8/1/2018 15:00,18.045
1057,8/1/2018 16:00,17.95
1058,8/1/2018 17:00,18.14
1059,8/1/2018 18:00,19.187
1060,8/1/2018 19:00,19.187
1061,8/1/2018 20:00,18.996
1062,8/1/2018 21:00,18.711
1063,8/1/2018 22:00,18.711
1064,8/1/2018 23:00,18.616
1065,8/2/2018 0:00,18.14
1066,8/2/2018 1:00,17.475
1067,8/2/2018 2:00,17.189
1068,8/2/2018 3:00,17.094
1069,8/2/2018 4:00,16.999
1070,8/2/2018 5:00,17.665
1071,8/2/2018 6:00,17.76
1072,8/2/2018 7:00,17.57
1073,8/2/2018 8:00,17.475
1074,8/2/2018 9:00,17.475
1075,8/2/2018 10:00,17.76
1076,8/2/2018 11:00,17.665
1077,8/2/2018 12:00,17.76
1078,8/2/2018 13:00,17.95
1079,8/2/2018 14:00,18.14
1080,8/2/2018 15:00,17.855
1081,8/2/2018 16:00,18.14
1082,8/2/2018 17:00,18.331
1083,8/2/2018 18:00,18.616
1084,8/2/2018 19:00,18.711
1085,8/2/2018 20:00,18.616
1086,8/2/2018 21:00,18.521
1087,8/2/2018 22:00,18.426
1088,8/2/2018 23:00,18.426
1089,8/3/2018 0:00,18.236
1090,8/3/2018 1:00,17.95
1091,8/3/2018 2:00,17.379
1092,8/3/2018 3:00,16.903
1093,8/3/2018 4:00,16.999
1094,8/3/2018 5:00,16.999
1095,8/3/2018 6:00,17.379
1096,8/3/2018 7:00,17.379
1097,8/3/2018 8:00,17.189
1098,8/3/2018 9:00,17.189
1099,8/3/2018 10:00,17.284
1100,8/3/2018 11:00,17.76
1101,8/3/2018 12:00,17.665
1102,8/3/2018 13:00,17.76
1103,8/3/2018 14:00,18.045
1104,8/3/2018 15:00,17.95
1105,8/3/2018 16:00,18.045
1106,8/3/2018 17:00,18.045
1107,8/3/2018 18:00,18.331
1108,8/3/2018 19:00,18.711
1109,8/3/2018 20:00,18.711
1110,8/3/2018 21:00,18.616
1111,8/3/2018 22:00,18.616
1112,8/3/2018 23:00,18.236
1113,8/4/2018 0:00,18.236
1114,8/4/2018 1:00,18.331
1115,8/4/2018 2:00,18.331
1116,8/4/2018 3:00,17.95
1117,8/4/2018 4:00,17.284
1118,8/4/2018 5:00,17.189
1119,8/4/2018 6:00,17.094
1120,8/4/2018 7:00,17.665
1121,8/4/2018 8:00,17.665
1122,8/4/2018 9:00,17.95
1123,8/4/2018 10:00,18.331
1124,8/4/2018 11:00,18.236
1125,8/4/2018 12:00,18.426
1126,8/4/2018 13:00,18.236
1127,8/4/2018 14:00,18.806
1128,8/4/2018 15:00,18.331
1129,8/4/2018 16:00,18.426
1130,8/4/2018 17:00,18.045
1131,8/4/2018 18:00,18.616
1132,8/4/2018 19:00,18.711
1133,8/4/2018 20:00,19.282
1134,8/4/2018 21:00,19.187
1135,8/4/2018 22:00,19.092
1136,8/4/2018 23:00,19.092
1137,8/5/2018 0:00,19.472
1138,8/5/2018 1:00,19.282
1139,8/5/2018 2:00,19.092
1140,8/5/2018 3:00,19.092
1141,8/5/2018 4:00,18.806
1142,8/5/2018 5:00,18.14
1143,8/5/2018 6:00,18.236
1144,8/5/2018 7:00,17.95
1145,8/5/2018 8:00,17.57
1146,8/5/2018 9:00,17.284
1147,8/5/2018 10:00,17.475
1148,8/5/2018 11:00,18.236
1149,8/5/2018 12:00,18.521
1150,8/5/2018 13:00,18.331
1151,8/5/2018 14:00,18.901
1152,8/5/2018 15:00,18.236
1153,8/5/2018 16:00,19.377
1154,8/5/2018 17:00,18.616
1155,8/5/2018 18:00,18.616
1156,8/5/2018 19:00,18.331
1157,8/5/2018 20:00,18.711
1158,8/5/2018 21:00,18.236
1159,8/5/2018 22:00,18.806
1160,8/5/2018 23:00,18.616
1161,8/6/2018 0:00,18.331
1162,8/6/2018 1:00,18.14
1163,8/6/2018 2:00,18.14
1164,8/6/2018 3:00,18.045
1165,8/6/2018 4:00,18.045
1166,8/6/2018 5:00,17.95
1167,8/6/2018 6:00,17.284
1168,8/6/2018 7:00,17.094
1169,8/6/2018 8:00,17.094
1170,8/6/2018 9:00,17.189
1171,8/6/2018 10:00,17.379
1172,8/6/2018 11:00,17.379
1173,8/6/2018 12:00,18.045
1174,8/6/2018 13:00,18.236
1175,8/6/2018 14:00,18.331
1176,8/6/2018 15:00,18.711
1177,8/6/2018 16:00,18.331
1178,8/6/2018 17:00,17.76
1179,8/6/2018 18:00,17.76
1180,8/6/2018 19:00,17.475
1181,8/6/2018 20:00,17.57
1182,8/6/2018 21:00,17.855
1183,8/6/2018 22:00,17.95
1184,8/6/2018 23:00,18.331
1185,8/7/2018 0:00,18.236
1186,8/7/2018 1:00,18.236
1187,8/7/2018 2:00,18.14
1188,8/7/2018 3:00,18.045
1189,8/7/2018 4:00,17.665
1190,8/7/2018 5:00,17.76
1191,8/7/2018 6:00,18.14
1192,8/7/2018 7:00,18.331
1193,8/7/2018 8:00,17.379
1194,8/7/2018 9:00,17.475
1195,8/7/2018 10:00,17.665
1196,8/7/2018 11:00,17.57
1197,8/7/2018 12:00,17.665
1198,8/7/2018 13:00,17.855
1199,8/7/2018 14:00,17.855
1200,8/7/2018 15:00,18.426
1201,8/7/2018 16:00,18.14
1202,8/7/2018 17:00,18.14
1203,8/7/2018 18:00,16.999
1204,8/7/2018 19:00,16.713
1205,8/7/2018 20:00,16.999
1206,8/7/2018 21:00,16.903
1207,8/7/2018 22:00,17.284
1208,8/7/2018 23:00,16.999
1209,8/8/2018 0:00,16.999
1210,8/8/2018 1:00,17.189
1211,8/8/2018 2:00,17.379
1212,8/8/2018 3:00,17.379
1213,8/8/2018 4:00,17.284
1214,8/8/2018 5:00,16.903
1215,8/8/2018 6:00,17.094
1216,8/8/2018 7:00,16.808
1217,8/8/2018 8:00,16.713
1218,8/8/2018 9:00,16.808
1219,8/8/2018 10:00,16.903
1220,8/8/2018 11:00,17.284
1221,8/8/2018 12:00,17.665
1222,8/8/2018 13:00,18.14
1223,8/8/2018 14:00,17.76
1224,8/8/2018 15:00,17.855
1225,8/8/2018 16:00,18.045
1226,8/8/2018 17:00,18.236
1227,8/8/2018 18:00,17.57
1228,8/8/2018 19:00,16.618
1229,8/8/2018 20:00,16.237
1230,8/8/2018 21:00,16.141
1231,8/8/2018 22:00,16.141
1232,8/8/2018 23:00,16.332
1233,8/9/2018 0:00,16.237
1234,8/9/2018 1:00,16.141
1235,8/9/2018 2:00,16.427
1236,8/9/2018 3:00,16.427
1237,8/9/2018 4:00,16.332
1238,8/9/2018 5:00,16.427
1239,8/9/2018 6:00,16.237
1240,8/9/2018 7:00,16.332
1241,8/9/2018 8:00,16.999
1242,8/9/2018 9:00,16.999
1243,8/9/2018 10:00,17.094
1244,8/9/2018 11:00,17.189
1245,8/9/2018 12:00,17.665
1246,8/9/2018 13:00,18.045
1247,8/9/2018 14:00,17.76
1248,8/9/2018 15:00,18.331
1249,8/9/2018 16:00,18.901
1250,8/9/2018 17:00,18.901
1251,8/9/2018 18:00,18.806
1252,8/9/2018 19:00,17.665
1253,8/9/2018 20:00,16.523
1254,8/9/2018 21:00,16.523
1255,8/9/2018 22:00,16.332
1256,8/9/2018 23:00,16.237
1257,8/10/2018 0:00,16.332
1258,8/10/2018 1:00,16.237
1259,8/10/2018 2:00,16.332
1260,8/10/2018 3:00,16.523
1261,8/10/2018 4:00,16.618
1262,8/10/2018 5:00,16.523
1263,8/10/2018 6:00,16.523
1264,8/10/2018 7:00,16.713
1265,8/10/2018 8:00,16.808
1266,8/10/2018 9:00,17.094
1267,8/10/2018 10:00,16.999
1268,8/10/2018 11:00,17.094
1269,8/10/2018 12:00,17.284
1270,8/10/2018 13:00,17.76
1271,8/10/2018 14:00,18.521
1272,8/10/2018 15:00,18.616
1273,8/10/2018 16:00,18.806
1274,8/10/2018 17:00,19.377
1275,8/10/2018 18:00,19.377
1276,8/10/2018 19:00,18.901
1277,8/10/2018 20:00,17.379
1278,8/10/2018 21:00,16.523
1279,8/10/2018 22:00,16.427
1280,8/10/2018 23:00,16.332
1281,8/11/2018 0:00,16.046
1282,8/11/2018 1:00,16.713
1283,8/11/2018 2:00,16.427
1284,8/11/2018 3:00,16.523
1285,8/11/2018 4:00,16.618
1286,8/11/2018 5:00,16.808
1287,8/11/2018 6:00,16.808
1288,8/11/2018 7:00,16.618
1289,8/11/2018 8:00,16.903
1290,8/11/2018 9:00,16.713
1291,8/11/2018 10:00,16.713
1292,8/11/2018 11:00,16.618
1293,8/11/2018 12:00,16.808
1294,8/11/2018 13:00,16.903
1295,8/11/2018 14:00,17.475
1296,8/11/2018 15:00,18.426
1297,8/11/2018 16:00,18.711
1298,8/11/2018 17:00,18.331
1299,8/11/2018 18:00,19.282
1300,8/11/2018 19:00,18.901
1301,8/11/2018 20:00,18.236
1302,8/11/2018 21:00,16.903
1303,8/11/2018 22:00,16.427
1304,8/11/2018 23:00,16.427
1305,8/12/2018 0:00,16.237
1306,8/12/2018 1:00,16.141
1307,8/12/2018 2:00,16.332
1308,8/12/2018 3:00,16.427
1309,8/12/2018 4:00,16.332
1310,8/12/2018 5:00,16.427
1311,8/12/2018 6:00,16.332
1312,8/12/2018 7:00,16.332
1313,8/12/2018 8:00,16.237
1314,8/12/2018 9:00,16.618
1315,8/12/2018 10:00,16.903
1316,8/12/2018 11:00,17.094
1317,8/12/2018 12:00,16.999
1318,8/12/2018 13:00,17.189
1319,8/12/2018 14:00,17.094
1320,8/12/2018 15:00,17.284
1321,8/12/2018 16:00,18.14
1322,8/12/2018 17:00,18.331
1323,8/12/2018 18:00,18.236
1324,8/12/2018 19:00,18.045
1325,8/12/2018 20:00,18.045
1326,8/12/2018 21:00,17.665
1327,8/12/2018 22:00,17.189
1328,8/12/2018 23:00,16.046
1329,8/13/2018 0:00,16.237
1330,8/13/2018 1:00,15.951
1331,8/13/2018 2:00,15.951
1332,8/13/2018 3:00,15.951
1333,8/13/2018 4:00,15.855
1334,8/13/2018 5:00,15.855
1335,8/13/2018 6:00,15.951
1336,8/13/2018 7:00,16.046
1337,8/13/2018 8:00,16.046
1338,8/13/2018 9:00,16.141
1339,8/13/2018 10:00,16.141
1340,8/13/2018 11:00,16.237
1341,8/13/2018 12:00,16.713
1342,8/13/2018 13:00,16.808
1343,8/13/2018 14:00,16.808
1344,8/13/2018 15:00,17.094
1345,8/13/2018 16:00,17.284
1346,8/13/2018 17:00,17.76
1347,8/13/2018 18:00,17.57
1348,8/13/2018 19:00,17.57
1349,8/13/2018 20:00,17.475
1350,8/13/2018 21:00,17.284
1351,8/13/2018 22:00,16.808
1352,8/13/2018 23:00,16.523
1353,8/14/2018 0:00,16.046
1354,8/14/2018 1:00,16.046
1355,8/14/2018 2:00,15.951
1356,8/14/2018 3:00,15.951
1357,8/14/2018 4:00,15.951
1358,8/14/2018 5:00,15.951
1359,8/14/2018 6:00,16.141
1360,8/14/2018 7:00,16.141
1361,8/14/2018 8:00,16.141
1362,8/14/2018 9:00,16.237
1363,8/14/2018 10:00,16.237
1364,8/14/2018 11:00,16.332
1365,8/14/2018 12:00,16.713
1366,8/14/2018 13:00,16.713
1367,8/14/2018 14:00,16.808
1368,8/14/2018 15:00,16.808
1369,8/14/2018 16:00,16.903
1370,8/14/2018 17:00,17.094
1371,8/14/2018 18:00,17.284
1372,8/14/2018 19:00,17.475
1373,8/14/2018 20:00,17.57
1374,8/14/2018 21:00,17.379
1375,8/14/2018 22:00,17.189
1376,8/14/2018 23:00,16.999
1377,8/15/2018 0:00,16.713
1378,8/15/2018 1:00,16.046
1379,8/15/2018 2:00,16.237
1380,8/15/2018 3:00,16.141
1381,8/15/2018 4:00,16.141
1382,8/15/2018 5:00,16.332
1383,8/15/2018 6:00,16.332
1384,8/15/2018 7:00,16.427
1385,8/15/2018 8:00,16.427
1386,8/15/2018 9:00,16.427
1387,8/15/2018 10:00,16.713
1388,8/15/2018 11:00,16.618
1389,8/15/2018 12:00,16.999
1390,8/15/2018 13:00,17.094
1391,8/15/2018 14:00,17.379
1392,8/15/2018 15:00,17.094
1393,8/15/2018 16:00,17.189
1394,8/15/2018 17:00,17.284
1395,8/15/2018 18:00,17.76
1396,8/15/2018 19:00,17.665
1397,8/15/2018 20:00,17.855
1398,8/15/2018 21:00,17.665
1399,8/15/2018 22:00,17.57
1400,8/15/2018 23:00,17.665
1401,8/16/2018 0:00,17.379
1402,8/16/2018 1:00,17.094
1403,8/16/2018 2:00,16.808
1404,8/16/2018 3:00,16.332
1405,8/16/2018 4:00,16.237
1406,8/16/2018 5:00,16.427
1407,8/16/2018 6:00,16.237
1408,8/16/2018 7:00,16.999
1409,8/16/2018 8:00,16.999
1410,8/16/2018 9:00,17.094
1411,8/16/2018 10:00,17.284
1412,8/16/2018 11:00,17.284
1413,8/16/2018 12:00,16.903
1414,8/16/2018 13:00,17.094
1415,8/16/2018 14:00,17.284
1416,8/16/2018 15:00,17.284
1417,8/16/2018 16:00,17.189
1418,8/16/2018 17:00,17.189
1419,8/16/2018 18:00,17.57
1420,8/16/2018 19:00,17.76
1421,8/16/2018 20:00,18.14
1422,8/16/2018 21:00,18.045
1423,8/16/2018 22:00,17.95
1424,8/16/2018 23:00,17.665
1425,8/17/2018 0:00,17.855
1426,8/17/2018 1:00,17.76
1427,8/17/2018 2:00,17.379
1428,8/17/2018 3:00,17.284
1429,8/17/2018 4:00,16.903
1430,8/17/2018 5:00,16.618
1431,8/17/2018 6:00,16.523
1432,8/17/2018 7:00,16.523
1433,8/17/2018 8:00,16.808
1434,8/17/2018 9:00,17.284
1435,8/17/2018 10:00,17.284
1436,8/17/2018 11:00,17.189
1437,8/17/2018 12:00,17.284
1438,8/17/2018 13:00,17.189
1439,8/17/2018 14:00,17.284
1440,8/17/2018 15:00,17.665
1441,8/17/2018 16:00,17.76
1442,8/17/2018 17:00,17.665
1443,8/17/2018 18:00,17.189
1444,8/17/2018 19:00,17.855
1445,8/17/2018 20:00,17.76
1446,8/17/2018 21:00,17.855
1447,8/17/2018 22:00,17.76
1448,8/17/2018 23:00,17.665
1449,8/18/2018 0:00,17.57
1450,8/18/2018 1:00,17.57
1451,8/18/2018 2:00,17.475
1452,8/18/2018 3:00,17.379
1453,8/18/2018 4:00,17.284
1454,8/18/2018 5:00,16.999
1455,8/18/2018 6:00,16.618
1456,8/18/2018 7:00,16.713
1457,8/18/2018 8:00,16.618
1458,8/18/2018 9:00,16.618
1459,8/18/2018 10:00,16.903
1460,8/18/2018 11:00,16.999
1461,8/18/2018 12:00,17.284
1462,8/18/2018 13:00,17.57
1463,8/18/2018 14:00,17.76
1464,8/18/2018 15:00,17.665
1465,8/18/2018 16:00,17.284
1466,8/18/2018 17:00,17.475
1467,8/18/2018 18:00,17.284
1468,8/18/2018 19:00,17.665
1469,8/18/2018 20:00,17.379
1470,8/18/2018 21:00,17.475
1471,8/18/2018 22:00,17.475
1472,8/18/2018 23:00,17.475
1473,8/19/2018 0:00,17.379
1474,8/19/2018 1:00,17.284
1475,8/19/2018 2:00,17.189
1476,8/19/2018 3:00,17.189
1477,8/19/2018 4:00,17.094
1478,8/19/2018 5:00,16.999
1479,8/19/2018 6:00,16.618
1480,8/19/2018 7:00,16.808
1481,8/19/2018 8:00,16.808
1482,8/19/2018 9:00,16.808
1483,8/19/2018 10:00,16.808
1484,8/19/2018 11:00,16.903
1485,8/19/2018 12:00,16.999
1486,8/19/2018 13:00,17.189
1487,8/19/2018 14:00,17.76
1488,8/19/2018 15:00,17.475
1489,8/19/2018 16:00,17.379
1490,8/19/2018 17:00,16.808
1491,8/19/2018 18:00,16.808
1492,8/19/2018 19:00,16.808
1493,8/19/2018 20:00,16.713
1494,8/19/2018 21:00,16.618
1495,8/19/2018 22:00,17.094
1496,8/19/2018 23:00,16.808
1497,8/20/2018 0:00,16.808
1498,8/20/2018 1:00,16.713
1499,8/20/2018 2:00,16.618
1500,8/20/2018 3:00,16.523
1501,8/20/2018 4:00,16.523
1502,8/20/2018 5:00,16.523
1503,8/20/2018 6:00,16.618
1504,8/20/2018 7:00,16.427
1505,8/20/2018 8:00,16.427
1506,8/20/2018 9:00,16.523
1507,8/20/2018 10:00,16.618
1508,8/20/2018 11:00,16.618
1509,8/20/2018 12:00,16.618
1510,8/20/2018 13:00,16.903
1511,8/20/2018 14:00,17.284
1512,8/20/2018 15:00,17.094
1513,8/20/2018 16:00,17.094
1514,8/20/2018 17:00,16.713
1515,8/20/2018 18:00,16.332
1516,8/20/2018 19:00,16.141
1517,8/20/2018 20:00,16.046
1518,8/20/2018 21:00,16.046
1519,8/20/2018 22:00,15.951
1520,8/20/2018 23:00,16.046
1521,8/21/2018 0:00,16.141
1522,8/21/2018 1:00,16.141
1523,8/21/2018 2:00,16.141
1524,8/21/2018 3:00,16.237
1525,8/21/2018 4:00,16.141
1526,8/21/2018 5:00,16.046
1527,8/21/2018 6:00,15.951
1528,8/21/2018 7:00,15.951
1529,8/21/2018 8:00,16.237
1530,8/21/2018 9:00,16.427
1531,8/21/2018 10:00,16.332
1532,8/21/2018 11:00,16.427
1533,8/21/2018 12:00,16.523
1534,8/21/2018 13:00,16.523
1535,8/21/2018 14:00,16.618
1536,8/21/2018 15:00,16.618
1537,8/21/2018 16:00,16.713
1538,8/21/2018 17:00,16.523
1539,8/21/2018 18:00,16.141
1540,8/21/2018 19:00,15.855
1541,8/21/2018 20:00,15.855
1542,8/21/2018 21:00,15.855
1543,8/21/2018 22:00,15.951
1544,8/21/2018 23:00,16.237
1545,8/22/2018 0:00,16.332
1546,8/22/2018 1:00,16.141
1547,8/22/2018 2:00,16.141
1548,8/22/2018 3:00,16.141
1549,8/22/2018 4:00,16.141
1550,8/22/2018 5:00,16.141
1551,8/22/2018 6:00,16.141
1552,8/22/2018 7:00,16.141
1553,8/22/2018 8:00,16.332
1554,8/22/2018 9:00,16.427
1555,8/22/2018 10:00,16.523
1556,8/22/2018 11:00,16.523
1557,8/22/2018 12:00,16.713
1558,8/22/2018 13:00,16.618
1559,8/22/2018 14:00,16.618
1560,8/22/2018 15:00,16.808
1561,8/22/2018 16:00,17.094
1562,8/22/2018 17:00,16.999
1563,8/22/2018 18:00,16.808
1564,8/22/2018 19:00,16.046
1565,8/22/2018 20:00,15.951
1566,8/22/2018 21:00,15.951
1567,8/22/2018 22:00,15.951
1568,8/22/2018 23:00,16.046
1569,8/23/2018 0:00,16.046
1570,8/23/2018 1:00,16.141
1571,8/23/2018 2:00,16.237
1572,8/23/2018 3:00,16.237
1573,8/23/2018 4:00,16.237
1574,8/23/2018 5:00,16.332
1575,8/23/2018 6:00,16.237
1576,8/23/2018 7:00,16.237
1577,8/23/2018 8:00,16.427
1578,8/23/2018 9:00,16.427
1579,8/23/2018 10:00,16.618
1580,8/23/2018 11:00,16.618
1581,8/23/2018 12:00,16.713
1582,8/23/2018 13:00,16.903
1583,8/23/2018 14:00,16.999
1584,8/23/2018 15:00,17.189
1585,8/23/2018 16:00,17.284
1586,8/23/2018 17:00,16.999
1587,8/23/2018 18:00,16.903
1588,8/23/2018 19:00,16.523
1589,8/23/2018 20:00,16.141
1590,8/23/2018 21:00,15.951
1591,8/23/2018 22:00,15.951
1592,8/23/2018 23:00,15.855
1593,8/24/2018 0:00,15.855
1594,8/24/2018 1:00,15.951
1595,8/24/2018 2:00,16.046
1596,8/24/2018 3:00,15.951
1597,8/24/2018 4:00,16.046
1598,8/24/2018 5:00,16.046
1599,8/24/2018 6:00,16.141
1600,8/24/2018 7:00,16.046
1601,8/24/2018 8:00,16.046
1602,8/24/2018 9:00,16.427
1603,8/24/2018 10:00,16.523
1604,8/24/2018 11:00,16.523
1605,8/24/2018 12:00,16.618
1606,8/24/2018 13:00,16.713
1607,8/24/2018 14:00,16.903
1608,8/24/2018 15:00,17.094
1609,8/24/2018 16:00,16.999
1610,8/24/2018 17:00,17.379
1611,8/24/2018 18:00,17.094
1612,8/24/2018 19:00,16.808
1613,8/24/2018 20:00,16.332
1614,8/24/2018 21:00,16.141
1615,8/24/2018 22:00,16.141
1616,8/24/2018 23:00,16.046
1617,8/25/2018 0:00,16.046
1618,8/25/2018 1:00,15.951
1619,8/25/2018 2:00,16.141
1620,8/25/2018 3:00,16.046
1621,8/25/2018 4:00,16.046
1622,8/25/2018 5:00,16.141
1623,8/25/2018 6:00,16.141
1624,8/25/2018 7:00,16.141
1625,8/25/2018 8:00,16.141
1626,8/25/2018 9:00,16.237
1627,8/25/2018 10:00,16.427
1628,8/25/2018 11:00,16.618
1629,8/25/2018 12:00,16.618
1630,8/25/2018 13:00,16.713
1631,8/25/2018 14:00,17.094
1632,8/25/2018 15:00,17.475
1633,8/25/2018 16:00,17.57
1634,8/25/2018 17:00,17.475
1635,8/25/2018 18:00,17.57
1636,8/25/2018 19:00,17.189
1637,8/25/2018 20:00,16.713
1638,8/25/2018 21:00,16.618
1639,8/25/2018 22:00,16.427
1640,8/25/2018 23:00,16.332
1641,8/26/2018 0:00,16.237
1642,8/26/2018 1:00,16.046
1643,8/26/2018 2:00,16.141
1644,8/26/2018 3:00,16.141
1645,8/26/2018 4:00,16.046
1646,8/26/2018 5:00,16.046
1647,8/26/2018 6:00,16.046
1648,8/26/2018 7:00,15.951
1649,8/26/2018 8:00,16.046
1650,8/26/2018 9:00,16.141
1651,8/26/2018 10:00,16.237
1652,8/26/2018 11:00,16.618
1653,8/26/2018 12:00,16.618
1654,8/26/2018 13:00,16.713
1655,8/26/2018 14:00,16.903
1656,8/26/2018 15:00,17.189
1657,8/26/2018 16:00,17.189
1658,8/26/2018 17:00,17.284
1659,8/26/2018 18:00,17.379
1660,8/26/2018 19:00,17.189
1661,8/26/2018 20:00,16.903
1662,8/26/2018 21:00,16.713
1663,8/26/2018 22:00,16.332
1664,8/26/2018 23:00,16.237
1665,8/27/2018 0:00,16.141
1666,8/27/2018 1:00,16.141
1667,8/27/2018 2:00,16.141
1668,8/27/2018 3:00,16.237
1669,8/27/2018 4:00,16.237
1670,8/27/2018 5:00,16.141
1671,8/27/2018 6:00,16.141
1672,8/27/2018 7:00,16.046
1673,8/27/2018 8:00,16.046
1674,8/27/2018 9:00,16.141
1675,8/27/2018 10:00,16.237
1676,8/27/2018 11:00,16.332
1677,8/27/2018 12:00,16.427
1678,8/27/2018 13:00,16.523
1679,8/27/2018 14:00,16.713
1680,8/27/2018 15:00,16.808
1681,8/27/2018 16:00,16.903
1682,8/27/2018 17:00,16.903
1683,8/27/2018 18:00,16.999
1684,8/27/2018 19:00,16.808
1685,8/27/2018 20:00,16.713
1686,8/27/2018 21:00,16.618
1687,8/27/2018 22:00,16.427
1688,8/27/2018 23:00,16.237
1689,8/28/2018 0:00,16.141
1690,8/28/2018 1:00,16.141
1691,8/28/2018 2:00,16.046
1692,8/28/2018 3:00,16.141
1693,8/28/2018 4:00,16.237
1694,8/28/2018 5:00,16.141
1695,8/28/2018 6:00,16.141
1696,8/28/2018 7:00,16.141
1697,8/28/2018 8:00,16.141
1698,8/28/2018 9:00,16.141
1699,8/28/2018 10:00,16.237
1700,8/28/2018 11:00,16.427
1701,8/28/2018 12:00,16.618
1702,8/28/2018 13:00,16.713
1703,8/28/2018 14:00,16.808
1704,8/28/2018 15:00,16.903
1705,8/28/2018 16:00,17.284
1706,8/28/2018 17:00,17.189
1707,8/28/2018 18:00,17.284
1708,8/28/2018 19:00,17.189
1709,8/28/2018 20:00,17.189
1710,8/28/2018 21:00,17.094
1711,8/28/2018 22:00,16.903
1712,8/28/2018 23:00,16.713
1713,8/29/2018 0:00,16.427
1714,8/29/2018 1:00,16.332
1715,8/29/2018 2:00,16.332
1716,8/29/2018 3:00,16.332
1717,8/29/2018 4:00,16.427
1718,8/29/2018 5:00,16.523
1719,8/29/2018 6:00,16.427
1720,8/29/2018 7:00,16.427
1721,8/29/2018 8:00,16.332
1722,8/29/2018 9:00,16.427
1723,8/29/2018 10:00,16.523
1724,8/29/2018 11:00,16.808
1725,8/29/2018 12:00,17.189
1726,8/29/2018 13:00,17.189
1727,8/29/2018 14:00,17.379
1728,8/29/2018 15:00,17.665
1729,8/29/2018 16:00,17.57
1730,8/29/2018 17:00,17.76
1731,8/29/2018 18:00,17.855
1732,8/29/2018 19:00,17.855
1733,8/29/2018 20:00,17.95
1734,8/29/2018 21:00,17.665
1735,8/29/2018 22:00,17.665
1736,8/29/2018 23:00,17.284
1737,8/30/2018 0:00,17.094
1738,8/30/2018 1:00,16.713
1739,8/30/2018 2:00,16.618
1740,8/30/2018 3:00,16.618
1741,8/30/2018 4:00,16.903
1742,8/30/2018 5:00,16.999
1743,8/30/2018 6:00,16.903
1744,8/30/2018 7:00,16.808
1745,8/30/2018 8:00,16.808
1746,8/30/2018 9:00,16.808
1747,8/30/2018 10:00,16.903
1748,8/30/2018 11:00,16.903
1749,8/30/2018 12:00,16.903
1750,8/30/2018 13:00,16.999
1751,8/30/2018 14:00,16.999
1752,8/30/2018 15:00,17.189
1753,8/30/2018 16:00,17.284
1754,8/30/2018 17:00,17.475
1755,8/30/2018 18:00,17.475
1756,8/30/2018 19:00,17.475
1757,8/30/2018 20:00,17.57
1758,8/30/2018 21:00,17.475
1759,8/30/2018 22:00,17.284
1760,8/30/2018 23:00,17.284
1761,8/31/2018 0:00,17.189
1762,8/31/2018 1:00,16.999
1763,8/31/2018 2:00,16.808
1764,8/31/2018 3:00,16.713
1765,8/31/2018 4:00,16.808
1766,8/31/2018 5:00,16.713
1767,8/31/2018 6:00,16.903
1768,8/31/2018 7:00,17.094
1769,8/31/2018 8:00,17.094
1770,8/31/2018 9:00,16.999
1771,8/31/2018 10:00,16.999
1772,8/31/2018 11:00,17.094
1773,8/31/2018 12:00,17.094
1774,8/31/2018 13:00,17.57
1775,8/31/2018 14:00,17.475
1776,8/31/2018 15:00,17.855
1777,8/31/2018 16:00,18.045
1778,8/31/2018 17:00,18.331
1779,8/31/2018 18:00,18.521
1780,8/31/2018 19:00,18.521
1781,8/31/2018 20:00,18.331
1782,8/31/2018 21:00,18.236
1783,8/31/2018 22:00,18.236
1784,8/31/2018 23:00,18.14
1785,9/1/2018 0:00,18.045
1786,9/1/2018 1:00,18.045
1787,9/1/2018 2:00,17.95
1788,9/1/2018 3:00,17.284
1789,9/1/2018 4:00,17.284
1790,9/1/2018 5:00,17.189
1791,9/1/2018 6:00,17.189
1792,9/1/2018 7:00,17.094
1793,9/1/2018 8:00,17.57
1794,9/1/2018 9:00,17.57
1795,9/1/2018 10:00,17.57
1796,9/1/2018 11:00,17.57
1797,9/1/2018 12:00,17.855
1798,9/1/2018 13:00,17.95
1799,9/1/2018 14:00,17.855
1800,9/1/2018 15:00,17.95
1801,9/1/2018 16:00,17.95
1802,9/1/2018 17:00,17.855
1803,9/1/2018 18:00,18.045
1804,9/1/2018 19:00,18.616
1805,9/1/2018 20:00,18.331
1806,9/1/2018 21:00,18.236
1807,9/1/2018 22:00,18.14
1808,9/1/2018 23:00,18.045
1809,9/2/2018 0:00,17.95
1810,9/2/2018 1:00,17.855
1811,9/2/2018 2:00,17.76
1812,9/2/2018 3:00,17.665
1813,9/2/2018 4:00,17.57
1814,9/2/2018 5:00,17.284
1815,9/2/2018 6:00,17.189
1816,9/2/2018 7:00,17.189
1817,9/2/2018 8:00,17.284
1818,9/2/2018 9:00,17.379
1819,9/2/2018 10:00,17.379
1820,9/2/2018 11:00,17.475
1821,9/2/2018 12:00,17.76
1822,9/2/2018 13:00,17.475
1823,9/2/2018 14:00,17.665
1824,9/2/2018 15:00,17.855
1825,9/2/2018 16:00,17.665
1826,9/2/2018 17:00,17.665
1827,9/2/2018 18:00,18.045
1828,9/2/2018 19:00,17.95
1829,9/2/2018 20:00,17.665
1830,9/2/2018 21:00,17.95
1831,9/2/2018 22:00,17.855
1832,9/2/2018 23:00,17.76
1833,9/3/2018 0:00,17.76
1834,9/3/2018 1:00,17.57
1835,9/3/2018 2:00,17.57
1836,9/3/2018 3:00,17.475
1837,9/3/2018 4:00,17.284
1838,9/3/2018 5:00,16.999
1839,9/3/2018 6:00,16.903
1840,9/3/2018 7:00,16.999
1841,9/3/2018 8:00,16.999
1842,9/3/2018 9:00,16.999
1843,9/3/2018 10:00,16.999
1844,9/3/2018 11:00,16.999
1845,9/3/2018 12:00,17.475
1846,9/3/2018 13:00,17.475
1847,9/3/2018 14:00,17.57
1848,9/3/2018 15:00,17.379
1849,9/3/2018 16:00,17.475
1850,9/3/2018 17:00,17.57
1851,9/3/2018 18:00,17.76
1852,9/3/2018 19:00,17.57
1853,9/3/2018 20:00,17.379
1854,9/3/2018 21:00,17.284
1855,9/3/2018 22:00,17.379
1856,9/3/2018 23:00,17.284
1857,9/4/2018 0:00,17.284
1858,9/4/2018 1:00,17.284
1859,9/4/2018 2:00,17.189
1860,9/4/2018 3:00,17.189
1861,9/4/2018 4:00,17.189
1862,9/4/2018 5:00,17.189
1863,9/4/2018 6:00,17.094
1864,9/4/2018 7:00,17.189
1865,9/4/2018 8:00,17.189
1866,9/4/2018 9:00,17.189
1867,9/4/2018 10:00,17.189
1868,9/4/2018 11:00,17.189
1869,9/4/2018 12:00,17.284
1870,9/4/2018 13:00,17.475
1871,9/4/2018 14:00,17.57
1872,9/4/2018 15:00,17.76
1873,9/4/2018 16:00,17.855
1874,9/4/2018 17:00,17.379
1875,9/4/2018 18:00,17.284
1876,9/4/2018 19:00,17.189
1877,9/4/2018 20:00,17.189
1878,9/4/2018 21:00,17.094
1879,9/4/2018 22:00,17.094
1880,9/4/2018 23:00,17.094
1881,9/5/2018 0:00,16.999
1882,9/5/2018 1:00,16.999
1883,9/5/2018 2:00,16.999
1884,9/5/2018 3:00,16.999
1885,9/5/2018 4:00,16.999
1886,9/5/2018 5:00,16.999
1887,9/5/2018 6:00,17.189
1888,9/5/2018 7:00,17.094
1889,9/5/2018 8:00,17.189
1890,9/5/2018 9:00,17.189
1891,9/5/2018 10:00,17.189
1892,9/5/2018 11:00,17.284
1893,9/5/2018 12:00,17.284
1894,9/5/2018 13:00,17.284
1895,9/5/2018 14:00,17.379
1896,9/5/2018 15:00,17.379
1897,9/5/2018 16:00,17.475
1898,9/5/2018 17:00,17.379
1899,9/5/2018 18:00,17.189
1900,9/5/2018 19:00,16.999
1901,9/5/2018 20:00,16.999
1902,9/5/2018 21:00,16.903
1903,9/5/2018 22:00,16.808
1904,9/5/2018 23:00,16.903
1905,9/6/2018 0:00,16.903
1906,9/6/2018 1:00,16.903
1907,9/6/2018 2:00,16.808
1908,9/6/2018 3:00,16.808
1909,9/6/2018 4:00,16.713
1910,9/6/2018 5:00,16.713
1911,9/6/2018 6:00,16.713
1912,9/6/2018 7:00,16.808
1913,9/6/2018 8:00,17.189
1914,9/6/2018 9:00,17.189
1915,9/6/2018 10:00,17.189
1916,9/6/2018 11:00,17.189
1917,9/6/2018 12:00,17.475
1918,9/6/2018 13:00,17.57
1919,9/6/2018 14:00,17.665
1920,9/6/2018 15:00,17.855
1921,9/6/2018 16:00,17.95
1922,9/6/2018 17:00,17.665
1923,9/6/2018 18:00,17.475
1924,9/6/2018 19:00,17.379
1925,9/6/2018 20:00,17.189
1926,9/6/2018 21:00,17.189
1927,9/6/2018 22:00,17.189
1928,9/6/2018 23:00,17.094
1929,9/7/2018 0:00,17.094
1930,9/7/2018 1:00,16.999
1931,9/7/2018 2:00,16.999
1932,9/7/2018 3:00,16.903
1933,9/7/2018 4:00,16.903
1934,9/7/2018 5:00,16.808
1935,9/7/2018 6:00,16.808
1936,9/7/2018 7:00,16.808
1937,9/7/2018 8:00,17.189
1938,9/7/2018 9:00,17.475
1939,9/7/2018 10:00,17.379
1940,9/7/2018 11:00,17.57
1941,9/7/2018 12:00,18.14
1942,9/7/2018 13:00,18.426
1943,9/7/2018 14:00,18.711
1944,9/7/2018 15:00,18.331
1945,9/7/2018 16:00,18.996
1946,9/7/2018 17:00,18.806
1947,9/7/2018 18:00,18.331
1948,9/7/2018 19:00,17.95
1949,9/7/2018 20:00,17.475
1950,9/7/2018 21:00,17.379
1951,9/7/2018 22:00,17.379
1952,9/7/2018 23:00,17.189
1953,9/8/2018 0:00,17.379
1954,9/8/2018 1:00,17.379
1955,9/8/2018 2:00,17.57
1956,9/8/2018 3:00,17.475
1957,9/8/2018 4:00,17.475
1958,9/8/2018 5:00,17.475
1959,9/8/2018 6:00,17.284
1960,9/8/2018 7:00,17.284
1961,9/8/2018 8:00,17.475
1962,9/8/2018 9:00,17.475
1963,9/8/2018 10:00,17.665
1964,9/8/2018 11:00,17.57
1965,9/8/2018 12:00,17.95
1966,9/8/2018 13:00,18.616
1967,9/8/2018 14:00,18.996
1968,9/8/2018 15:00,18.806
1969,9/8/2018 16:00,18.711
1970,9/8/2018 17:00,18.616
1971,9/8/2018 18:00,18.901
1972,9/8/2018 19:00,18.711
1973,9/8/2018 20:00,18.331
1974,9/8/2018 21:00,17.665
1975,9/8/2018 22:00,17.76
1976,9/8/2018 23:00,17.57
1977,9/9/2018 0:00,17.57
1978,9/9/2018 1:00,17.57
1979,9/9/2018 2:00,17.57
1980,9/9/2018 3:00,17.57
1981,9/9/2018 4:00,17.665
1982,9/9/2018 5:00,17.665
1983,9/9/2018 6:00,17.57
1984,9/9/2018 7:00,17.379
1985,9/9/2018 8:00,17.475
1986,9/9/2018 9:00,17.76
1987,9/9/2018 10:00,17.57
1988,9/9/2018 11:00,17.76
1989,9/9/2018 12:00,17.76
1990,9/9/2018 13:00,18.236
1991,9/9/2018 14:00,18.806
1992,9/9/2018 15:00,19.092
1993,9/9/2018 16:00,18.901
1994,9/9/2018 17:00,18.901
1995,9/9/2018 18:00,18.901
1996,9/9/2018 19:00,18.901
1997,9/9/2018 20:00,18.711
1998,9/9/2018 21:00,18.331
1999,9/9/2018 22:00,17.76
2000,9/9/2018 23:00,17.855
2001,9/10/2018 0:00,17.57
2002,9/10/2018 1:00,17.665
2003,9/10/2018 2:00,17.57
2004,9/10/2018 3:00,17.665
2005,9/10/2018 4:00,17.76
2006,9/10/2018 5:00,17.665
2007,9/10/2018 6:00,17.57
2008,9/10/2018 7:00,17.475
2009,9/10/2018 8:00,17.475
2010,9/10/2018 9:00,17.57
2011,9/10/2018 10:00,17.76
2012,9/10/2018 11:00,17.76
2013,9/10/2018 12:00,17.855
2014,9/10/2018 13:00,17.95
2015,9/10/2018 14:00,18.616
2016,9/10/2018 15:00,19.187
2017,9/10/2018 16:00,19.282
2018,9/10/2018 17:00,19.092
2019,9/10/2018 18:00,18.901
2020,9/10/2018 19:00,19.092
2021,9/10/2018 20:00,18.901
2022,9/10/2018 21:00,18.901
2023,9/10/2018 22:00,18.521
2024,9/10/2018 23:00,18.045
2025,9/11/2018 0:00,17.95
2026,9/11/2018 1:00,17.76
2027,9/11/2018 2:00,17.665
2028,9/11/2018 3:00,17.76
2029,9/11/2018 4:00,18.045
2030,9/11/2018 5:00,17.95
2031,9/11/2018 6:00,17.855
2032,9/11/2018 7:00,17.76
2033,9/11/2018 8:00,17.665
2034,9/11/2018 9:00,17.855
2035,9/11/2018 10:00,17.95
2036,9/11/2018 11:00,18.045
2037,9/11/2018 12:00,17.95
2038,9/11/2018 13:00,18.045
2039,9/11/2018 14:00,18.331
2040,9/11/2018 15:00,18.521
2041,9/11/2018 16:00,18.996
2042,9/11/2018 17:00,19.092
2043,9/11/2018 18:00,19.187
2044,9/11/2018 19:00,19.187
2045,9/11/2018 20:00,19.092
2046,9/11/2018 21:00,18.996
2047,9/11/2018 22:00,18.806
2048,9/11/2018 23:00,18.616
2049,9/12/2018 0:00,17.95
2050,9/12/2018 1:00,17.855
2051,9/12/2018 2:00,17.57
2052,9/12/2018 3:00,17.665
2053,9/12/2018 4:00,17.855
2054,9/12/2018 5:00,18.14
2055,9/12/2018 6:00,18.045
2056,9/12/2018 7:00,17.95
2057,9/12/2018 8:00,17.855
2058,9/12/2018 9:00,17.855
2059,9/12/2018 10:00,17.95
2060,9/12/2018 11:00,18.14
2061,9/12/2018 12:00,18.236
2062,9/12/2018 13:00,17.95
2063,9/12/2018 14:00,17.95
2064,9/12/2018 15:00,18.331
2065,9/12/2018 16:00,18.426
2066,9/12/2018 17:00,18.521
2067,9/12/2018 18:00,18.806
2068,9/12/2018 19:00,18.806
2069,9/12/2018 20:00,18.711
2070,9/12/2018 21:00,18.521
2071,9/12/2018 22:00,18.521
2072,9/12/2018 23:00,18.331
2073,9/13/2018 0:00,18.236
2074,9/13/2018 1:00,17.855
2075,9/13/2018 2:00,17.379
2076,9/13/2018 3:00,17.284
2077,9/13/2018 4:00,17.284
2078,9/13/2018 5:00,17.284
2079,9/13/2018 6:00,18.236
2080,9/13/2018 7:00,18.14
2081,9/13/2018 8:00,17.95
2082,9/13/2018 9:00,17.95
2083,9/13/2018 10:00,17.95
2084,9/13/2018 11:00,17.76
2085,9/13/2018 12:00,17.665
2086,9/13/2018 13:00,18.14
2087,9/13/2018 14:00,17.855
2088,9/13/2018 15:00,18.331
2089,9/13/2018 16:00,18.426
2090,9/13/2018 17:00,18.616
2091,9/13/2018 18:00,18.045
2092,9/13/2018 19:00,18.045
2093,9/13/2018 20:00,17.95
2094,9/13/2018 21:00,17.95
2095,9/13/2018 22:00,17.855
2096,9/13/2018 23:00,17.855
2097,9/14/2018 0:00,17.76
2098,9/14/2018 1:00,18.236
2099,9/14/2018 2:00,18.14
2100,9/14/2018 3:00,17.665
2101,9/14/2018 4:00,17.284
2102,9/14/2018 5:00,17.189
2103,9/14/2018 6:00,17.379
2104,9/14/2018 7:00,18.045
2105,9/14/2018 8:00,18.045
2106,9/14/2018 9:00,18.045
2107,9/14/2018 10:00,18.045
2108,9/14/2018 11:00,17.76
2109,9/14/2018 12:00,17.855
2110,9/14/2018 13:00,17.665
2111,9/14/2018 14:00,17.76
2112,9/14/2018 15:00,17.475
2113,9/14/2018 16:00,17.665
2114,9/14/2018 17:00,17.57
2115,9/14/2018 18:00,17.855
2116,9/14/2018 19:00,17.95
2117,9/14/2018 20:00,17.76
2118,9/14/2018 21:00,17.855
2119,9/14/2018 22:00,17.855
2120,9/14/2018 23:00,17.855
2121,9/15/2018 0:00,17.76
2122,9/15/2018 1:00,17.665
2123,9/15/2018 2:00,17.665
2124,9/15/2018 3:00,17.57
2125,9/15/2018 4:00,16.999
2126,9/15/2018 5:00,16.999
2127,9/15/2018 6:00,16.999
2128,9/15/2018 7:00,16.903
2129,9/15/2018 8:00,16.808
2130,9/15/2018 9:00,16.903
2131,9/15/2018 10:00,16.999
2132,9/15/2018 11:00,17.189
2133,9/15/2018 12:00,17.284
2134,9/15/2018 13:00,17.379
2135,9/15/2018 14:00,17.189
2136,9/15/2018 15:00,16.999
2137,9/15/2018 16:00,17.189
2138,9/15/2018 17:00,16.999
2139,9/15/2018 18:00,16.999
2140,9/15/2018 19:00,17.189
2141,9/15/2018 20:00,16.999
2142,9/15/2018 21:00,17.094
2143,9/15/2018 22:00,16.999
2144,9/15/2018 23:00,16.999
2145,9/16/2018 0:00,16.903
2146,9/16/2018 1:00,16.808
2147,9/16/2018 2:00,16.808
2148,9/16/2018 3:00,16.903
2149,9/16/2018 4:00,16.903
2150,9/16/2018 5:00,16.999
2151,9/16/2018 6:00,16.999
2152,9/16/2018 7:00,16.999
2153,9/16/2018 8:00,16.903
2154,9/16/2018 9:00,16.903
2155,9/16/2018 10:00,16.903
2156,9/16/2018 11:00,16.903
2157,9/16/2018 12:00,17.379
2158,9/16/2018 13:00,17.379
2159,9/16/2018 14:00,17.475
2160,9/16/2018 15:00,17.379
2161,9/16/2018 16:00,17.57
2162,9/16/2018 17:00,17.475
2163,9/16/2018 18:00,17.475
2164,9/16/2018 19:00,17.284
2165,9/16/2018 20:00,17.379
2166,9/16/2018 21:00,17.475
2167,9/16/2018 22:00,17.475
2168,9/16/2018 23:00,17.379
2169,9/17/2018 0:00,17.284
2170,9/17/2018 1:00,17.189
2171,9/17/2018 2:00,17.189
2172,9/17/2018 3:00,17.094
2173,9/17/2018 4:00,17.189
2174,9/17/2018 5:00,17.094
2175,9/17/2018 6:00,17.094
2176,9/17/2018 7:00,17.094
2177,9/17/2018 8:00,17.094
2178,9/17/2018 9:00,17.094
2179,9/17/2018 10:00,17.189
2180,9/17/2018 11:00,17.284
2181,9/17/2018 12:00,17.284
2182,9/17/2018 13:00,17.76
2183,9/17/2018 14:00,17.475
2184,9/17/2018 15:00,17.95
2185,9/17/2018 16:00,17.379
2186,9/17/2018 17:00,16.999
2187,9/17/2018 18:00,16.903
2188,9/17/2018 19:00,16.999
2189,9/17/2018 20:00,16.903
2190,9/17/2018 21:00,17.094
2191,9/17/2018 22:00,16.999
2192,9/17/2018 23:00,17.094
2193,9/18/2018 0:00,17.094
2194,9/18/2018 1:00,16.903
2195,9/18/2018 2:00,16.903
2196,9/18/2018 3:00,16.713
2197,9/18/2018 4:00,16.713
2198,9/18/2018 5:00,16.713
2199,9/18/2018 6:00,16.903
2200,9/18/2018 7:00,16.903
2201,9/18/2018 8:00,16.999
2202,9/18/2018 9:00,16.999
2203,9/18/2018 10:00,17.094
2204,9/18/2018 11:00,17.094
2205,9/18/2018 12:00,17.094
2206,9/18/2018 13:00,17.189
2207,9/18/2018 14:00,17.76
2208,9/18/2018 15:00,17.475
2209,9/18/2018 16:00,17.379
2210,9/18/2018 17:00,17.094
2211,9/18/2018 18:00,16.713
2212,9/18/2018 19:00,16.332
2213,9/18/2018 20:00,17.189
2214,9/18/2018 21:00,16.999
2215,9/18/2018 22:00,16.999
2216,9/18/2018 23:00,17.094
2217,9/19/2018 0:00,16.999
2218,9/19/2018 1:00,16.999
2219,9/19/2018 2:00,16.999
2220,9/19/2018 3:00,16.903
2221,9/19/2018 4:00,16.808
2222,9/19/2018 5:00,16.713
2223,9/19/2018 6:00,16.713
2224,9/19/2018 7:00,16.713
2225,9/19/2018 8:00,16.808
2226,9/19/2018 9:00,19.092
2227,9/19/2018 10:00,16.713
2228,9/19/2018 11:00,16.332
2229,9/19/2018 12:00,19.472
2230,9/19/2018 13:00,20.138
2231,9/19/2018 14:00,20.519
2232,9/19/2018 15:00,21.091
2233,9/19/2018 16:00,20.805
2234,9/19/2018 17:00,20.043
2235,9/19/2018 18:00,19.758
2236,9/19/2018 19:00,20.234
2237,9/19/2018 20:00,20.424
2238,9/19/2018 21:00,20.329
2239,9/19/2018 22:00,20.234
2240,9/19/2018 23:00,20.138
2241,9/20/2018 0:00,20.138
2242,9/20/2018 1:00,20.138
2243,9/20/2018 2:00,19.948
2244,9/20/2018 3:00,19.948
2245,9/20/2018 4:00,19.758
2246,9/20/2018 5:00,19.662
2247,9/20/2018 6:00,19.472
2248,9/20/2018 7:00,19.377
2249,9/20/2018 8:00,19.282
2250,9/20/2018 9:00,19.567
2251,9/20/2018 10:00,19.853
2252,9/20/2018 11:00,20.234
2253,9/20/2018 12:00,20.901
2254,9/20/2018 13:00,21.282
2255,9/20/2018 14:00,21.187
2256,9/20/2018 15:00,21.378
2257,9/20/2018 16:00,21.378
2258,9/20/2018 17:00,20.71
2259,9/20/2018 18:00,20.71
2260,9/20/2018 19:00,20.996
2261,9/20/2018 20:00,20.901
2262,9/20/2018 21:00,21.187
2263,9/20/2018 22:00,21.282
2264,9/20/2018 23:00,21.282
2265,9/21/2018 0:00,21.282
2266,9/21/2018 1:00,21.187
2267,9/21/2018 2:00,21.091
2268,9/21/2018 3:00,21.091
2269,9/21/2018 4:00,20.901
2270,9/21/2018 5:00,20.901
2271,9/21/2018 6:00,20.615
2272,9/21/2018 7:00,20.424
2273,9/21/2018 8:00,20.424
2274,9/21/2018 9:00,20.329
2275,9/21/2018 10:00,20.615
2276,9/21/2018 11:00,20.71
2277,9/21/2018 12:00,21.187
2278,9/21/2018 13:00,21.282
2279,9/21/2018 14:00,20.996
2280,9/21/2018 15:00,20.901
2281,9/21/2018 16:00,20.615
2282,9/21/2018 17:00,20.519
2283,9/21/2018 18:00,20.615
2284,9/21/2018 19:00,20.519
2285,9/21/2018 20:00,20.519
2286,9/21/2018 21:00,20.519
2287,9/21/2018 22:00,20.138
2288,9/21/2018 23:00,19.662
2289,9/22/2018 0:00,19.472
2290,9/22/2018 1:00,19.377
2291,9/22/2018 2:00,19.377
2292,9/22/2018 3:00,19.472
2293,9/22/2018 4:00,19.567
2294,9/22/2018 5:00,19.567
2295,9/22/2018 6:00,19.567
2296,9/22/2018 7:00,19.567
2297,9/22/2018 8:00,19.567
2298,9/22/2018 9:00,19.472
2299,9/22/2018 10:00,19.472
2300,9/22/2018 11:00,19.567
2301,9/22/2018 12:00,19.758
2302,9/22/2018 13:00,20.138
2303,9/22/2018 14:00,20.424
2304,9/22/2018 15:00,20.71
2305,9/22/2018 16:00,20.805
2306,9/22/2018 17:00,20.805
2307,9/22/2018 18:00,20.805
2308,9/22/2018 19:00,20.805
2309,9/22/2018 20:00,20.805
2310,9/22/2018 21:00,20.71
2311,9/22/2018 22:00,20.71
2312,9/22/2018 23:00,20.519
2313,9/23/2018 0:00,20.424
2314,9/23/2018 1:00,20.234
2315,9/23/2018 2:00,20.138
2316,9/23/2018 3:00,19.853
2317,9/23/2018 4:00,19.853
2318,9/23/2018 5:00,19.758
2319,9/23/2018 6:00,19.662
2320,9/23/2018 7:00,19.567
2321,9/23/2018 8:00,19.472
2322,9/23/2018 9:00,19.472
2323,9/23/2018 10:00,19.662
2324,9/23/2018 11:00,19.758
2325,9/23/2018 12:00,20.043
2326,9/23/2018 13:00,20.329
2327,9/23/2018 14:00,20.71
2328,9/23/2018 15:00,20.996
2329,9/23/2018 16:00,21.091
2330,9/23/2018 17:00,21.187
2331,9/23/2018 18:00,21.187
2332,9/23/2018 19:00,21.091
2333,9/23/2018 20:00,21.091
2334,9/23/2018 21:00,20.805
2335,9/23/2018 22:00,20.71
2336,9/23/2018 23:00,20.519
2337,9/24/2018 0:00,20.424
2338,9/24/2018 1:00,20.138
2339,9/24/2018 2:00,20.043
2340,9/24/2018 3:00,19.758
2341,9/24/2018 4:00,19.567
2342,9/24/2018 5:00,19.472
2343,9/24/2018 6:00,19.377
2344,9/24/2018 7:00,19.282
2345,9/24/2018 8:00,19.187
2346,9/24/2018 9:00,19.187
2347,9/24/2018 10:00,19.282
2348,9/24/2018 11:00,20.424
2349,9/24/2018 12:00,21.569
2350,9/24/2018 13:00,23.004
2351,9/24/2018 14:00,23.966
2352,9/24/2018 15:00,24.158
2353,9/24/2018 16:00,24.448
2354,9/24/2018 17:00,24.255
2355,9/24/2018 18:00,23.869
2356,9/24/2018 19:00,23.388
2357,9/24/2018 20:00,23.1
2358,9/24/2018 21:00,22.812
2359,9/24/2018 22:00,22.621
2360,9/24/2018 23:00,22.333
2361,9/25/2018 0:00,22.142
2362,9/25/2018 1:00,21.951
2363,9/25/2018 2:00,21.76
2364,9/25/2018 3:00,21.569
2365,9/25/2018 4:00,21.282
2366,9/25/2018 5:00,21.187
2367,9/25/2018 6:00,20.996
2368,9/25/2018 7:00,20.901
2369,9/25/2018 8:00,20.71
2370,9/25/2018 9:00,20.71
2371,9/25/2018 10:00,21.282
2372,9/25/2018 11:00,21.569
2373,9/25/2018 12:00,21.855
2374,9/25/2018 13:00,22.525
2375,9/25/2018 14:00,23.581
2376,9/25/2018 15:00,23.869
2377,9/25/2018 16:00,24.062
2378,9/25/2018 17:00,24.158
2379,9/25/2018 18:00,23.869
2380,9/25/2018 19:00,23.484
2381,9/25/2018 20:00,23.004
2382,9/25/2018 21:00,22.717
2383,9/25/2018 22:00,22.333
2384,9/25/2018 23:00,22.238
2385,9/26/2018 0:00,21.951
2386,9/26/2018 1:00,21.855
2387,9/26/2018 2:00,21.569
2388,9/26/2018 3:00,21.378
2389,9/26/2018 4:00,21.187
2390,9/26/2018 5:00,20.901
2391,9/26/2018 6:00,20.805
2392,9/26/2018 7:00,20.615
2393,9/26/2018 8:00,20.519
2394,9/26/2018 9:00,20.519
2395,9/26/2018 10:00,20.615
2396,9/26/2018 11:00,20.901
2397,9/26/2018 12:00,21.378
2398,9/26/2018 13:00,22.429
2399,9/26/2018 14:00,23.1
2400,9/26/2018 15:00,23.581
2401,9/26/2018 16:00,23.966
2402,9/26/2018 17:00,24.255
2403,9/26/2018 18:00,24.158
2404,9/26/2018 19:00,23.677
2405,9/26/2018 20:00,23.196
2406,9/26/2018 21:00,22.908
2407,9/26/2018 22:00,22.525
2408,9/26/2018 23:00,22.333
2409,9/27/2018 0:00,22.238
2410,9/27/2018 1:00,21.855
2411,9/27/2018 2:00,21.76
2412,9/27/2018 3:00,21.473
2413,9/27/2018 4:00,21.378
2414,9/27/2018 5:00,21.091
2415,9/27/2018 6:00,20.901
2416,9/27/2018 7:00,20.71
2417,9/27/2018 8:00,20.519
2418,9/27/2018 9:00,20.71
2419,9/27/2018 10:00,20.901
2420,9/27/2018 11:00,21.282
2421,9/27/2018 12:00,21.664
2422,9/27/2018 13:00,21.951
2423,9/27/2018 14:00,22.621
2424,9/27/2018 15:00,23.004
2425,9/27/2018 16:00,23.292
2426,9/27/2018 17:00,23.388
2427,9/27/2018 18:00,23.484
2428,9/27/2018 19:00,23.292
2429,9/27/2018 20:00,22.908
2430,9/27/2018 21:00,22.429
2431,9/27/2018 22:00,22.142
2432,9/27/2018 23:00,21.855
2433,9/28/2018 0:00,21.664
2434,9/28/2018 1:00,21.473
2435,9/28/2018 2:00,21.378
2436,9/28/2018 3:00,21.187
2437,9/28/2018 4:00,21.187
2438,9/28/2018 5:00,20.996
2439,9/28/2018 6:00,20.901
2440,9/28/2018 7:00,20.71
2441,9/28/2018 8:00,20.615
2442,9/28/2018 9:00,20.615
2443,9/28/2018 10:00,20.519
2444,9/28/2018 11:00,20.901
2445,9/28/2018 12:00,21.378
2446,9/28/2018 13:00,21.855
2447,9/28/2018 14:00,22.333
2448,9/28/2018 15:00,22.333
2449,9/28/2018 16:00,22.333
2450,9/28/2018 17:00,19.282
2451,9/28/2018 18:00,18.901
2452,9/28/2018 19:00,18.901
2453,9/28/2018 20:00,18.901
2454,9/28/2018 21:00,18.901
2455,9/28/2018 22:00,18.806
2456,9/28/2018 23:00,18.901
,,
,,
,,
,,
,,
,,
,,
,,
,,
,,
,,
,,
,,
,,
,,
,,
,,
,,
,,
,,
,,
,,
,,
,,
,,
,,
,,
,,
,,
,,
,,
,,
,,
,,
,,
,,
,,
,,
,,
,,
,,
,,
,,
,,
,,
,,
,,
,,
,,
,,
,,
,,
,,
,,
,,
,,
,,
,,
,,
,,
,,
,,
,,
,,
,,
,,
,,
,,
,,
,,
,,
,,
,,
,,
,,
,,
,,
,,
,,
,,
,,
,,
,,
,,
,,
,,
,,
,,
,,
,,
,,
,,
,,
,,
,,
,,
,,
,,
,,
,,
,,
,,
,,
,,
,,
,,
,,
,,
,,
,,
,,
,,
