Plot,Title: Brazil: Sao Sebastiao,Sebastiao
#,"Date Time, GMT-05:00",End Of File (LGR S/N: 20462612)
997,1/15/2019 0:11,30
998,1/15/2019 1:11,29
999,1/15/2019 2:11,29
1000,1/15/2019 3:11,29
1001,1/15/2019 4:11,29
1002,1/15/2019 5:11,29
1003,1/15/2019 6:11,29
1004,1/15/2019 7:11,29
1005,1/15/2019 8:11,30
1006,1/15/2019 9:11,30
1007,1/15/2019 10:11,31
1008,1/15/2019 11:11,31
1009,1/15/2019 12:11,31
1010,1/15/2019 13:11,32
1011,1/15/2019 14:11,32
1012,1/15/2019 15:11,32
1013,1/15/2019 16:11,32
1014,1/15/2019 17:11,32
1015,1/15/2019 18:11,31
1016,1/15/2019 19:11,31
1017,1/15/2019 20:11,31
1018,1/15/2019 21:11,31
1019,1/15/2019 22:11,31
1020,1/15/2019 23:11,30
1021,1/16/2019 0:11,30
1022,1/16/2019 1:11,30
1023,1/16/2019 2:11,30
1024,1/16/2019 3:11,29
1025,1/16/2019 4:11,28
1026,1/16/2019 5:11,28
1027,1/16/2019 6:11,28
1028,1/16/2019 7:11,28
1029,1/16/2019 8:11,29
1030,1/16/2019 9:11,29
1031,1/16/2019 10:11,30
1032,1/16/2019 11:11,30
1033,1/16/2019 12:11,31
1034,1/16/2019 13:11,31
1035,1/16/2019 14:11,32
1036,1/16/2019 15:11,32
1037,1/16/2019 16:11,32
1038,1/16/2019 17:11,31
1039,1/16/2019 18:11,31
1040,1/16/2019 19:11,30
1041,1/16/2019 20:11,29
1042,1/16/2019 21:11,29
1043,1/16/2019 22:11,28
1044,1/16/2019 23:11,28
1045,1/17/2019 0:11,28
1046,1/17/2019 1:11,27
1047,1/17/2019 2:11,27
1048,1/17/2019 3:11,27
1049,1/17/2019 4:11,27
1050,1/17/2019 5:11,27
1051,1/17/2019 6:11,27
1052,1/17/2019 7:11,28
1053,1/17/2019 8:11,28
1054,1/17/2019 9:11,29
1055,1/17/2019 10:11,30
1056,1/17/2019 11:11,30
1057,1/17/2019 12:11,31
1058,1/17/2019 13:11,31
1059,1/17/2019 14:11,32
1060,1/17/2019 15:11,32
1061,1/17/2019 16:11,32
1062,1/17/2019 17:11,31
1063,1/17/2019 18:11,31
1064,1/17/2019 19:11,30
1065,1/17/2019 20:11,30
1066,1/17/2019 21:11,30
1067,1/17/2019 22:11,30
1068,1/17/2019 23:11,29
1069,1/18/2019 0:11,29
1070,1/18/2019 1:11,29
1071,1/18/2019 2:11,29
1072,1/18/2019 3:11,29
1073,1/18/2019 4:11,29
1074,1/18/2019 5:11,29
1075,1/18/2019 6:11,29
1076,1/18/2019 7:11,29
1077,1/18/2019 8:11,30
1078,1/18/2019 9:11,30
1079,1/18/2019 10:11,31
1080,1/18/2019 11:11,31
1081,1/18/2019 12:11,32
1082,1/18/2019 13:11,32
1083,1/18/2019 14:11,32
1084,1/18/2019 15:11,32
1085,1/18/2019 16:11,32
1086,1/18/2019 17:11,31
1087,1/18/2019 18:11,31
1088,1/18/2019 19:11,30
1089,1/18/2019 20:11,29
1090,1/18/2019 21:11,29
1091,1/18/2019 22:11,29
1092,1/18/2019 23:11,29
1093,1/19/2019 0:11,28
1094,1/19/2019 1:11,28
1095,1/19/2019 2:11,28
1096,1/19/2019 3:11,28
1097,1/19/2019 4:11,28
1098,1/19/2019 5:11,28
1099,1/19/2019 6:11,28
1100,1/19/2019 7:11,28
1101,1/19/2019 8:11,28
1102,1/19/2019 9:11,29
1103,1/19/2019 10:11,30
1104,1/19/2019 11:11,30
1105,1/19/2019 12:11,31
1106,1/19/2019 13:11,31
1107,1/19/2019 14:11,31
1108,1/19/2019 15:11,31
1109,1/19/2019 16:11,31
1110,1/19/2019 17:11,31
1111,1/19/2019 18:11,31
1112,1/19/2019 19:11,31
1113,1/19/2019 20:11,31
1114,1/19/2019 21:11,30
1115,1/19/2019 22:11,30
1116,1/19/2019 23:11,30
1117,1/20/2019 0:11,30
1118,1/20/2019 1:11,29
1119,1/20/2019 2:11,29
1120,1/20/2019 3:11,28
1121,1/20/2019 4:11,28
1122,1/20/2019 5:11,28
1123,1/20/2019 6:11,28
1124,1/20/2019 7:11,28
1125,1/20/2019 8:11,28
1126,1/20/2019 9:11,29
1127,1/20/2019 10:11,29
1128,1/20/2019 11:11,30
1129,1/20/2019 12:11,30
1130,1/20/2019 13:11,31
1131,1/20/2019 14:11,31
1132,1/20/2019 15:11,30
1133,1/20/2019 16:11,30
1134,1/20/2019 17:11,30
1135,1/20/2019 18:11,30
1136,1/20/2019 19:11,29
1137,1/20/2019 20:11,28
1138,1/20/2019 21:11,28
1139,1/20/2019 22:11,28
1140,1/20/2019 23:11,28
1141,1/21/2019 0:11,27
1142,1/21/2019 1:11,27
1143,1/21/2019 2:11,27
1144,1/21/2019 3:11,27
1145,1/21/2019 4:11,27
1146,1/21/2019 5:11,27
1147,1/21/2019 6:11,27
1148,1/21/2019 7:11,28
1149,1/21/2019 8:11,28
1150,1/21/2019 9:11,29
1151,1/21/2019 10:11,29
1152,1/21/2019 11:11,30
1153,1/21/2019 12:11,30
1154,1/21/2019 13:11,31
1155,1/21/2019 14:11,31
1156,1/21/2019 15:11,31
1157,1/21/2019 16:11,31
1158,1/21/2019 17:11,31
1159,1/21/2019 18:11,31
1160,1/21/2019 19:11,31
1161,1/21/2019 20:11,31
1162,1/21/2019 21:11,30
1163,1/21/2019 22:11,30
1164,1/21/2019 23:11,30
1165,1/22/2019 0:11,30
1166,1/22/2019 1:11,30
1167,1/22/2019 2:11,29
1168,1/22/2019 3:11,29
1169,1/22/2019 4:11,29
1170,1/22/2019 5:11,29
1171,1/22/2019 6:11,29
1172,1/22/2019 7:11,29
1173,1/22/2019 8:11,30
1174,1/22/2019 9:11,30
1175,1/22/2019 10:11,30
1176,1/22/2019 11:11,30
1177,1/22/2019 12:11,30
1178,1/22/2019 13:11,30
1179,1/22/2019 14:11,31
1180,1/22/2019 15:11,31
1181,1/22/2019 16:11,31
1182,1/22/2019 17:11,31
1183,1/22/2019 18:11,30
1184,1/22/2019 19:11,30
1185,1/22/2019 20:11,30
1186,1/22/2019 21:11,30
1187,1/22/2019 22:11,29
1188,1/22/2019 23:11,29
1189,1/23/2019 0:11,29
1190,1/23/2019 1:11,29
1191,1/23/2019 2:11,29
1192,1/23/2019 3:11,29
1193,1/23/2019 4:11,29
1194,1/23/2019 5:11,29
1195,1/23/2019 6:11,29
1196,1/23/2019 7:11,29
1197,1/23/2019 8:11,29
1198,1/23/2019 9:11,30
1199,1/23/2019 10:11,30
1200,1/23/2019 11:11,30
1201,1/23/2019 12:11,31
1202,1/23/2019 13:11,31
1203,1/23/2019 14:11,32
1204,1/23/2019 15:11,32
1205,1/23/2019 16:11,32
1206,1/23/2019 17:11,31
1207,1/23/2019 18:11,31
1208,1/23/2019 19:11,30
1209,1/23/2019 20:11,30
1210,1/23/2019 21:11,30
1211,1/23/2019 22:11,29
1212,1/23/2019 23:11,29
1213,1/24/2019 0:11,29
1214,1/24/2019 1:11,29
1215,1/24/2019 2:11,29
1216,1/24/2019 3:11,29
1217,1/24/2019 4:11,28
1218,1/24/2019 5:11,28
1219,1/24/2019 6:11,28
1220,1/24/2019 7:11,28
1221,1/24/2019 8:11,29
1222,1/24/2019 9:11,29
1223,1/24/2019 10:11,30
1224,1/24/2019 11:11,30
1225,1/24/2019 12:11,30
1226,1/24/2019 13:11,30
1227,1/24/2019 14:11,31
1228,1/24/2019 15:11,31
1229,1/24/2019 16:11,30
1230,1/24/2019 17:11,30
1231,1/24/2019 18:11,30
1232,1/24/2019 19:11,29
1233,1/24/2019 20:11,29
1234,1/24/2019 21:11,29
1235,1/24/2019 22:11,28
1236,1/24/2019 23:11,28
1237,1/25/2019 0:11,28
1238,1/25/2019 1:11,28
1239,1/25/2019 2:11,28
1240,1/25/2019 3:11,28
1241,1/25/2019 4:11,28
1242,1/25/2019 5:11,28
1243,1/25/2019 6:11,28
1244,1/25/2019 7:11,28
1245,1/25/2019 8:11,28
1246,1/25/2019 9:11,27
1247,1/25/2019 10:11,27
1248,1/25/2019 11:11,26
1249,1/25/2019 12:11,26
1250,1/25/2019 13:11,26
1251,1/25/2019 14:11,26
1252,1/25/2019 15:11,26
1253,1/25/2019 16:11,26
1254,1/25/2019 17:11,25
1255,1/25/2019 18:11,25
1256,1/25/2019 19:11,25
1257,1/25/2019 20:11,25
1258,1/25/2019 21:11,25
1259,1/25/2019 22:11,25
1260,1/25/2019 23:11,25
1261,1/26/2019 0:11,25
1262,1/26/2019 1:11,25
1263,1/26/2019 2:11,25
1264,1/26/2019 3:11,25
1265,1/26/2019 4:11,24
1266,1/26/2019 5:11,24
1267,1/26/2019 6:11,24
1268,1/26/2019 7:11,24
1269,1/26/2019 8:11,25
1270,1/26/2019 9:11,25
1271,1/26/2019 10:11,26
1272,1/26/2019 11:11,27
1273,1/26/2019 12:11,27
1274,1/26/2019 13:11,28
1275,1/26/2019 14:11,29
1276,1/26/2019 15:11,29
1277,1/26/2019 16:11,29
1278,1/26/2019 17:11,29
1279,1/26/2019 18:11,29
1280,1/26/2019 19:11,28
1281,1/26/2019 20:11,28
1282,1/26/2019 21:11,28
1283,1/26/2019 22:11,28
1284,1/26/2019 23:11,28
1285,1/27/2019 0:11,28
1286,1/27/2019 1:11,28
1287,1/27/2019 2:11,28
1288,1/27/2019 3:11,28
1289,1/27/2019 4:11,27
1290,1/27/2019 5:11,27
1291,1/27/2019 6:11,27
1292,1/27/2019 7:11,28
1293,1/27/2019 8:11,28
1294,1/27/2019 9:11,28
1295,1/27/2019 10:11,29
1296,1/27/2019 11:11,29
1297,1/27/2019 12:11,30
1298,1/27/2019 13:11,30
1299,1/27/2019 14:11,30
1300,1/27/2019 15:11,31
1301,1/27/2019 16:11,31
1302,1/27/2019 17:11,31
1303,1/27/2019 18:11,30
1304,1/27/2019 19:11,30
1305,1/27/2019 20:11,30
1306,1/27/2019 21:11,30
1307,1/27/2019 22:11,29
1308,1/27/2019 23:11,29
1309,1/28/2019 0:11,29
1310,1/28/2019 1:11,29
1311,1/28/2019 2:11,29
1312,1/28/2019 3:11,28
1313,1/28/2019 4:11,28
1314,1/28/2019 5:11,28
1315,1/28/2019 6:11,28
1324,1/28/2019 7:11,32
1325,1/28/2019 8:11,31
1326,1/28/2019 9:11,31
1327,1/28/2019 10:11,31
1328,1/28/2019 11:11,30
1329,1/28/2019 12:11,30
1330,1/28/2019 13:11,30
1331,1/28/2019 14:11,30
1332,1/28/2019 15:11,30
1333,1/28/2019 16:11,29
1334,1/28/2019 17:11,29
1335,1/28/2019 18:11,29
1336,1/28/2019 19:11,29
1337,1/28/2019 20:11,29
1338,1/28/2019 21:11,29
1339,1/28/2019 22:11,29
1340,1/28/2019 23:11,29
1341,1/29/2019 0:11,29
1342,1/29/2019 1:11,29
1343,1/29/2019 2:11,30
1344,1/29/2019 3:11,30
1345,1/29/2019 4:11,30
1346,1/29/2019 5:11,30
1347,1/29/2019 6:11,30
1348,1/29/2019 7:11,30
1349,1/29/2019 8:11,30
1350,1/29/2019 9:11,30
1351,1/29/2019 10:11,30
1352,1/29/2019 11:11,30
1353,1/29/2019 12:11,30
1354,1/29/2019 13:11,30
1355,1/29/2019 14:11,29
1356,1/29/2019 15:11,29
1357,1/29/2019 16:11,29
1358,1/29/2019 17:11,29
1359,1/29/2019 18:11,29
1360,1/29/2019 19:11,29
1361,1/29/2019 20:11,29
1362,1/29/2019 21:11,29
1363,1/29/2019 22:11,29
1364,1/29/2019 23:11,29
1365,1/30/2019 0:11,29
1366,1/30/2019 1:11,29
1367,1/30/2019 2:11,30
1368,1/30/2019 3:11,30
1369,1/30/2019 4:11,30
1370,1/30/2019 5:11,30
1371,1/30/2019 6:11,31
1372,1/30/2019 7:11,31
1373,1/30/2019 8:11,31
1374,1/30/2019 9:11,31
1375,1/30/2019 10:11,30
1376,1/30/2019 11:11,30
1377,1/30/2019 12:11,30
1378,1/30/2019 13:11,30
1379,1/30/2019 14:11,30
1380,1/30/2019 15:11,30
1381,1/30/2019 16:11,29
1382,1/30/2019 17:11,29
1383,1/30/2019 18:11,29
1384,1/30/2019 19:11,29
1385,1/30/2019 20:11,29
1386,1/30/2019 21:11,29
1387,1/30/2019 22:11,28
1388,1/30/2019 23:11,29
1389,1/31/2019 0:11,29
1390,1/31/2019 1:11,29
1391,1/31/2019 2:11,30
1392,1/31/2019 3:11,30
1393,1/31/2019 4:11,30
1394,1/31/2019 5:11,31
1395,1/31/2019 6:11,31
1396,1/31/2019 7:11,31
1397,1/31/2019 8:11,31
1398,1/31/2019 9:11,31
1399,1/31/2019 10:11,30
1400,1/31/2019 11:11,30
1401,1/31/2019 12:11,30
1402,1/31/2019 13:11,30
1403,1/31/2019 14:11,29
1404,1/31/2019 15:11,29
1405,1/31/2019 16:11,29
1406,1/31/2019 17:11,29
1407,1/31/2019 18:11,29
1408,1/31/2019 19:11,29
1409,1/31/2019 20:11,29
1410,1/31/2019 21:11,28
1411,1/31/2019 22:11,28
1412,1/31/2019 23:11,29
1413,2/1/2019 0:11,29
1414,2/1/2019 1:11,29
1415,2/1/2019 2:11,30
1416,2/1/2019 3:11,30
1417,2/1/2019 4:11,30
1418,2/1/2019 5:11,30
1419,2/1/2019 6:11,31
1420,2/1/2019 7:11,31
1421,2/1/2019 8:11,31
1422,2/1/2019 9:11,30
1423,2/1/2019 10:11,30
1424,2/1/2019 11:11,30
1425,2/1/2019 12:11,30
1426,2/1/2019 13:11,30
1427,2/1/2019 14:11,30
1428,2/1/2019 15:11,30
1429,2/1/2019 16:11,29
1430,2/1/2019 17:11,29
1431,2/1/2019 18:11,29
1432,2/1/2019 19:11,29
1433,2/1/2019 20:11,29
1434,2/1/2019 21:11,29
1435,2/1/2019 22:11,29
1436,2/1/2019 23:11,29
1437,2/2/2019 0:11,29
1438,2/2/2019 1:11,30
1439,2/2/2019 2:11,30
1440,2/2/2019 3:11,30
1441,2/2/2019 4:11,31
1442,2/2/2019 5:11,31
1443,2/2/2019 6:11,31
1444,2/2/2019 7:11,31
1445,2/2/2019 8:11,31
1446,2/2/2019 9:11,31
1447,2/2/2019 10:11,31
1448,2/2/2019 11:11,31
1449,2/2/2019 12:11,30
1450,2/2/2019 13:11,30
1451,2/2/2019 14:11,30
1452,2/2/2019 15:11,30
1453,2/2/2019 16:11,30
1454,2/2/2019 17:11,30
1455,2/2/2019 18:11,30
1456,2/2/2019 19:11,29
1457,2/2/2019 20:11,29
1458,2/2/2019 21:11,29
1459,2/2/2019 22:11,29
1460,2/2/2019 23:11,29
1461,2/3/2019 0:11,29
1462,2/3/2019 1:11,30
1463,2/3/2019 2:11,30
1464,2/3/2019 3:11,30
1465,2/3/2019 4:11,31
1466,2/3/2019 5:11,31
1467,2/3/2019 6:11,31
1468,2/3/2019 7:11,31
1469,2/3/2019 8:11,31
1470,2/3/2019 9:11,30
1471,2/3/2019 10:11,30
1472,2/3/2019 11:11,30
1473,2/3/2019 12:11,30
1474,2/3/2019 13:11,29
1475,2/3/2019 14:11,29
1476,2/3/2019 15:11,29
1477,2/3/2019 16:11,29
1478,2/3/2019 17:11,29
1479,2/3/2019 18:11,28
1480,2/3/2019 19:11,28
1481,2/3/2019 20:11,28
1482,2/3/2019 21:11,28
1483,2/3/2019 22:11,28
1484,2/3/2019 23:11,28
1485,2/4/2019 0:11,27
1486,2/4/2019 1:11,27
1487,2/4/2019 2:11,27
1488,2/4/2019 3:11,28
1489,2/4/2019 4:11,28
1490,2/4/2019 5:11,27
1491,2/4/2019 6:11,27
1492,2/4/2019 7:11,27
1493,2/4/2019 8:11,27
1494,2/4/2019 9:11,26
1495,2/4/2019 10:11,26
1496,2/4/2019 11:11,26
1497,2/4/2019 12:11,26
1498,2/4/2019 13:11,26
1499,2/4/2019 14:11,26
1500,2/4/2019 15:11,26
1501,2/4/2019 16:11,26
1502,2/4/2019 17:11,26
1503,2/4/2019 18:11,26
1504,2/4/2019 19:11,26
1505,2/4/2019 20:11,26
1506,2/4/2019 21:11,26
1507,2/4/2019 22:11,26
1508,2/4/2019 23:11,26
1509,2/5/2019 0:11,26
1510,2/5/2019 1:11,26
1511,2/5/2019 2:11,26
1512,2/5/2019 3:11,26
1513,2/5/2019 4:11,26
1514,2/5/2019 5:11,26
1515,2/5/2019 6:11,26
1516,2/5/2019 7:11,26
1517,2/5/2019 8:11,26
1518,2/5/2019 9:11,26
1519,2/5/2019 10:11,26
1520,2/5/2019 11:11,26
1521,2/5/2019 12:11,25
1522,2/5/2019 13:11,25
1523,2/5/2019 14:11,25
1524,2/5/2019 15:11,25
1525,2/5/2019 16:11,25
1526,2/5/2019 17:11,25
1527,2/5/2019 18:11,25
1528,2/5/2019 19:11,25
1529,2/5/2019 20:11,25
1530,2/5/2019 21:11,25
1531,2/5/2019 22:11,25
1532,2/5/2019 23:11,25
1533,2/6/2019 0:11,25
1534,2/6/2019 1:11,25
1535,2/6/2019 2:11,25
1536,2/6/2019 3:11,25
1537,2/6/2019 4:11,25
1538,2/6/2019 5:11,25
1539,2/6/2019 6:11,25
1540,2/6/2019 7:11,25
1541,2/6/2019 8:11,25
1542,2/6/2019 9:11,25
1543,2/6/2019 10:11,25
1544,2/6/2019 11:11,25
1545,2/6/2019 12:11,25
1546,2/6/2019 13:11,25
1547,2/6/2019 14:11,25
1548,2/6/2019 15:11,24
1549,2/6/2019 16:11,24
1550,2/6/2019 17:11,24
1551,2/6/2019 18:11,24
1552,2/6/2019 19:11,24
1553,2/6/2019 20:11,24
1554,2/6/2019 21:11,24
1555,2/6/2019 22:11,24
1556,2/6/2019 23:11,25
1557,2/7/2019 0:11,25
1558,2/7/2019 1:11,25
1559,2/7/2019 2:11,26
1560,2/7/2019 3:11,26
1561,2/7/2019 4:11,26
1562,2/7/2019 5:11,26
1563,2/7/2019 6:11,26
1564,2/7/2019 7:11,27
1565,2/7/2019 8:11,27
1566,2/7/2019 9:11,26
1567,2/7/2019 10:11,26
1568,2/7/2019 11:11,26
1569,2/7/2019 12:11,26
1570,2/7/2019 13:11,26
1571,2/7/2019 14:11,26
1572,2/7/2019 15:11,26
1573,2/7/2019 16:11,26
1574,2/7/2019 17:11,26
1575,2/7/2019 18:11,26
1576,2/7/2019 19:11,25
1577,2/7/2019 20:11,25
1578,2/7/2019 21:11,25
1579,2/7/2019 22:11,25
1580,2/7/2019 23:11,26
1581,2/8/2019 0:11,26
1582,2/8/2019 1:11,26
1583,2/8/2019 2:11,27
1584,2/8/2019 3:11,27
1585,2/8/2019 4:11,27
1586,2/8/2019 5:11,27
1587,2/8/2019 6:11,28
1588,2/8/2019 7:11,28
1589,2/8/2019 8:11,28
1590,2/8/2019 9:11,27
1591,2/8/2019 10:11,27
1592,2/8/2019 11:11,27
1593,2/8/2019 12:11,27
1594,2/8/2019 13:11,27
1595,2/8/2019 14:11,27
1596,2/8/2019 15:11,27
1597,2/8/2019 16:11,26
1598,2/8/2019 17:11,26
1599,2/8/2019 18:11,26
1600,2/8/2019 19:11,26
1601,2/8/2019 20:11,26
1602,2/8/2019 21:11,26
1603,2/8/2019 22:11,26
1604,2/8/2019 23:11,26
1605,2/9/2019 0:11,26
1606,2/9/2019 1:11,27
1607,2/9/2019 2:11,27
1608,2/9/2019 3:11,28
1609,2/9/2019 4:11,28
1610,2/9/2019 5:11,28
1611,2/9/2019 6:11,29
1612,2/9/2019 7:11,29
1613,2/9/2019 8:11,28
1614,2/9/2019 9:11,28
1615,2/9/2019 10:11,28
1616,2/9/2019 11:11,28
1617,2/9/2019 12:11,27
1618,2/9/2019 13:11,27
1619,2/9/2019 14:11,27
1620,2/9/2019 15:11,27
1621,2/9/2019 16:11,27
1622,2/9/2019 17:11,27
1623,2/9/2019 18:11,27
1624,2/9/2019 19:11,27
1625,2/9/2019 20:11,27
1626,2/9/2019 21:11,27
1627,2/9/2019 22:11,27
1628,2/9/2019 23:11,27
1629,2/10/2019 0:11,27
1630,2/10/2019 1:11,28
1631,2/10/2019 2:11,28
1632,2/10/2019 3:11,28
1633,2/10/2019 4:11,29
1634,2/10/2019 5:11,29
1635,2/10/2019 6:11,29
1636,2/10/2019 7:11,29
1637,2/10/2019 8:11,29
1638,2/10/2019 9:11,29
1639,2/10/2019 10:11,29
1640,2/10/2019 11:11,29
1641,2/10/2019 12:11,28
1642,2/10/2019 13:11,28
1643,2/10/2019 14:11,28
1644,2/10/2019 15:11,28
1645,2/10/2019 16:11,28
1646,2/10/2019 17:11,28
1647,2/10/2019 18:11,28
1648,2/10/2019 19:11,28
1649,2/10/2019 20:11,28
1650,2/10/2019 21:11,28
1651,2/10/2019 22:11,28
1662,2/10/2019 23:11,30
1663,2/11/2019 0:11,30
1664,2/11/2019 1:11,30
1665,2/11/2019 2:11,29
1666,2/11/2019 3:11,29
1667,2/11/2019 4:11,29
1668,2/11/2019 5:11,29
1669,2/11/2019 6:11,29
1670,2/11/2019 7:11,29
1671,2/11/2019 8:11,29
1672,2/11/2019 9:11,29
1673,2/11/2019 10:11,29
1674,2/11/2019 11:11,28
1675,2/11/2019 12:11,28
1676,2/11/2019 13:11,28
1677,2/11/2019 14:11,28
1678,2/11/2019 15:11,28
1679,2/11/2019 16:11,29
1680,2/11/2019 17:11,29
1681,2/11/2019 18:11,29
1682,2/11/2019 19:11,29
1683,2/11/2019 20:11,29
1684,2/11/2019 21:11,29
1685,2/11/2019 22:11,29
1686,2/11/2019 23:11,29
1687,2/12/2019 0:11,29
1688,2/12/2019 1:11,29
1689,2/12/2019 2:11,29
1690,2/12/2019 3:11,28
1691,2/12/2019 4:11,28
1692,2/12/2019 5:11,28
1693,2/12/2019 6:11,28
1694,2/12/2019 7:11,28
1695,2/12/2019 8:11,28
1696,2/12/2019 9:11,28
1697,2/12/2019 10:11,28
1698,2/12/2019 11:11,27
1699,2/12/2019 12:11,27
1700,2/12/2019 13:11,27
1701,2/12/2019 14:11,27
1702,2/12/2019 15:11,27
1703,2/12/2019 16:11,27
1704,2/12/2019 17:11,27
1705,2/12/2019 18:11,27
1706,2/12/2019 19:11,27
1707,2/12/2019 20:11,27
1708,2/12/2019 21:11,27
1709,2/12/2019 22:11,27
1710,2/12/2019 23:11,26
1711,2/13/2019 0:11,26
1712,2/13/2019 1:11,26
1713,2/13/2019 2:11,26
1714,2/13/2019 3:11,26
1715,2/13/2019 4:11,26
1716,2/13/2019 5:11,26
1717,2/13/2019 6:11,26
1718,2/13/2019 7:11,26
1719,2/13/2019 8:11,26
1720,2/13/2019 9:11,26
1721,2/13/2019 10:11,26
1722,2/13/2019 11:11,26
1723,2/13/2019 12:11,26
1724,2/13/2019 13:11,26
1725,2/13/2019 14:11,25
1726,2/13/2019 15:11,26
1727,2/13/2019 16:11,26
1728,2/13/2019 17:11,26
1729,2/13/2019 18:11,26
1730,2/13/2019 19:11,26
1731,2/13/2019 20:11,26
1732,2/13/2019 21:11,26
1733,2/13/2019 22:11,26
1734,2/13/2019 23:11,26
1735,2/14/2019 0:11,26
1736,2/14/2019 1:11,26
1737,2/14/2019 2:11,26
1738,2/14/2019 3:11,26
1739,2/14/2019 4:11,26
1740,2/14/2019 5:11,26
1741,2/14/2019 6:11,26
1742,2/14/2019 7:11,26
1743,2/14/2019 8:11,26
1744,2/14/2019 9:11,26
1745,2/14/2019 10:11,26
1746,2/14/2019 11:11,26
1747,2/14/2019 12:11,26
1748,2/14/2019 13:11,26
1749,2/14/2019 14:11,26
1750,2/14/2019 15:11,26
1751,2/14/2019 16:11,26
1752,2/14/2019 17:11,26
1753,2/14/2019 18:11,26
1754,2/14/2019 19:11,26
1755,2/14/2019 20:11,26
1756,2/14/2019 21:11,26
1757,2/14/2019 22:11,26
1758,2/14/2019 23:11,26
1759,2/15/2019 0:11,26
1760,2/15/2019 1:11,26
1761,2/15/2019 2:11,26
1762,2/15/2019 3:11,26
1763,2/15/2019 4:11,26
1764,2/15/2019 5:11,26
1765,2/15/2019 6:11,26
1766,2/15/2019 7:11,26
1767,2/15/2019 8:11,26
1768,2/15/2019 9:11,26
1769,2/15/2019 10:11,26
1770,2/15/2019 11:11,26
1771,2/15/2019 12:11,26
1772,2/15/2019 13:11,26
1773,2/15/2019 14:11,26
1774,2/15/2019 15:11,26
1775,2/15/2019 16:11,26
1776,2/15/2019 17:11,26
1777,2/15/2019 18:11,26
1778,2/15/2019 19:11,26
1779,2/15/2019 20:11,26
1780,2/15/2019 21:11,26
1781,2/15/2019 22:11,26
1782,2/15/2019 23:11,26
1783,2/16/2019 0:11,26
1784,2/16/2019 1:11,26
1785,2/16/2019 2:11,26
1786,2/16/2019 3:11,26
1787,2/16/2019 4:11,26
1788,2/16/2019 5:11,26
1789,2/16/2019 6:11,26
1790,2/16/2019 7:11,26
1791,2/16/2019 8:11,26
1792,2/16/2019 9:11,26
1793,2/16/2019 10:11,26
1794,2/16/2019 11:11,26
1795,2/16/2019 12:11,26
1796,2/16/2019 13:11,26
1797,2/16/2019 14:11,26
1798,2/16/2019 15:11,26
1799,2/16/2019 16:11,26
1800,2/16/2019 17:11,26
1801,2/16/2019 18:11,26
1802,2/16/2019 19:11,26
1803,2/16/2019 20:11,26
1804,2/16/2019 21:11,26
1805,2/16/2019 22:11,26
1806,2/16/2019 23:11,26
1807,2/17/2019 0:11,26
1808,2/17/2019 1:11,26
1809,2/17/2019 2:11,26
1810,2/17/2019 3:11,26
1811,2/17/2019 4:11,26
1812,2/17/2019 5:11,26
1813,2/17/2019 6:11,26
1814,2/17/2019 7:11,26
1815,2/17/2019 8:11,26
1816,2/17/2019 9:11,26
1817,2/17/2019 10:11,26
1818,2/17/2019 11:11,26
1819,2/17/2019 12:11,26
1820,2/17/2019 13:11,26
1821,2/17/2019 14:11,26
1822,2/17/2019 15:11,26
1823,2/17/2019 16:11,27
1824,2/17/2019 17:11,27
1825,2/17/2019 18:11,27
1826,2/17/2019 19:11,27
1827,2/17/2019 20:11,27
1828,2/17/2019 21:11,27
1829,2/17/2019 22:11,27
1830,2/17/2019 23:11,27
1831,2/18/2019 0:11,27
1832,2/18/2019 1:11,27
1833,2/18/2019 2:11,27
1834,2/18/2019 3:11,26
1835,2/18/2019 4:11,26
1836,2/18/2019 5:11,26
1837,2/18/2019 6:11,26
1838,2/18/2019 7:11,26
1839,2/18/2019 8:11,26
1840,2/18/2019 9:11,26
1841,2/18/2019 10:11,26
1842,2/18/2019 11:11,26
1843,2/18/2019 12:11,26
1844,2/18/2019 13:11,26
1845,2/18/2019 14:11,26
1846,2/18/2019 15:11,27
1847,2/18/2019 16:11,27
1848,2/18/2019 17:11,27
1849,2/18/2019 18:11,27
1850,2/18/2019 19:11,28
1851,2/18/2019 20:11,28
1852,2/18/2019 21:11,28
1853,2/18/2019 22:11,28
1854,2/18/2019 23:11,27
1855,2/19/2019 0:11,27
1856,2/19/2019 1:11,27
1857,2/19/2019 2:11,27
1858,2/19/2019 3:11,27
1859,2/19/2019 4:11,27
1860,2/19/2019 5:11,27
1861,2/19/2019 6:11,27
1862,2/19/2019 7:11,27
1863,2/19/2019 8:11,27
1864,2/19/2019 9:11,27
1865,2/19/2019 10:11,27
1866,2/19/2019 11:11,27
1867,2/19/2019 12:11,27
1868,2/19/2019 13:11,27
1869,2/19/2019 14:11,27
1870,2/19/2019 15:11,27
1871,2/19/2019 16:11,27
1872,2/19/2019 17:11,28
1873,2/19/2019 18:11,28
1874,2/19/2019 19:11,28
1875,2/19/2019 20:11,28
1876,2/19/2019 21:11,28
1877,2/19/2019 22:11,27
1878,2/19/2019 23:11,27
1879,2/20/2019 0:11,27
1880,2/20/2019 1:11,27
1881,2/20/2019 2:11,27
1882,2/20/2019 3:11,27
1883,2/20/2019 4:11,27
1884,2/20/2019 5:11,27
1885,2/20/2019 6:11,27
1886,2/20/2019 7:11,27
1887,2/20/2019 8:11,27
1888,2/20/2019 9:11,27
1889,2/20/2019 10:11,27
1890,2/20/2019 11:11,27
1891,2/20/2019 12:11,27
1892,2/20/2019 13:11,27
1893,2/20/2019 14:11,27
1894,2/20/2019 15:11,27
1895,2/20/2019 16:11,27
1896,2/20/2019 17:11,27
1897,2/20/2019 18:11,27
1898,2/20/2019 19:11,27
1899,2/20/2019 20:11,27
1900,2/20/2019 21:11,27
1901,2/20/2019 22:11,27
1902,2/20/2019 23:11,27
1903,2/21/2019 0:11,27
1904,2/21/2019 1:11,27
1905,2/21/2019 2:11,27
1906,2/21/2019 3:11,27
1907,2/21/2019 4:11,27
1908,2/21/2019 5:11,27
1909,2/21/2019 6:11,27
1910,2/21/2019 7:11,27
1911,2/21/2019 8:11,27
1912,2/21/2019 9:11,27
1913,2/21/2019 10:11,27
1914,2/21/2019 11:11,27
1915,2/21/2019 12:11,27
1916,2/21/2019 13:11,27
1917,2/21/2019 14:11,27
1918,2/21/2019 15:11,27
1919,2/21/2019 16:11,27
1920,2/21/2019 17:11,27
1921,2/21/2019 18:11,27
1922,2/21/2019 19:11,28
1923,2/21/2019 20:11,28
1924,2/21/2019 21:11,28
1925,2/21/2019 22:11,27
1926,2/21/2019 23:11,27
1927,2/22/2019 0:11,27
1928,2/22/2019 1:11,27
1929,2/22/2019 2:11,27
1930,2/22/2019 3:11,27
1931,2/22/2019 4:11,27
1932,2/22/2019 5:11,27
1933,2/22/2019 6:11,26
1934,2/22/2019 7:11,26
1935,2/22/2019 8:11,26
1936,2/22/2019 9:11,26
1937,2/22/2019 10:11,26
1938,2/22/2019 11:11,26
1939,2/22/2019 12:11,26
1940,2/22/2019 13:11,26
1941,2/22/2019 14:11,26
1942,2/22/2019 15:11,27
1943,2/22/2019 16:11,27
1944,2/22/2019 17:11,27
1945,2/22/2019 18:11,28
1946,2/22/2019 19:11,28
1947,2/22/2019 20:11,28
1948,2/22/2019 21:11,28
1949,2/22/2019 22:11,28
1950,2/22/2019 23:11,28
1951,2/23/2019 0:11,28
1952,2/23/2019 1:11,28
1953,2/23/2019 2:11,28
1954,2/23/2019 3:11,27
1955,2/23/2019 4:11,27
1956,2/23/2019 5:11,27
1957,2/23/2019 6:11,27
1958,2/23/2019 7:11,27
1959,2/23/2019 8:11,27
1960,2/23/2019 9:11,27
1961,2/23/2019 10:11,27
1962,2/23/2019 11:11,27
1963,2/23/2019 12:11,27
1964,2/23/2019 13:11,27
1965,2/23/2019 14:11,27
1966,2/23/2019 15:11,28
1967,2/23/2019 16:11,28
1968,2/23/2019 17:11,29
1969,2/23/2019 18:11,29
1970,2/23/2019 19:11,29
1971,2/23/2019 20:11,29
1972,2/23/2019 21:11,28
1973,2/23/2019 22:11,28
1974,2/23/2019 23:11,28
1975,2/24/2019 0:11,28
1976,2/24/2019 1:11,28
1977,2/24/2019 2:11,28
1978,2/24/2019 3:11,28
1979,2/24/2019 4:11,27
1980,2/24/2019 5:11,27
1981,2/24/2019 6:11,27
1982,2/24/2019 7:11,27
1983,2/24/2019 8:11,27
1984,2/24/2019 9:11,27
1985,2/24/2019 10:11,27
1986,2/24/2019 11:11,27
1987,2/24/2019 12:11,27
1988,2/24/2019 13:11,28
1989,2/24/2019 14:11,31
1996,2/24/2019 15:11,30
1997,2/24/2019 16:11,30
1998,2/24/2019 17:11,30
1999,2/24/2019 18:11,29
2000,2/24/2019 19:11,29
2001,2/24/2019 20:11,29
2002,2/24/2019 21:11,28
2003,2/24/2019 22:11,28
2004,2/24/2019 23:11,27
2005,2/25/2019 0:11,27
2006,2/25/2019 1:11,27
2007,2/25/2019 2:11,27
2008,2/25/2019 3:11,26
2009,2/25/2019 4:11,26
2010,2/25/2019 5:11,26
2011,2/25/2019 6:11,26
2012,2/25/2019 7:11,26
2013,2/25/2019 8:11,26
2014,2/25/2019 9:11,26
2015,2/25/2019 10:11,26
2016,2/25/2019 11:11,27
2017,2/25/2019 12:11,27
2018,2/25/2019 13:11,27
2019,2/25/2019 14:11,27
2020,2/25/2019 15:11,26
2021,2/25/2019 16:11,26
2022,2/25/2019 17:11,26
2023,2/25/2019 18:11,26
2024,2/25/2019 19:11,26
2025,2/25/2019 20:11,25
2026,2/25/2019 21:11,25
2027,2/25/2019 22:11,25
2028,2/25/2019 23:11,25
2029,2/26/2019 0:11,25
2030,2/26/2019 1:11,25
2031,2/26/2019 2:11,25
2032,2/26/2019 3:11,25
2033,2/26/2019 4:11,25
2034,2/26/2019 5:11,25
2035,2/26/2019 6:11,25
2036,2/26/2019 7:11,26
2037,2/26/2019 8:11,26
2038,2/26/2019 9:11,26
2039,2/26/2019 10:11,26
2040,2/26/2019 11:11,27
2041,2/26/2019 12:11,27
2042,2/26/2019 13:11,27
2043,2/26/2019 14:11,27
2044,2/26/2019 15:11,27
2045,2/26/2019 16:11,27
2046,2/26/2019 17:11,26
2047,2/26/2019 18:11,26
2048,2/26/2019 19:11,26
2049,2/26/2019 20:11,26
2050,2/26/2019 21:11,26
2051,2/26/2019 22:11,26
2052,2/26/2019 23:11,26
2053,2/27/2019 0:11,26
2054,2/27/2019 1:11,26
2055,2/27/2019 2:11,26
2056,2/27/2019 3:11,26
2057,2/27/2019 4:11,26
2058,2/27/2019 5:11,26
2059,2/27/2019 6:11,26
2060,2/27/2019 7:11,26
2061,2/27/2019 8:11,26
2062,2/27/2019 9:11,26
2063,2/27/2019 10:11,26
2064,2/27/2019 11:11,26
2065,2/27/2019 12:11,26
2066,2/27/2019 13:11,26
2067,2/27/2019 14:11,26
2068,2/27/2019 15:11,26
2069,2/27/2019 16:11,26
2070,2/27/2019 17:11,26
2071,2/27/2019 18:11,26
2072,2/27/2019 19:11,26
2073,2/27/2019 20:11,26
2074,2/27/2019 21:11,26
2075,2/27/2019 22:11,25
2076,2/27/2019 23:11,25
2077,2/28/2019 0:11,25
2078,2/28/2019 1:11,25
2079,2/28/2019 2:11,25
2080,2/28/2019 3:11,25
2081,2/28/2019 4:11,25
2082,2/28/2019 5:11,25
2083,2/28/2019 6:11,25
2084,2/28/2019 7:11,25
2085,2/28/2019 8:11,26
2086,2/28/2019 9:11,26
2087,2/28/2019 10:11,26
2088,2/28/2019 11:11,26
2089,2/28/2019 12:11,26
2090,2/28/2019 13:11,26
2091,2/28/2019 14:11,26
2092,2/28/2019 15:11,26
2093,2/28/2019 16:11,26
2094,2/28/2019 17:11,26
2095,2/28/2019 18:11,25
2096,2/28/2019 19:11,25
2097,2/28/2019 20:11,25
2098,2/28/2019 21:11,25
2099,2/28/2019 22:11,25
2100,2/28/2019 23:11,25
2101,3/1/2019 0:11,25
2102,3/1/2019 1:11,25
2103,3/1/2019 2:11,25
2104,3/1/2019 3:11,25
2105,3/1/2019 4:11,25
2106,3/1/2019 5:11,25
2107,3/1/2019 6:11,25
2108,3/1/2019 7:11,25
2109,3/1/2019 8:11,25
2110,3/1/2019 9:11,26
2111,3/1/2019 10:11,26
2112,3/1/2019 11:11,26
2113,3/1/2019 12:11,27
2114,3/1/2019 13:11,27
2115,3/1/2019 14:11,27
2116,3/1/2019 15:11,27
2117,3/1/2019 16:11,27
2118,3/1/2019 17:11,27
2119,3/1/2019 18:11,26
2120,3/1/2019 19:11,26
2121,3/1/2019 20:11,26
2122,3/1/2019 21:11,26
2123,3/1/2019 22:11,26
2124,3/1/2019 23:11,26
2125,3/2/2019 0:11,26
2126,3/2/2019 1:11,26
2127,3/2/2019 2:11,26
2128,3/2/2019 3:11,26
2129,3/2/2019 4:11,26
2130,3/2/2019 5:11,26
2131,3/2/2019 6:11,26
2132,3/2/2019 7:11,26
2133,3/2/2019 8:11,26
2134,3/2/2019 9:11,26
2135,3/2/2019 10:11,27
2136,3/2/2019 11:11,27
2137,3/2/2019 12:11,27
2138,3/2/2019 13:11,27
2139,3/2/2019 14:11,27
2140,3/2/2019 15:11,27
2141,3/2/2019 16:11,27
2142,3/2/2019 17:11,27
2143,3/2/2019 18:11,26
2144,3/2/2019 19:11,26
2145,3/2/2019 20:11,26
2146,3/2/2019 21:11,26
2147,3/2/2019 22:11,25
2148,3/2/2019 23:11,26
2149,3/3/2019 0:11,26
2150,3/3/2019 1:11,25
2151,3/3/2019 2:11,25
2152,3/3/2019 3:11,25
2153,3/3/2019 4:11,25
2154,3/3/2019 5:11,25
2155,3/3/2019 6:11,25
2156,3/3/2019 7:11,26
2157,3/3/2019 8:11,26
2158,3/3/2019 9:11,26
2159,3/3/2019 10:11,26
2160,3/3/2019 11:11,26
2161,3/3/2019 12:11,26
2162,3/3/2019 13:11,27
2163,3/3/2019 14:11,27
2164,3/3/2019 15:11,27
2165,3/3/2019 16:11,26
2166,3/3/2019 17:11,26
2167,3/3/2019 18:11,26
2168,3/3/2019 19:11,26
2169,3/3/2019 20:11,26
2170,3/3/2019 21:11,26
2171,3/3/2019 22:11,26
2172,3/3/2019 23:11,26
2173,3/4/2019 0:11,26
2174,3/4/2019 1:11,26
2175,3/4/2019 2:11,26
2176,3/4/2019 3:11,26
2177,3/4/2019 4:11,26
2178,3/4/2019 5:11,26
2179,3/4/2019 6:11,26
2180,3/4/2019 7:11,26
2181,3/4/2019 8:11,26
2182,3/4/2019 9:11,27
2183,3/4/2019 10:11,27
2184,3/4/2019 11:11,28
2185,3/4/2019 12:11,28
2186,3/4/2019 13:11,28
2187,3/4/2019 14:11,28
2188,3/4/2019 15:11,28
2189,3/4/2019 16:11,28
2190,3/4/2019 17:11,28
2191,3/4/2019 18:11,28
2192,3/4/2019 19:11,28
2193,3/4/2019 20:11,27
2194,3/4/2019 21:11,27
2195,3/4/2019 22:11,27
2196,3/4/2019 23:11,27
2197,3/5/2019 0:11,27
2198,3/5/2019 1:11,27
2199,3/5/2019 2:11,26
2200,3/5/2019 3:11,26
2201,3/5/2019 4:11,26
2202,3/5/2019 5:11,26
2203,3/5/2019 6:11,26
2204,3/5/2019 7:11,26
2205,3/5/2019 8:11,27
2206,3/5/2019 9:11,27
2207,3/5/2019 10:11,28
2208,3/5/2019 11:11,28
2209,3/5/2019 12:11,29
2210,3/5/2019 13:11,29
2211,3/5/2019 14:11,29
2212,3/5/2019 15:11,29
2213,3/5/2019 16:11,29
2214,3/5/2019 17:11,29
2215,3/5/2019 18:11,28
2216,3/5/2019 19:11,28
2217,3/5/2019 20:11,28
2218,3/5/2019 21:11,28
2219,3/5/2019 22:11,28
2220,3/5/2019 23:11,28
2221,3/6/2019 0:11,28
2222,3/6/2019 1:11,28
2223,3/6/2019 2:11,28
2224,3/6/2019 3:11,28
2225,3/6/2019 4:11,27
2226,3/6/2019 5:11,27
2227,3/6/2019 6:11,27
2228,3/6/2019 7:11,28
2229,3/6/2019 8:11,28
2230,3/6/2019 9:11,28
2231,3/6/2019 10:11,29
2232,3/6/2019 11:11,29
2233,3/6/2019 12:11,29
2234,3/6/2019 13:11,30
2235,3/6/2019 14:11,30
2236,3/6/2019 15:11,29
2237,3/6/2019 16:11,28
2238,3/6/2019 17:11,28
2239,3/6/2019 18:11,28
2240,3/6/2019 19:11,28
2241,3/6/2019 20:11,27
2242,3/6/2019 21:11,27
2243,3/6/2019 22:11,27
2244,3/6/2019 23:11,27
2245,3/7/2019 0:11,27
2246,3/7/2019 1:11,27
2247,3/7/2019 2:11,26
2248,3/7/2019 3:11,26
2249,3/7/2019 4:11,26
2250,3/7/2019 5:11,26
2251,3/7/2019 6:11,26
2252,3/7/2019 7:11,27
2253,3/7/2019 8:11,27
2254,3/7/2019 9:11,27
2255,3/7/2019 10:11,28
2256,3/7/2019 11:11,28
2257,3/7/2019 12:11,29
2258,3/7/2019 13:11,29
2259,3/7/2019 14:11,30
2260,3/7/2019 15:11,29
2261,3/7/2019 16:11,29
2262,3/7/2019 17:11,29
2263,3/7/2019 18:11,29
2264,3/7/2019 19:11,29
2265,3/7/2019 20:11,29
2266,3/7/2019 21:11,29
2267,3/7/2019 22:11,28
2268,3/7/2019 23:11,28
2269,3/8/2019 0:11,28
2270,3/8/2019 1:11,28
2271,3/8/2019 2:11,27
2272,3/8/2019 3:11,27
2273,3/8/2019 4:11,27
2274,3/8/2019 5:11,27
2275,3/8/2019 6:11,27
2276,3/8/2019 7:11,28
2277,3/8/2019 8:11,28
2278,3/8/2019 9:11,29
2279,3/8/2019 10:11,29
2280,3/8/2019 11:11,30
2281,3/8/2019 12:11,30
2282,3/8/2019 13:11,30
2283,3/8/2019 14:11,30
2284,3/8/2019 15:11,30
2285,3/8/2019 16:11,30
2286,3/8/2019 17:11,30
2287,3/8/2019 18:11,30
2288,3/8/2019 19:11,29
2289,3/8/2019 20:11,29
2290,3/8/2019 21:11,29
2291,3/8/2019 22:11,29
2292,3/8/2019 23:11,29
2293,3/9/2019 0:11,29
2294,3/9/2019 1:11,28
2295,3/9/2019 2:11,28
2296,3/9/2019 3:11,27
2297,3/9/2019 4:11,27
2298,3/9/2019 5:11,27
2299,3/9/2019 6:11,27
2300,3/9/2019 7:11,27
2301,3/9/2019 8:11,27
2302,3/9/2019 9:11,27
2303,3/9/2019 10:11,28
2304,3/9/2019 11:11,28
2305,3/9/2019 12:11,28
2306,3/9/2019 13:11,28
2307,3/9/2019 14:11,28
2308,3/9/2019 15:11,28
2309,3/9/2019 16:11,27
2310,3/9/2019 17:11,27
2311,3/9/2019 18:11,27
2312,3/9/2019 19:11,27
2313,3/9/2019 20:11,27
2314,3/9/2019 21:11,27
2315,3/9/2019 22:11,27
2316,3/9/2019 23:11,26
2317,3/10/2019 0:11,26
2318,3/10/2019 1:11,26
2319,3/10/2019 2:11,26
2320,3/10/2019 3:11,26
2321,3/10/2019 4:11,26
2322,3/10/2019 5:11,26
2323,3/10/2019 6:11,26
2324,3/10/2019 7:11,26
2325,3/10/2019 8:11,25
2326,3/10/2019 9:11,27
2327,3/10/2019 10:11,29
2328,3/10/2019 11:11,28
2329,3/10/2019 12:11,26
2330,3/10/2019 13:11,26
2331,3/10/2019 14:11,26
2332,3/10/2019 15:11,26
2333,3/10/2019 16:11,26
2334,3/10/2019 17:11,26
2335,3/10/2019 18:11,26
2336,3/10/2019 19:11,26
2337,3/10/2019 20:11,26
2338,3/10/2019 21:11,26
2339,3/10/2019 22:11,26
2340,3/10/2019 23:11,26
2341,3/11/2019 0:11,26
2342,3/11/2019 1:11,25
2343,3/11/2019 2:11,25
2344,3/11/2019 3:11,25
2345,3/11/2019 4:11,25
2346,3/11/2019 5:11,25
2347,3/11/2019 6:11,26
2348,3/11/2019 7:11,26
2349,3/11/2019 8:11,26
2350,3/11/2019 9:11,26
2351,3/11/2019 10:11,27
2352,3/11/2019 11:11,27
2353,3/11/2019 12:11,27
2354,3/11/2019 13:11,27
2355,3/11/2019 14:11,27
2356,3/11/2019 15:11,27
2357,3/11/2019 16:11,27
2358,3/11/2019 17:11,27
2359,3/11/2019 18:11,27
2360,3/11/2019 19:11,27
2361,3/11/2019 20:11,27
2362,3/11/2019 21:11,26
2363,3/11/2019 22:11,26
2364,3/11/2019 23:11,26
2365,3/12/2019 0:11,26
2366,3/12/2019 1:11,26
2367,3/12/2019 2:11,26
2368,3/12/2019 3:11,26
2369,3/12/2019 4:11,26
2370,3/12/2019 5:11,26
2371,3/12/2019 6:11,26
2372,3/12/2019 7:11,27
2373,3/12/2019 8:11,27
2374,3/12/2019 9:11,27
2375,3/12/2019 10:11,27
2376,3/12/2019 11:11,28
2377,3/12/2019 12:11,28
2378,3/12/2019 13:11,28
2379,3/12/2019 14:11,28
2380,3/12/2019 15:11,27
2381,3/12/2019 16:11,27
2382,3/12/2019 17:11,27
2383,3/12/2019 18:11,27
2384,3/12/2019 19:11,27
2385,3/12/2019 20:11,27
2386,3/12/2019 21:11,27
2387,3/12/2019 22:11,27
2388,3/12/2019 23:11,26
2389,3/13/2019 0:11,26
2390,3/13/2019 1:11,26
2391,3/13/2019 2:11,26
2392,3/13/2019 3:11,26
2393,3/13/2019 4:11,26
2394,3/13/2019 5:11,26
2395,3/13/2019 6:11,26
2396,3/13/2019 7:11,26
2397,3/13/2019 8:11,27
2398,3/13/2019 9:11,27
2399,3/13/2019 10:11,27
2400,3/13/2019 11:11,27
2401,3/13/2019 12:11,27
2402,3/13/2019 13:11,27
2403,3/13/2019 14:11,27
2404,3/13/2019 15:11,27
2405,3/13/2019 16:11,27
2406,3/13/2019 17:11,27
2407,3/13/2019 18:11,27
2408,3/13/2019 19:11,27
2409,3/13/2019 20:11,27
2410,3/13/2019 21:11,27
2411,3/13/2019 22:11,27
2412,3/13/2019 23:11,27
2413,3/14/2019 0:11,27
2414,3/14/2019 1:11,27
2415,3/14/2019 2:11,27
2416,3/14/2019 3:11,26
2417,3/14/2019 4:11,26
2418,3/14/2019 5:11,27
2419,3/14/2019 6:11,26
2420,3/14/2019 7:11,27
2421,3/14/2019 8:11,27
2422,3/14/2019 9:11,27
2423,3/14/2019 10:11,27
2424,3/14/2019 11:11,28
2425,3/14/2019 12:11,28
2426,3/14/2019 13:11,28
2427,3/14/2019 14:11,27
2428,3/14/2019 15:11,27
2429,3/14/2019 16:11,27
2430,3/14/2019 17:11,27
2431,3/14/2019 18:11,27
2432,3/14/2019 19:11,27
2433,3/14/2019 20:11,27
2434,3/14/2019 21:11,26
2435,3/14/2019 22:11,26
2436,3/14/2019 23:11,26
2437,3/15/2019 0:11,26
2438,3/15/2019 1:11,26
2439,3/15/2019 2:11,26
2440,3/15/2019 3:11,26
2441,3/15/2019 4:11,26
2442,3/15/2019 5:11,26
2443,3/15/2019 6:11,26
2444,3/15/2019 7:11,26
2445,3/15/2019 8:11,27
2446,3/15/2019 9:11,27
2447,3/15/2019 10:11,27
2448,3/15/2019 11:11,28
2449,3/15/2019 12:11,28
2450,3/15/2019 13:11,28
2451,3/15/2019 14:11,28
2452,3/15/2019 15:11,27
2453,3/15/2019 16:11,27
2454,3/15/2019 17:11,27
2455,3/15/2019 18:11,27
2456,3/15/2019 19:11,27
2457,3/15/2019 20:11,27
2458,3/15/2019 21:11,26
2459,3/15/2019 22:11,26
2460,3/15/2019 23:11,26
2461,3/16/2019 0:11,26
2462,3/16/2019 1:11,26
2463,3/16/2019 2:11,26
2464,3/16/2019 3:11,26
2465,3/16/2019 4:11,26
2466,3/16/2019 5:11,26
2467,3/16/2019 6:11,26
2468,3/16/2019 7:11,26
2469,3/16/2019 8:11,27
2470,3/16/2019 9:11,27
2471,3/16/2019 10:11,27
2472,3/16/2019 11:11,28
2473,3/16/2019 12:11,28
2474,3/16/2019 13:11,28
2475,3/16/2019 14:11,28
2476,3/16/2019 15:11,27
2477,3/16/2019 16:11,27
2478,3/16/2019 17:11,27
2479,3/16/2019 18:11,27
2480,3/16/2019 19:11,27
2481,3/16/2019 20:11,27
2482,3/16/2019 21:11,27
2483,3/16/2019 22:11,27
2484,3/16/2019 23:11,27
2485,3/17/2019 0:11,27
2486,3/17/2019 1:11,27
2487,3/17/2019 2:11,27
2488,3/17/2019 3:11,27
2489,3/17/2019 4:11,27
2490,3/17/2019 5:11,27
2491,3/17/2019 6:11,27
2492,3/17/2019 7:11,27
2493,3/17/2019 8:11,27
2494,3/17/2019 9:11,28
2495,3/17/2019 10:11,28
2496,3/17/2019 11:11,28
2497,3/17/2019 12:11,28
2498,3/17/2019 13:11,28
2499,3/17/2019 14:11,28
2500,3/17/2019 15:11,28
2501,3/17/2019 16:11,28
2502,3/17/2019 17:11,28
2503,3/17/2019 18:11,28
2504,3/17/2019 19:11,28
2505,3/17/2019 20:11,28
2506,3/17/2019 21:11,28
2507,3/17/2019 22:11,28
2508,3/17/2019 23:11,28
2509,3/18/2019 0:11,27
2510,3/18/2019 1:11,27
2511,3/18/2019 2:11,27
2512,3/18/2019 3:11,27
2513,3/18/2019 4:11,27
2514,3/18/2019 5:11,27
2515,3/18/2019 6:11,27
2516,3/18/2019 7:11,28
2517,3/18/2019 8:11,28
2518,3/18/2019 9:11,28
2519,3/18/2019 10:11,29
2520,3/18/2019 11:11,29
2521,3/18/2019 12:11,29
2522,3/18/2019 13:11,29
2523,3/18/2019 14:11,28
2524,3/18/2019 15:11,28
2525,3/18/2019 16:11,28
2526,3/18/2019 17:11,28
2527,3/18/2019 18:11,28
2528,3/18/2019 19:11,28
2529,3/18/2019 20:11,28
2530,3/18/2019 21:11,27
2531,3/18/2019 22:11,27
2532,3/18/2019 23:11,27
2533,3/19/2019 0:11,27
2534,3/19/2019 1:11,27
2535,3/19/2019 2:11,27
2536,3/19/2019 3:11,27
2537,3/19/2019 4:11,27
2538,3/19/2019 5:11,27
2539,3/19/2019 6:11,27
2540,3/19/2019 7:11,27
2541,3/19/2019 8:11,27
2542,3/19/2019 9:11,27
2543,3/19/2019 10:11,28
2544,3/19/2019 11:11,28
2545,3/19/2019 12:11,28
2546,3/19/2019 13:11,28
2547,3/19/2019 14:11,27
2548,3/19/2019 15:11,27
2549,3/19/2019 16:11,27
2550,3/19/2019 17:11,27
2551,3/19/2019 18:11,27
2552,3/19/2019 19:11,27
2553,3/19/2019 20:11,27
2554,3/19/2019 21:11,26
2555,3/19/2019 22:11,26
2556,3/19/2019 23:11,26
2557,3/20/2019 0:11,26
2558,3/20/2019 1:11,26
2559,3/20/2019 2:11,26
2560,3/20/2019 3:11,26
2561,3/20/2019 4:11,26
2562,3/20/2019 5:11,26
2563,3/20/2019 6:11,26
2564,3/20/2019 7:11,26
2565,3/20/2019 8:11,25
2566,3/20/2019 9:11,25
2567,3/20/2019 10:11,25
2568,3/20/2019 11:11,25
2569,3/20/2019 12:11,25
2570,3/20/2019 13:11,25
2571,3/20/2019 14:11,25
2572,3/20/2019 15:11,25
2573,3/20/2019 16:11,25
2574,3/20/2019 17:11,24
2575,3/20/2019 18:11,24
2576,3/20/2019 19:11,24
2577,3/20/2019 20:11,24
2578,3/20/2019 21:11,24
2579,3/20/2019 22:11,24
2580,3/20/2019 23:11,24
2581,3/21/2019 0:11,24
2582,3/21/2019 1:11,24
2583,3/21/2019 2:11,24
2584,3/21/2019 3:11,24
2585,3/21/2019 4:11,24
2586,3/21/2019 5:11,24
2587,3/21/2019 6:11,24
2588,3/21/2019 7:11,24
2589,3/21/2019 8:11,24
2590,3/21/2019 9:11,24
2591,3/21/2019 10:11,24
2592,3/21/2019 11:11,24
2593,3/21/2019 12:11,24
2594,3/21/2019 13:11,24
2595,3/21/2019 14:11,24
2596,3/21/2019 15:11,24
2597,3/21/2019 16:11,24
2598,3/21/2019 17:11,24
2599,3/21/2019 18:11,24
2600,3/21/2019 19:11,24
2601,3/21/2019 20:11,24
2602,3/21/2019 21:11,24
2603,3/21/2019 22:11,24
2604,3/21/2019 23:11,24
2605,3/22/2019 0:11,24
2606,3/22/2019 1:11,24
2607,3/22/2019 2:11,24
2608,3/22/2019 3:11,24
2609,3/22/2019 4:11,24
2610,3/22/2019 5:11,24
2611,3/22/2019 6:11,24
2612,3/22/2019 7:11,24
2613,3/22/2019 8:11,25
2614,3/22/2019 9:11,25
2615,3/22/2019 10:11,25
2616,3/22/2019 11:11,26
2617,3/22/2019 12:11,26
2618,3/22/2019 13:11,26
2619,3/22/2019 14:11,26
2620,3/22/2019 15:11,26
2621,3/22/2019 16:11,26
2622,3/22/2019 17:11,25
2623,3/22/2019 18:11,25
2624,3/22/2019 19:11,25
2625,3/22/2019 20:11,25
2626,3/22/2019 21:11,25
2627,3/22/2019 22:11,25
2628,3/22/2019 23:11,25
2629,3/23/2019 0:11,25
2630,3/23/2019 1:11,25
2631,3/23/2019 2:11,25
2632,3/23/2019 3:11,25
2633,3/23/2019 4:11,25
2634,3/23/2019 5:11,25
2635,3/23/2019 6:11,25
2636,3/23/2019 7:11,25
2637,3/23/2019 8:11,26
2638,3/23/2019 9:11,26
2639,3/23/2019 10:11,26
2640,3/23/2019 11:11,26
2641,3/23/2019 12:11,26
2642,3/23/2019 13:11,26
2643,3/23/2019 14:11,26
2644,3/23/2019 15:11,26
2645,3/23/2019 16:11,26
2646,3/23/2019 17:11,26
2647,3/23/2019 18:11,26
2648,3/23/2019 19:11,26
2649,3/23/2019 20:11,26
2650,3/23/2019 21:11,26
2651,3/23/2019 22:11,26
2652,3/23/2019 23:11,26
2653,3/24/2019 0:11,26
2654,3/24/2019 1:11,26
2655,3/24/2019 2:11,26
2656,3/24/2019 3:11,26
2657,3/24/2019 4:11,25
2658,3/24/2019 5:11,25
2659,3/24/2019 6:11,26
2665,3/24/2019 7:11,29
2666,3/24/2019 8:11,28
2667,3/24/2019 9:11,28
2668,3/24/2019 10:11,27
2669,3/24/2019 11:11,27
2670,3/24/2019 12:11,27
2671,3/24/2019 13:11,27
2672,3/24/2019 14:11,26
2673,3/24/2019 15:11,26
2674,3/24/2019 16:11,26
2675,3/24/2019 17:11,26
2676,3/24/2019 18:11,25
2677,3/24/2019 19:11,25
2678,3/24/2019 20:11,25
2679,3/24/2019 21:11,25
2680,3/24/2019 22:11,25
2681,3/24/2019 23:11,25
2682,3/25/2019 0:11,25
2683,3/25/2019 1:11,26
2684,3/25/2019 2:11,28
2685,3/25/2019 3:11,30
2686,3/25/2019 4:11,30
2687,3/25/2019 5:11,30
2688,3/25/2019 6:11,30
2689,3/25/2019 7:11,29
2690,3/25/2019 8:11,28
2691,3/25/2019 9:11,28
2692,3/25/2019 10:11,27
2693,3/25/2019 11:11,26
2694,3/25/2019 12:11,26
2695,3/25/2019 13:11,26
2696,3/25/2019 14:11,26
2697,3/25/2019 15:11,26
2698,3/25/2019 16:11,26
2699,3/25/2019 17:11,26
2700,3/25/2019 18:11,25
2701,3/25/2019 19:11,26
2702,3/25/2019 20:11,25
2703,3/25/2019 21:11,25
2704,3/25/2019 22:11,25
2705,3/25/2019 23:11,25
2706,3/26/2019 0:11,26
2707,3/26/2019 1:11,26
2708,3/26/2019 2:11,28
2709,3/26/2019 3:11,29
2710,3/26/2019 4:11,30
2711,3/26/2019 5:11,30
2712,3/26/2019 6:11,30
2713,3/26/2019 7:11,28
2714,3/26/2019 8:11,28
2715,3/26/2019 9:11,27
2716,3/26/2019 10:11,27
2717,3/26/2019 11:11,27
2718,3/26/2019 12:11,27
2719,3/26/2019 13:11,26
2720,3/26/2019 14:11,26
2721,3/26/2019 15:11,26
2722,3/26/2019 16:11,25
2723,3/26/2019 17:11,25
2724,3/26/2019 18:11,25
2725,3/26/2019 19:11,25
2726,3/26/2019 20:11,25
2727,3/26/2019 21:11,25
2728,3/26/2019 22:11,25
2729,3/26/2019 23:11,25
2730,3/27/2019 0:11,25
2731,3/27/2019 1:11,25
2732,3/27/2019 2:11,25
2733,3/27/2019 3:11,25
2734,3/27/2019 4:11,25
2735,3/27/2019 5:11,25
2736,3/27/2019 6:11,25
2737,3/27/2019 7:11,25
2738,3/27/2019 8:11,24
2739,3/27/2019 9:11,24
2740,3/27/2019 10:11,24
2741,3/27/2019 11:11,24
2742,3/27/2019 12:11,24
2743,3/27/2019 13:11,24
2744,3/27/2019 14:11,24
2745,3/27/2019 15:11,24
2746,3/27/2019 16:11,24
2747,3/27/2019 17:11,24
2748,3/27/2019 18:11,24
2749,3/27/2019 19:11,24
2750,3/27/2019 20:11,24
2751,3/27/2019 21:11,24
2752,3/27/2019 22:11,24
2753,3/27/2019 23:11,24
2754,3/28/2019 0:11,24
2755,3/28/2019 1:11,24
2756,3/28/2019 2:11,24
2757,3/28/2019 3:11,24
2758,3/28/2019 4:11,25
2759,3/28/2019 5:11,25
2760,3/28/2019 6:11,24
2761,3/28/2019 7:11,24
2762,3/28/2019 8:11,24
2763,3/28/2019 9:11,24
2764,3/28/2019 10:11,24
2765,3/28/2019 11:11,24
2766,3/28/2019 12:11,24
2767,3/28/2019 13:11,24
2768,3/28/2019 14:11,24
2769,3/28/2019 15:11,24
2770,3/28/2019 16:11,24
2771,3/28/2019 17:11,24
2772,3/28/2019 18:11,24
2773,3/28/2019 19:11,24
2774,3/28/2019 20:11,24
2775,3/28/2019 21:11,23
2776,3/28/2019 22:11,23
2777,3/28/2019 23:11,23
2778,3/29/2019 0:11,23
2779,3/29/2019 1:11,24
2780,3/29/2019 2:11,24
2781,3/29/2019 3:11,24
2782,3/29/2019 4:11,25
2783,3/29/2019 5:11,25
2784,3/29/2019 6:11,25
2785,3/29/2019 7:11,25
2786,3/29/2019 8:11,25
2787,3/29/2019 9:11,25
2788,3/29/2019 10:11,25
2789,3/29/2019 11:11,25
2790,3/29/2019 12:11,25
2791,3/29/2019 13:11,25
2792,3/29/2019 14:11,25
2793,3/29/2019 15:11,25
2794,3/29/2019 16:11,25
2795,3/29/2019 17:11,25
2796,3/29/2019 18:11,25
2797,3/29/2019 19:11,24
2798,3/29/2019 20:11,24
2799,3/29/2019 21:11,24
2800,3/29/2019 22:11,24
2801,3/29/2019 23:11,24
2802,3/30/2019 0:11,24
2803,3/30/2019 1:11,24
2804,3/30/2019 2:11,25
2805,3/30/2019 3:11,25
2806,3/30/2019 4:11,25
2807,3/30/2019 5:11,25
2808,3/30/2019 6:11,25
2809,3/30/2019 7:11,25
2810,3/30/2019 8:11,25
2811,3/30/2019 9:11,25
2812,3/30/2019 10:11,25
2813,3/30/2019 11:11,25
2814,3/30/2019 12:11,25
2815,3/30/2019 13:11,25
2816,3/30/2019 14:11,25
2817,3/30/2019 15:11,25
2818,3/30/2019 16:11,25
2819,3/30/2019 17:11,25
2820,3/30/2019 18:11,25
2821,3/30/2019 19:11,25
2822,3/30/2019 20:11,25
2823,3/30/2019 21:11,25
2824,3/30/2019 22:11,24
2825,3/30/2019 23:11,24
2826,3/31/2019 0:11,25
2827,3/31/2019 1:11,25
2828,3/31/2019 2:11,25
2829,3/31/2019 3:11,25
2830,3/31/2019 4:11,26
2831,3/31/2019 5:11,26
2832,3/31/2019 6:11,26
2833,3/31/2019 7:11,26
2834,3/31/2019 8:11,25
2835,3/31/2019 9:11,25
2836,3/31/2019 10:11,25
2837,3/31/2019 11:11,25
2838,3/31/2019 12:11,25
2839,3/31/2019 13:11,25
2840,3/31/2019 14:11,24
2841,3/31/2019 15:11,24
2842,3/31/2019 16:11,24
2843,3/31/2019 17:11,24
2844,3/31/2019 18:11,24
2845,3/31/2019 19:11,24
2846,3/31/2019 20:11,24
2847,3/31/2019 21:11,23
2848,3/31/2019 22:11,23
2849,3/31/2019 23:11,23
2850,4/1/2019 0:11,23
2851,4/1/2019 1:11,24
2852,4/1/2019 2:11,24
2853,4/1/2019 3:11,25
2854,4/1/2019 4:11,25
2855,4/1/2019 5:11,25
2856,4/1/2019 6:11,25
2857,4/1/2019 7:11,25
2858,4/1/2019 8:11,25
2859,4/1/2019 9:11,25
2860,4/1/2019 10:11,25
2861,4/1/2019 11:11,25
2862,4/1/2019 12:11,25
2863,4/1/2019 13:11,25
2864,4/1/2019 14:11,25
2865,4/1/2019 15:11,24
2866,4/1/2019 16:11,25
2867,4/1/2019 17:11,25
2868,4/1/2019 18:11,25
2869,4/1/2019 19:11,25
2870,4/1/2019 20:11,24
2871,4/1/2019 21:11,24
2872,4/1/2019 22:11,24
2873,4/1/2019 23:11,24
2874,4/2/2019 0:11,24
2875,4/2/2019 1:11,25
2876,4/2/2019 2:11,26
2877,4/2/2019 3:11,27
2878,4/2/2019 4:11,28
2879,4/2/2019 5:11,28
2880,4/2/2019 6:11,27
2881,4/2/2019 7:11,26
2882,4/2/2019 8:11,26
2883,4/2/2019 9:11,26
2884,4/2/2019 10:11,26
2885,4/2/2019 11:11,26
2886,4/2/2019 12:11,26
2887,4/2/2019 13:11,25
2888,4/2/2019 14:11,25
2889,4/2/2019 15:11,25
2890,4/2/2019 16:11,25
2891,4/2/2019 17:11,25
2892,4/2/2019 18:11,25
2893,4/2/2019 19:11,25
2894,4/2/2019 20:11,24
2895,4/2/2019 21:11,24
2896,4/2/2019 22:11,24
2897,4/2/2019 23:11,24
2898,4/3/2019 0:11,24
2899,4/3/2019 1:11,25
2900,4/3/2019 2:11,26
2901,4/3/2019 3:11,26
2902,4/3/2019 4:11,27
2903,4/3/2019 5:11,27
2904,4/3/2019 6:11,27
2905,4/3/2019 7:11,27
2906,4/3/2019 8:11,27
2907,4/3/2019 9:11,27
2908,4/3/2019 10:11,26
2909,4/3/2019 11:11,26
2910,4/3/2019 12:11,26
2911,4/3/2019 13:11,26
2912,4/3/2019 14:11,26
2913,4/3/2019 15:11,26
2914,4/3/2019 16:11,26
2915,4/3/2019 17:11,26
2916,4/3/2019 18:11,26
2917,4/3/2019 19:11,26
2918,4/3/2019 20:11,26
2919,4/3/2019 21:11,26
2920,4/3/2019 22:11,26
2921,4/3/2019 23:11,26
2922,4/4/2019 0:11,26
2923,4/4/2019 1:11,26
2924,4/4/2019 2:11,26
2925,4/4/2019 3:11,27
2926,4/4/2019 4:11,27
2927,4/4/2019 5:11,28
2928,4/4/2019 6:11,28
2929,4/4/2019 7:11,28
2930,4/4/2019 8:11,28
2931,4/4/2019 9:11,28
2932,4/4/2019 10:11,28
2933,4/4/2019 11:11,27
2934,4/4/2019 12:11,27
2935,4/4/2019 13:11,27
2936,4/4/2019 14:11,27
2937,4/4/2019 15:11,27
2938,4/4/2019 16:11,27
2939,4/4/2019 17:11,27
2940,4/4/2019 18:11,27
2941,4/4/2019 19:11,27
2942,4/4/2019 20:11,27
2943,4/4/2019 21:11,27
2944,4/4/2019 22:11,27
2945,4/4/2019 23:11,27
2946,4/5/2019 0:11,27
2947,4/5/2019 1:11,27
2948,4/5/2019 2:11,27
2949,4/5/2019 3:11,27
2950,4/5/2019 4:11,28
2951,4/5/2019 5:11,28
2952,4/5/2019 6:11,28
2953,4/5/2019 7:11,28
2954,4/5/2019 8:11,28
2955,4/5/2019 9:11,28
2956,4/5/2019 10:11,27
2957,4/5/2019 11:11,27
2958,4/5/2019 12:11,27
2959,4/5/2019 13:11,27
2960,4/5/2019 14:11,27
2961,4/5/2019 15:11,27
2962,4/5/2019 16:11,27
2963,4/5/2019 17:11,27
2964,4/5/2019 18:11,27
2965,4/5/2019 19:11,26
2966,4/5/2019 20:11,26
2967,4/5/2019 21:11,26
2968,4/5/2019 22:11,26
2969,4/5/2019 23:11,26
2970,4/6/2019 0:11,26
2971,4/6/2019 1:11,26
2972,4/6/2019 2:11,27
2973,4/6/2019 3:11,27
2974,4/6/2019 4:11,27
2975,4/6/2019 5:11,27
2976,4/6/2019 6:11,27
2977,4/6/2019 7:11,27
2978,4/6/2019 8:11,27
2979,4/6/2019 9:11,27
2980,4/6/2019 10:11,27
2981,4/6/2019 11:11,27
2982,4/6/2019 12:11,27
2983,4/6/2019 13:11,27
2984,4/6/2019 14:11,27
2985,4/6/2019 15:11,27
2986,4/6/2019 16:11,26
2987,4/6/2019 17:11,26
2988,4/6/2019 18:11,26
2989,4/6/2019 19:11,26
2990,4/6/2019 20:11,26
2991,4/6/2019 21:11,26
2992,4/6/2019 22:11,26
2993,4/6/2019 23:11,26
2994,4/7/2019 0:11,26
2995,4/7/2019 1:11,26
2996,4/7/2019 2:11,26
2997,4/7/2019 3:11,26
2998,4/7/2019 4:11,26
2999,4/7/2019 5:11,26
3000,4/7/2019 6:11,26
3001,4/7/2019 7:11,26
3002,4/7/2019 8:11,26
3003,4/7/2019 9:11,25
3004,4/7/2019 10:11,25
3005,4/7/2019 11:11,25
3006,4/7/2019 12:11,25
3007,4/7/2019 13:11,25
3008,4/7/2019 14:11,25
3009,4/7/2019 15:11,25
3010,4/7/2019 16:11,25
3011,4/7/2019 17:11,24
3012,4/7/2019 18:11,24
3013,4/7/2019 19:11,24
3014,4/7/2019 20:11,24
3015,4/7/2019 21:11,24
3016,4/7/2019 22:11,24
3017,4/7/2019 23:11,24
,,
,,
,,
,,
,,
,,
,,
,,
,,
,,
,,
,,
,,
,,
,,
,,
,,
,,
,,
,,
,,
,,
,,
,,
,,
,,
,,
,,
,,
,,
,,
,,
,,
,,
,,
,,
,,
,,
,,
,,
,,
,,
,,
,,
,,
,,
,,
,,
,,
,,
,,
,,
,,
,,
,,
,,
,,
,,
,,
,,
,,
,,
,,
,,
,,
,,
,,
,,
,,
,,
,,
,,
,,
,,
,,
,,
,,
,,
,,
,,
,,
,,
,,
,,
,,
,,
,,
,,
,,
,,
,,
,,
,,
,,
,,
,,
,,
,,
,,
,,
,,
,,
,,
,,
,,
,,
,,
,,
,,
,,
,,
,,
,,
,,
,,
,,
,,
,,
,,
,,
,,
,,
,,
,,
,,
,,
,,
,,
,,
,,
,,
,,
,,
,,
,,
,,
,,
,,
,,
,,
,,
,,
,,
,,
,,
,,
,,
,,
,,
,,
,,
,,
,,
,,
,,
,,
,,
,,
,,
,,
,,
,,
,,
,,
,,
,,
,,
,,
,,
,,
,,
,,
,,
,,
,,
,,
,,
,,
,,
,,
,,
,,
,,
,,
,,
,,
,,
,,
,,
