Plot Title: 20135471,,,,,,,
#,"Date Time, GMT-05:00","Temp, °C (LGR S/N: 20135471, SEN S/N: 20135471)",Coupler Detached (LGR S/N: 20135471),Coupler Attached (LGR S/N: 20135471),Host Connected (LGR S/N: 20135471),Stopped (LGR S/N: 20135471),End Of File (LGR S/N: 20135471)
3,07/17/17 01:25:05 PM,30.659,,,,,
4,07/17/17 02:25:05 PM,29.853,,,,,
5,07/17/17 03:25:05 PM,29.652,,,,,
6,07/17/17 04:25:05 PM,29.552,,,,,
7,07/17/17 05:25:05 PM,29.452,,,,,
8,07/17/17 06:25:05 PM,29.352,,,,,
9,07/17/17 07:25:05 PM,29.053,,,,,
10,07/17/17 08:25:05 PM,29.053,,,,,
11,07/17/17 09:25:05 PM,29.053,,,,,
12,07/17/17 10:25:05 PM,29.252,,,,,
13,07/17/17 11:25:05 PM,29.352,,,,,
14,07/18/17 12:25:05 AM,29.352,,,,,
15,07/18/17 01:25:05 AM,29.452,,,,,
16,07/18/17 02:25:05 AM,29.452,,,,,
17,07/18/17 03:25:05 AM,29.252,,,,,
18,07/18/17 04:25:05 AM,29.053,,,,,
19,07/18/17 05:25:05 AM,29.152,,,,,
20,07/18/17 06:25:05 AM,29.152,,,,,
21,07/18/17 07:25:05 AM,29.152,,,,,
22,07/18/17 08:25:05 AM,29.352,,,,,
23,07/18/17 09:25:05 AM,29.352,,,,,
24,07/18/17 10:25:05 AM,29.452,,,,,
25,07/18/17 11:25:05 AM,30.356,,,,,
26,07/18/17 12:25:05 PM,30.054,,,,,
27,07/18/17 01:25:05 PM,29.953,,,,,
28,07/18/17 02:25:05 PM,29.853,,,,,
29,07/18/17 03:25:05 PM,29.652,,,,,
30,07/18/17 04:25:05 PM,29.652,,,,,
31,07/18/17 05:25:05 PM,29.552,,,,,
32,07/18/17 06:25:05 PM,29.552,,,,,
33,07/18/17 07:25:05 PM,29.552,,,,,
34,07/18/17 08:25:05 PM,29.552,,,,,
35,07/18/17 09:25:05 PM,29.552,,,,,
36,07/18/17 10:25:05 PM,29.552,,,,,
37,07/18/17 11:25:05 PM,29.552,,,,,
38,07/19/17 12:25:05 AM,29.552,,,,,
39,07/19/17 01:25:05 AM,29.452,,,,,
40,07/19/17 02:25:05 AM,29.452,,,,,
41,07/19/17 03:25:05 AM,29.452,,,,,
42,07/19/17 04:25:05 AM,29.452,,,,,
43,07/19/17 05:25:05 AM,29.452,,,,,
44,07/19/17 06:25:05 AM,29.352,,,,,
45,07/19/17 07:25:05 AM,29.352,,,,,
46,07/19/17 08:25:05 AM,29.352,,,,,
47,07/19/17 09:25:05 AM,29.352,,,,,
48,07/19/17 10:25:05 AM,29.352,,,,,
49,07/19/17 11:25:05 AM,29.352,,,,,
50,07/19/17 12:25:05 PM,29.452,,,,,
51,07/19/17 01:25:05 PM,29.552,,,,,
52,07/19/17 02:25:05 PM,29.652,,,,,
53,07/19/17 03:25:05 PM,29.652,,,,,
54,07/19/17 04:25:05 PM,29.752,,,,,
55,07/19/17 05:25:05 PM,29.752,,,,,
56,07/19/17 06:25:05 PM,29.652,,,,,
57,07/19/17 07:25:05 PM,29.652,,,,,
58,07/19/17 08:25:05 PM,29.652,,,,,
59,07/19/17 09:25:05 PM,29.652,,,,,
60,07/19/17 10:25:05 PM,29.652,,,,,
61,07/19/17 11:25:05 PM,29.652,,,,,
62,07/20/17 12:25:05 AM,29.552,,,,,
63,07/20/17 01:25:05 AM,29.452,,,,,
64,07/20/17 02:25:05 AM,29.452,,,,,
65,07/20/17 03:25:05 AM,29.452,,,,,
66,07/20/17 04:25:05 AM,29.452,,,,,
67,07/20/17 05:25:05 AM,29.352,,,,,
68,07/20/17 06:25:05 AM,29.352,,,,,
69,07/20/17 07:25:05 AM,29.352,,,,,
70,07/20/17 08:25:05 AM,29.652,,,,,
71,07/20/17 09:25:05 AM,29.552,,,,,
72,07/20/17 10:25:05 AM,29.853,,,,,
73,07/20/17 11:25:05 AM,29.853,,,,,
74,07/20/17 12:25:05 PM,30.154,,,,,
75,07/20/17 01:25:05 PM,30.054,,,,,
76,07/20/17 02:25:05 PM,30.154,,,,,
77,07/20/17 03:25:05 PM,30.255,,,,,
78,07/20/17 04:25:05 PM,30.255,,,,,
79,07/20/17 05:25:05 PM,30.255,,,,,
80,07/20/17 06:25:05 PM,29.853,,,,,
81,07/20/17 07:25:05 PM,29.752,,,,,
82,07/20/17 08:25:05 PM,29.953,,,,,
83,07/20/17 09:25:05 PM,29.953,,,,,
84,07/20/17 10:25:05 PM,29.853,,,,,
85,07/20/17 11:25:05 PM,29.752,,,,,
86,07/21/17 12:25:05 AM,29.652,,,,,
87,07/21/17 01:25:05 AM,29.552,,,,,
88,07/21/17 02:25:05 AM,29.552,,,,,
89,07/21/17 03:25:05 AM,29.452,,,,,
90,07/21/17 04:25:05 AM,29.452,,,,,
91,07/21/17 05:25:05 AM,29.452,,,,,
92,07/21/17 06:25:05 AM,29.452,,,,,
93,07/21/17 07:25:05 AM,29.452,,,,,
94,07/21/17 08:25:05 AM,29.452,,,,,
95,07/21/17 09:25:05 AM,29.652,,,,,
96,07/21/17 10:25:05 AM,30.054,,,,,
97,07/21/17 11:25:05 AM,30.255,,,,,
98,07/21/17 12:25:05 PM,30.054,,,,,
99,07/21/17 01:25:05 PM,29.953,,,,,
100,07/21/17 02:25:05 PM,29.853,,,,,
101,07/21/17 03:25:05 PM,29.752,,,,,
102,07/21/17 04:25:05 PM,29.853,,,,,
103,07/21/17 05:25:05 PM,29.752,,,,,
104,07/21/17 06:25:05 PM,29.752,,,,,
105,07/21/17 07:25:05 PM,29.652,,,,,
106,07/21/17 08:25:05 PM,29.652,,,,,
107,07/21/17 09:25:05 PM,29.652,,,,,
108,07/21/17 10:25:05 PM,29.652,,,,,
109,07/21/17 11:25:05 PM,29.652,,,,,
110,07/22/17 12:25:05 AM,29.552,,,,,
111,07/22/17 01:25:05 AM,29.552,,,,,
112,07/22/17 02:25:05 AM,29.552,,,,,
113,07/22/17 03:25:05 AM,29.452,,,,,
114,07/22/17 04:25:05 AM,29.352,,,,,
115,07/22/17 05:25:05 AM,29.352,,,,,
116,07/22/17 06:25:05 AM,29.352,,,,,
117,07/22/17 07:25:05 AM,29.452,,,,,
118,07/22/17 08:25:05 AM,29.752,,,,,
119,07/22/17 09:25:05 AM,30.054,,,,,
120,07/22/17 10:25:05 AM,30.154,,,,,
121,07/22/17 11:25:05 AM,29.953,,,,,
122,07/22/17 12:25:05 PM,30.255,,,,,
123,07/22/17 01:25:05 PM,30.457,,,,,
124,07/22/17 02:25:05 PM,30.457,,,,,
125,07/22/17 03:25:05 PM,30.255,,,,,
126,07/22/17 04:25:05 PM,30.154,,,,,
127,07/22/17 05:25:05 PM,29.953,,,,,
128,07/22/17 06:25:05 PM,29.953,,,,,
129,07/22/17 07:25:05 PM,29.652,,,,,
130,07/22/17 08:25:05 PM,29.552,,,,,
131,07/22/17 09:25:05 PM,29.652,,,,,
132,07/22/17 10:25:05 PM,29.752,,,,,
133,07/22/17 11:25:05 PM,29.652,,,,,
134,07/23/17 12:25:05 AM,29.552,,,,,
135,07/23/17 01:25:05 AM,29.352,,,,,
136,07/23/17 02:25:05 AM,29.352,,,,,
137,07/23/17 03:25:05 AM,29.352,,,,,
138,07/23/17 04:25:05 AM,29.252,,,,,
139,07/23/17 05:25:05 AM,29.152,,,,,
140,07/23/17 06:25:05 AM,29.152,,,,,
141,07/23/17 07:25:05 AM,29.152,,,,,
142,07/23/17 08:25:05 AM,29.352,,,,,
143,07/23/17 09:25:05 AM,29.452,,,,,
144,07/23/17 10:25:05 AM,29.452,,,,,
145,07/23/17 11:25:05 AM,29.452,,,,,
146,07/23/17 12:25:05 PM,29.352,,,,,
147,07/23/17 01:25:05 PM,29.452,,,,,
148,07/23/17 02:25:05 PM,29.652,,,,,
149,07/23/17 03:25:05 PM,29.953,,,,,
150,07/23/17 04:25:05 PM,30.154,,,,,
151,07/23/17 05:25:05 PM,29.953,,,,,
152,07/23/17 06:25:05 PM,29.853,,,,,
153,07/23/17 07:25:05 PM,29.853,,,,,
154,07/23/17 08:25:05 PM,29.752,,,,,
155,07/23/17 09:25:05 PM,29.652,,,,,
156,07/23/17 10:25:05 PM,29.552,,,,,
157,07/23/17 11:25:05 PM,29.452,,,,,
158,07/24/17 12:25:05 AM,29.252,,,,,
159,07/24/17 01:25:05 AM,29.152,,,,,
160,07/24/17 02:25:05 AM,29.053,,,,,
161,07/24/17 03:25:05 AM,28.853,,,,,
162,07/24/17 04:25:05 AM,28.853,,,,,
163,07/24/17 05:25:05 AM,28.754,,,,,
164,07/24/17 06:25:05 AM,28.754,,,,,
165,07/24/17 07:25:05 AM,28.853,,,,,
166,07/24/17 08:25:05 AM,29.152,,,,,
167,07/24/17 09:25:05 AM,29.252,,,,,
168,07/24/17 10:25:05 AM,29.552,,,,,
169,07/24/17 11:25:05 AM,29.452,,,,,
170,07/24/17 12:25:05 PM,29.552,,,,,
171,07/24/17 01:25:05 PM,29.352,,,,,
172,07/24/17 02:25:05 PM,29.452,,,,,
173,07/24/17 03:25:05 PM,29.452,,,,,
174,07/24/17 04:25:05 PM,29.252,,,,,
175,07/24/17 05:25:05 PM,29.352,,,,,
176,07/24/17 06:25:05 PM,29.252,,,,,
177,07/24/17 07:25:05 PM,29.252,,,,,
178,07/24/17 08:25:05 PM,29.152,,,,,
179,07/24/17 09:25:05 PM,29.152,,,,,
180,07/24/17 10:25:05 PM,29.152,,,,,
181,07/24/17 11:25:05 PM,29.152,,,,,
182,07/25/17 12:25:05 AM,29.053,,,,,
183,07/25/17 01:25:05 AM,29.152,,,,,
184,07/25/17 02:25:05 AM,29.053,,,,,
185,07/25/17 03:25:05 AM,28.953,,,,,
186,07/25/17 04:25:05 AM,28.853,,,,,
187,07/25/17 05:25:05 AM,28.953,,,,,
188,07/25/17 06:25:05 AM,29.053,,,,,
189,07/25/17 07:25:05 AM,29.152,,,,,
190,07/25/17 08:25:05 AM,29.252,,,,,
191,07/25/17 09:25:05 AM,29.352,,,,,
192,07/25/17 10:25:05 AM,29.552,,,,,
193,07/25/17 11:25:05 AM,29.652,,,,,
194,07/25/17 12:25:05 PM,30.457,,,,,
195,07/25/17 01:25:05 PM,29.953,,,,,
196,07/25/17 02:25:05 PM,29.752,,,,,
197,07/25/17 03:25:05 PM,29.752,,,,,
198,07/25/17 04:25:05 PM,30.154,,,,,
199,07/25/17 05:25:05 PM,30.054,,,,,
200,07/25/17 06:25:05 PM,29.953,,,,,
201,07/25/17 07:25:05 PM,29.953,,,,,
202,07/25/17 08:25:05 PM,29.853,,,,,
203,07/25/17 09:25:05 PM,29.853,,,,,
204,07/25/17 10:25:05 PM,29.752,,,,,
205,07/25/17 11:25:05 PM,29.752,,,,,
206,07/26/17 12:25:05 AM,29.752,,,,,
207,07/26/17 01:25:05 AM,29.652,,,,,
208,07/26/17 02:25:05 AM,29.652,,,,,
209,07/26/17 03:25:05 AM,29.552,,,,,
210,07/26/17 04:25:05 AM,29.452,,,,,
211,07/26/17 05:25:05 AM,29.552,,,,,
212,07/26/17 06:25:05 AM,29.552,,,,,
213,07/26/17 07:25:05 AM,29.552,,,,,
214,07/26/17 08:25:05 AM,29.452,,,,,
215,07/26/17 09:25:05 AM,29.552,,,,,
216,07/26/17 10:25:05 AM,29.652,,,,,
217,07/26/17 11:25:05 AM,29.652,,,,,
218,07/26/17 12:25:05 PM,29.752,,,,,
219,07/26/17 01:25:05 PM,30.054,,,,,
220,07/26/17 02:25:05 PM,30.054,,,,,
221,07/26/17 03:25:05 PM,30.054,,,,,
222,07/26/17 04:25:05 PM,29.853,,,,,
223,07/26/17 05:25:05 PM,30.054,,,,,
224,07/26/17 06:25:05 PM,30.255,,,,,
225,07/26/17 07:25:05 PM,30.154,,,,,
226,07/26/17 08:25:05 PM,30.154,,,,,
227,07/26/17 09:25:05 PM,30.054,,,,,
228,07/26/17 10:25:05 PM,29.953,,,,,
229,07/26/17 11:25:05 PM,29.853,,,,,
230,07/27/17 12:25:05 AM,29.853,,,,,
231,07/27/17 01:25:05 AM,29.752,,,,,
232,07/27/17 02:25:05 AM,29.752,,,,,
233,07/27/17 03:25:05 AM,29.652,,,,,
234,07/27/17 04:25:05 AM,29.652,,,,,
235,07/27/17 05:25:05 AM,29.552,,,,,
236,07/27/17 06:25:05 AM,29.552,,,,,
237,07/27/17 07:25:05 AM,29.552,,,,,
238,07/27/17 08:25:05 AM,29.652,,,,,
239,07/27/17 09:25:05 AM,29.652,,,,,
240,07/27/17 10:25:05 AM,29.652,,,,,
241,07/27/17 11:25:05 AM,29.752,,,,,
242,07/27/17 12:25:05 PM,29.853,,,,,
243,07/27/17 01:25:05 PM,30.054,,,,,
244,07/27/17 02:25:05 PM,30.154,,,,,
245,07/27/17 03:25:05 PM,30.054,,,,,
246,07/27/17 04:25:05 PM,30.054,,,,,
247,07/27/17 05:25:05 PM,29.853,,,,,
248,07/27/17 06:25:05 PM,29.853,,,,,
249,07/27/17 07:25:05 PM,29.752,,,,,
250,07/27/17 08:25:05 PM,29.752,,,,,
251,07/27/17 09:25:05 PM,29.752,,,,,
252,07/27/17 10:25:05 PM,29.752,,,,,
253,07/27/17 11:25:05 PM,29.652,,,,,
254,07/28/17 12:25:05 AM,29.652,,,,,
255,07/28/17 01:25:05 AM,29.552,,,,,
256,07/28/17 02:25:05 AM,29.652,,,,,
257,07/28/17 03:25:05 AM,29.652,,,,,
258,07/28/17 04:25:05 AM,29.452,,,,,
259,07/28/17 05:25:05 AM,29.452,,,,,
260,07/28/17 06:25:05 AM,29.352,,,,,
261,07/28/17 07:25:05 AM,29.352,,,,,
262,07/28/17 08:25:05 AM,29.352,,,,,
263,07/28/17 09:25:05 AM,29.452,,,,,
264,07/28/17 10:25:05 AM,29.652,,,,,
265,07/28/17 11:25:05 AM,29.652,,,,,
266,07/28/17 12:25:05 PM,29.652,,,,,
267,07/28/17 01:25:05 PM,29.752,,,,,
268,07/28/17 02:25:05 PM,29.752,,,,,
269,07/28/17 03:25:05 PM,29.652,,,,,
270,07/28/17 04:25:05 PM,29.552,,,,,
271,07/28/17 05:25:05 PM,29.452,,,,,
272,07/28/17 06:25:05 PM,29.352,,,,,
273,07/28/17 07:25:05 PM,29.252,,,,,
274,07/28/17 08:25:05 PM,29.252,,,,,
275,07/28/17 09:25:05 PM,29.252,,,,,
276,07/28/17 10:25:05 PM,29.252,,,,,
277,07/28/17 11:25:05 PM,29.252,,,,,
278,07/29/17 12:25:05 AM,29.252,,,,,
279,07/29/17 01:25:05 AM,29.152,,,,,
280,07/29/17 02:25:05 AM,29.152,,,,,
281,07/29/17 03:25:05 AM,29.053,,,,,
282,07/29/17 04:25:05 AM,29.053,,,,,
283,07/29/17 05:25:05 AM,29.053,,,,,
284,07/29/17 06:25:05 AM,29.053,,,,,
285,07/29/17 07:25:05 AM,29.053,,,,,
286,07/29/17 08:25:05 AM,29.053,,,,,
287,07/29/17 09:25:05 AM,28.953,,,,,
288,07/29/17 10:25:05 AM,29.053,,,,,
289,07/29/17 11:25:05 AM,29.053,,,,,
290,07/29/17 12:25:05 PM,29.152,,,,,
291,07/29/17 01:25:05 PM,29.152,,,,,
292,07/29/17 02:25:05 PM,29.252,,,,,
293,07/29/17 03:25:05 PM,29.152,,,,,
294,07/29/17 04:25:05 PM,29.152,,,,,
295,07/29/17 05:25:05 PM,29.152,,,,,
296,07/29/17 06:25:05 PM,29.053,,,,,
297,07/29/17 07:25:05 PM,29.053,,,,,
298,07/29/17 08:25:05 PM,28.953,,,,,
299,07/29/17 09:25:05 PM,28.953,,,,,
300,07/29/17 10:25:05 PM,28.953,,,,,
301,07/29/17 11:25:05 PM,28.853,,,,,
302,07/30/17 12:25:05 AM,28.853,,,,,
303,07/30/17 01:25:05 AM,28.853,,,,,
304,07/30/17 02:25:05 AM,28.853,,,,,
305,07/30/17 03:25:05 AM,28.853,,,,,
306,07/30/17 04:25:05 AM,28.853,,,,,
307,07/30/17 05:25:05 AM,28.754,,,,,
308,07/30/17 06:25:05 AM,28.754,,,,,
309,07/30/17 07:25:05 AM,28.754,,,,,
310,07/30/17 08:25:05 AM,28.853,,,,,
311,07/30/17 09:25:05 AM,29.053,,,,,
312,07/30/17 10:25:05 AM,29.352,,,,,
313,07/30/17 11:25:05 AM,29.652,,,,,
314,07/30/17 12:25:05 PM,29.552,,,,,
315,07/30/17 01:25:05 PM,29.652,,,,,
316,07/30/17 02:25:05 PM,29.053,,,,,
317,07/30/17 03:25:05 PM,28.953,,,,,
318,07/30/17 04:25:05 PM,28.953,,,,,
319,07/30/17 05:25:05 PM,28.953,,,,,
320,07/30/17 06:25:05 PM,28.953,,,,,
321,07/30/17 07:25:05 PM,28.853,,,,,
322,07/30/17 08:25:05 PM,28.853,,,,,
323,07/30/17 09:25:05 PM,28.853,,,,,
324,07/30/17 10:25:05 PM,28.853,,,,,
325,07/30/17 11:25:05 PM,28.853,,,,,
326,07/31/17 12:25:05 AM,28.853,,,,,
327,07/31/17 01:25:05 AM,28.853,,,,,
328,07/31/17 02:25:05 AM,28.754,,,,,
329,07/31/17 03:25:05 AM,28.754,,,,,
330,07/31/17 04:25:05 AM,28.754,,,,,
331,07/31/17 05:25:05 AM,28.754,,,,,
332,07/31/17 06:25:05 AM,28.655,,,,,
333,07/31/17 07:25:05 AM,28.655,,,,,
334,07/31/17 08:25:05 AM,28.655,,,,,
335,07/31/17 09:25:05 AM,28.655,,,,,
336,07/31/17 10:25:05 AM,28.655,,,,,
337,07/31/17 11:25:05 AM,28.754,,,,,
338,07/31/17 12:25:05 PM,28.853,,,,,
339,07/31/17 01:25:05 PM,28.953,,,,,
340,07/31/17 02:25:05 PM,29.053,,,,,
341,07/31/17 03:25:05 PM,29.152,,,,,
342,07/31/17 04:25:05 PM,29.152,,,,,
343,07/31/17 05:25:05 PM,29.152,,,,,
344,07/31/17 06:25:05 PM,29.252,,,,,
345,07/31/17 07:25:05 PM,29.252,,,,,
346,07/31/17 08:25:05 PM,29.053,,,,,
347,07/31/17 09:25:05 PM,28.953,,,,,
348,07/31/17 10:25:05 PM,28.953,,,,,
349,07/31/17 11:25:05 PM,28.953,,,,,
350,08/01/2017 00:25,28.953,,,,,
351,08/01/2017 01:25,28.953,,,,,
352,08/01/2017 02:25,28.953,,,,,
353,08/01/2017 03:25,28.853,,,,,
354,08/01/2017 04:25,28.853,,,,,
355,08/01/2017 05:25,28.853,,,,,
356,08/01/2017 06:25,28.853,,,,,
357,08/01/2017 07:25,28.853,,,,,
358,08/01/2017 08:25,28.953,,,,,
359,08/01/2017 09:25,29.053,,,,,
360,08/01/2017 10:25,29.352,,,,,
361,08/01/2017 11:25,29.552,,,,,
362,08/01/2017 12:25,29.853,,,,,
363,08/01/2017 13:25,30.054,,,,,
364,08/01/2017 14:25,30.154,,,,,
365,08/01/2017 15:25,29.853,,,,,
366,08/01/2017 16:25,29.752,,,,,
367,08/01/2017 17:25,29.953,,,,,
368,08/01/2017 18:25,30.054,,,,,
369,08/01/2017 19:25,29.953,,,,,
370,08/01/2017 20:25,29.953,,,,,
371,08/01/2017 21:25,29.752,,,,,
372,08/01/2017 22:25,29.552,,,,,
373,08/01/2017 23:25,29.552,,,,,
374,08/02/2017 00:25,29.452,,,,,
375,08/02/2017 01:25,29.452,,,,,
376,08/02/2017 02:25,29.452,,,,,
377,08/02/2017 03:25,29.352,,,,,
378,08/02/2017 04:25,29.352,,,,,
379,08/02/2017 05:25,29.352,,,,,
380,08/02/2017 06:25,29.252,,,,,
381,08/02/2017 07:25,29.252,,,,,
382,08/02/2017 08:25,29.252,,,,,
383,08/02/2017 09:25,29.252,,,,,
384,08/02/2017 10:25,29.452,,,,,
385,08/02/2017 11:25,30.054,,,,,
386,08/02/2017 12:25,30.255,,,,,
387,08/02/2017 13:25,30.558,,,,,
388,08/02/2017 14:25,30.76,,,,,
389,08/02/2017 15:25,30.255,,,,,
390,08/02/2017 16:25,29.953,,,,,
391,08/02/2017 17:25,29.953,,,,,
392,08/02/2017 18:25,29.953,,,,,
393,08/02/2017 19:25,29.853,,,,,
394,08/02/2017 20:25,29.752,,,,,
395,08/02/2017 21:25,29.652,,,,,
396,08/02/2017 22:25,29.652,,,,,
397,08/02/2017 23:25,29.552,,,,,
398,08/03/2017 00:25,29.452,,,,,
399,08/03/2017 01:25,29.452,,,,,
400,08/03/2017 02:25,29.452,,,,,
401,08/03/2017 03:25,29.352,,,,,
402,08/03/2017 04:25,29.252,,,,,
403,08/03/2017 05:25,29.252,,,,,
404,08/03/2017 06:25,29.152,,,,,
405,08/03/2017 07:25,29.252,,,,,
406,08/03/2017 08:25,29.352,,,,,
407,08/03/2017 09:25,29.252,,,,,
408,08/03/2017 10:25,29.552,,,,,
409,08/03/2017 11:25,29.652,,,,,
410,08/03/2017 12:25,30.356,,,,,
411,08/03/2017 13:25,30.558,,,,,
412,08/03/2017 14:25,29.953,,,,,
413,08/03/2017 15:25,29.752,,,,,
414,08/03/2017 16:25,29.652,,,,,
415,08/03/2017 17:25,29.452,,,,,
416,08/03/2017 18:25,29.452,,,,,
417,08/03/2017 19:25,29.352,,,,,
418,08/03/2017 20:25,29.352,,,,,
419,08/03/2017 21:25,29.252,,,,,
420,08/03/2017 22:25,29.252,,,,,
421,08/03/2017 23:25,29.152,,,,,
422,08/04/2017 00:25,29.152,,,,,
423,08/04/2017 01:25,29.053,,,,,
424,08/04/2017 02:25,29.053,,,,,
425,08/04/2017 03:25,28.953,,,,,
426,08/04/2017 04:25,29.053,,,,,
427,08/04/2017 05:25,29.053,,,,,
428,08/04/2017 06:25,28.953,,,,,
429,08/04/2017 07:25,28.853,,,,,
430,08/04/2017 08:25,28.953,,,,,
431,08/04/2017 09:25,29.053,,,,,
432,08/04/2017 10:25,29.252,,,,,
433,08/04/2017 11:25,29.252,,,,,
434,08/04/2017 12:25,29.452,,,,,
435,08/04/2017 13:25,29.652,,,,,
436,08/04/2017 14:25,29.853,,,,,
437,08/04/2017 15:25,29.953,,,,,
438,08/04/2017 16:25,29.752,,,,,
439,08/04/2017 17:25,29.652,,,,,
440,08/04/2017 18:25,29.452,,,,,
441,08/04/2017 19:25,29.552,,,,,
442,08/04/2017 20:25,29.752,,,,,
443,08/04/2017 21:25,29.652,,,,,
444,08/04/2017 22:25,29.352,,,,,
445,08/04/2017 23:25,29.053,,,,,
446,08/05/2017 00:25,29.352,,,,,
447,08/05/2017 01:25,29.053,,,,,
448,08/05/2017 02:25,28.953,,,,,
449,08/05/2017 03:25,28.853,,,,,
450,08/05/2017 04:25,28.754,,,,,
451,08/05/2017 05:25,28.853,,,,,
452,08/05/2017 06:25,28.456,,,,,
453,08/05/2017 07:25,28.456,,,,,
454,08/05/2017 08:25,28.655,,,,,
455,08/05/2017 09:25,28.853,,,,,
456,08/05/2017 10:25,28.655,,,,,
457,08/05/2017 11:25,28.655,,,,,
458,08/05/2017 12:25,28.555,,,,,
459,08/05/2017 13:25,28.853,,,,,
460,08/05/2017 14:25,29.252,,,,,
461,08/05/2017 15:25,29.252,,,,,
462,08/05/2017 16:25,29.152,,,,,
463,08/05/2017 17:25,28.953,,,,,
464,08/05/2017 18:25,28.853,,,,,
465,08/05/2017 19:25,28.754,,,,,
466,08/05/2017 20:25,28.754,,,,,
467,08/05/2017 21:25,28.655,,,,,
468,08/05/2017 22:25,28.655,,,,,
469,08/05/2017 23:25,28.655,,,,,
470,08/06/2017 00:25,28.655,,,,,
471,08/06/2017 01:25,28.655,,,,,
472,08/06/2017 02:25,28.655,,,,,
473,08/06/2017 03:25,28.655,,,,,
474,08/06/2017 04:25,28.555,,,,,
475,08/06/2017 05:25,28.555,,,,,
476,08/06/2017 06:25,28.555,,,,,
477,08/06/2017 07:25,28.555,,,,,
478,08/06/2017 08:25,28.655,,,,,
479,08/06/2017 09:25,28.953,,,,,
480,08/06/2017 10:25,29.252,,,,,
481,08/06/2017 11:25,29.552,,,,,
482,08/06/2017 12:25,29.652,,,,,
483,08/06/2017 13:25,30.154,,,,,
484,08/06/2017 14:25,29.853,,,,,
485,08/06/2017 15:25,30.356,,,,,
486,08/06/2017 16:25,30.255,,,,,
487,08/06/2017 17:25,30.356,,,,,
488,08/06/2017 18:25,30.255,,,,,
489,08/06/2017 19:25,30.154,,,,,
490,08/06/2017 20:25,30.054,,,,,
491,08/06/2017 21:25,30.054,,,,,
492,08/06/2017 22:25,29.652,,,,,
493,08/06/2017 23:25,29.652,,,,,
494,08/07/2017 00:25,29.552,,,,,
495,08/07/2017 01:25,29.552,,,,,
496,08/07/2017 02:25,29.552,,,,,
497,08/07/2017 03:25,29.552,,,,,
498,08/07/2017 04:25,29.452,,,,,
499,08/07/2017 05:25,29.452,,,,,
500,08/07/2017 06:25,29.452,,,,,
501,08/07/2017 07:25,29.452,,,,,
502,08/07/2017 08:25,29.552,,,,,
503,08/07/2017 09:25,29.652,,,,,
504,08/07/2017 10:25,29.853,,,,,
505,08/07/2017 11:25,29.953,,,,,
506,08/07/2017 12:25,30.154,,,,,
507,08/07/2017 13:25,30.356,,,,,
508,08/07/2017 14:25,30.356,,,,,
509,08/07/2017 15:25,30.76,,,,,
510,08/07/2017 16:25,30.255,,,,,
511,08/07/2017 17:25,30.154,,,,,
512,08/07/2017 18:25,30.154,,,,,
513,08/07/2017 19:25,30.255,,,,,
514,08/07/2017 20:25,30.154,,,,,
515,08/07/2017 21:25,30.054,,,,,
516,08/07/2017 22:25,30.054,,,,,
517,08/07/2017 23:25,29.953,,,,,
518,08/08/2017 00:25,29.853,,,,,
519,08/08/2017 01:25,29.853,,,,,
520,08/08/2017 02:25,29.752,,,,,
521,08/08/2017 03:25,29.752,,,,,
522,08/08/2017 04:25,29.652,,,,,
523,08/08/2017 05:25,29.652,,,,,
524,08/08/2017 06:25,29.652,,,,,
525,08/08/2017 07:25,29.652,,,,,
526,08/08/2017 08:25,29.652,,,,,
527,08/08/2017 09:25,29.752,,,,,
528,08/08/2017 10:25,30.255,,,,,
529,08/08/2017 11:25,30.76,,,,,
530,08/08/2017 12:25,30.659,,,,,
531,08/08/2017 13:25,30.356,,,,,
532,08/08/2017 14:25,30.154,,,,,
533,08/08/2017 15:25,30.054,,,,,
534,08/08/2017 16:25,29.853,,,,,
535,08/08/2017 17:25,29.752,,,,,
536,08/08/2017 18:25,29.853,,,,,
537,08/08/2017 19:25,29.652,,,,,
538,08/08/2017 20:25,29.752,,,,,
539,08/08/2017 21:25,29.652,,,,,
540,08/08/2017 22:25,29.652,,,,,
541,08/08/2017 23:25,29.552,,,,,
542,08/09/2017 00:25,29.652,,,,,
543,08/09/2017 01:25,29.652,,,,,
544,08/09/2017 02:25,29.752,,,,,
545,08/09/2017 03:25,29.752,,,,,
546,08/09/2017 04:25,29.752,,,,,
547,08/09/2017 05:25,29.652,,,,,
548,08/09/2017 06:25,29.652,,,,,
549,08/09/2017 07:25,29.652,,,,,
550,08/09/2017 08:25,29.652,,,,,
551,08/09/2017 09:25,29.652,,,,,
552,08/09/2017 10:25,29.752,,,,,
553,08/09/2017 11:25,29.853,,,,,
554,08/09/2017 12:25,30.255,,,,,
555,08/09/2017 13:25,30.356,,,,,
556,08/09/2017 14:25,30.154,,,,,
557,08/09/2017 15:25,30.154,,,,,
558,08/09/2017 16:25,30.154,,,,,
559,08/09/2017 17:25,30.054,,,,,
560,08/09/2017 18:25,30.054,,,,,
561,08/09/2017 19:25,29.953,,,,,
562,08/09/2017 20:25,29.953,,,,,
563,08/09/2017 21:25,29.953,,,,,
564,08/09/2017 22:25,29.953,,,,,
565,08/09/2017 23:25,29.953,,,,,
566,08/10/2017 00:25,29.853,,,,,
567,08/10/2017 01:25,29.853,,,,,
568,08/10/2017 02:25,30.054,,,,,
569,08/10/2017 03:25,29.853,,,,,
570,08/10/2017 04:25,29.853,,,,,
571,08/10/2017 05:25,29.752,,,,,
572,08/10/2017 06:25,29.752,,,,,
573,08/10/2017 07:25,29.652,,,,,
574,08/10/2017 08:25,29.752,,,,,
575,08/10/2017 09:25,29.752,,,,,
576,08/10/2017 10:25,29.652,,,,,
577,08/10/2017 11:25,29.752,,,,,
578,08/10/2017 12:25,29.953,,,,,
579,08/10/2017 13:25,30.154,,,,,
580,08/10/2017 14:25,30.054,,,,,
581,08/10/2017 15:25,30.154,,,,,
582,08/10/2017 16:25,30.255,,,,,
583,08/10/2017 17:25,30.154,,,,,
584,08/10/2017 18:25,30.154,,,,,
585,08/10/2017 19:25,30.054,,,,,
586,08/10/2017 20:25,30.054,,,,,
587,08/10/2017 21:25,30.154,,,,,
588,08/10/2017 22:25,30.154,,,,,
589,08/10/2017 23:25,30.054,,,,,
590,08/11/2017 00:25,29.953,,,,,
591,08/11/2017 01:25,29.853,,,,,
592,08/11/2017 02:25,29.853,,,,,
593,08/11/2017 03:25,29.853,,,,,
594,08/11/2017 04:25,29.853,,,,,
595,08/11/2017 05:25,29.752,,,,,
596,08/11/2017 06:25,29.752,,,,,
597,08/11/2017 07:25,29.652,,,,,
598,08/11/2017 08:25,29.752,,,,,
599,08/11/2017 09:25,29.752,,,,,
600,08/11/2017 10:25,29.752,,,,,
601,08/11/2017 11:25,29.752,,,,,
602,08/11/2017 12:25,29.652,,,,,
603,08/11/2017 13:25,29.752,,,,,
604,08/11/2017 14:25,29.853,,,,,
605,08/11/2017 15:25,29.853,,,,,
606,08/11/2017 16:25,29.752,,,,,
607,08/11/2017 17:25,29.752,,,,,
608,08/11/2017 18:25,29.752,,,,,
609,08/11/2017 19:25,29.552,,,,,
610,08/11/2017 20:25,29.552,,,,,
611,08/11/2017 21:25,29.552,,,,,
612,08/11/2017 22:25,29.652,,,,,
613,08/11/2017 23:25,29.552,,,,,
614,08/12/2017 00:25,29.452,,,,,
615,08/12/2017 01:25,29.252,,,,,
616,08/12/2017 02:25,29.352,,,,,
617,08/12/2017 03:25,29.152,,,,,
618,08/12/2017 04:25,29.053,,,,,
619,08/12/2017 05:25,28.953,,,,,
620,08/12/2017 06:25,28.953,,,,,
621,08/12/2017 07:25,28.853,,,,,
622,08/12/2017 08:25,28.953,,,,,
623,08/12/2017 09:25,29.053,,,,,
624,08/12/2017 10:25,29.152,,,,,
625,08/12/2017 11:25,29.252,,,,,
626,08/12/2017 12:25,29.252,,,,,
627,08/12/2017 13:25,29.252,,,,,
628,08/12/2017 14:25,29.352,,,,,
629,08/12/2017 15:25,29.352,,,,,
630,08/12/2017 16:25,29.252,,,,,
631,08/12/2017 17:25,29.452,,,,,
632,08/12/2017 18:25,29.352,,,,,
633,08/12/2017 19:25,29.252,,,,,
634,08/12/2017 20:25,29.053,,,,,
635,08/12/2017 21:25,29.152,,,,,
636,08/12/2017 22:25,29.152,,,,,
637,08/12/2017 23:25,29.053,,,,,
638,08/13/17 12:25:05 AM,29.053,,,,,
639,08/13/17 01:25:05 AM,29.053,,,,,
640,08/13/17 02:25:05 AM,29.053,,,,,
641,08/13/17 03:25:05 AM,28.953,,,,,
642,08/13/17 04:25:05 AM,28.953,,,,,
643,08/13/17 05:25:05 AM,28.953,,,,,
644,08/13/17 06:25:05 AM,28.853,,,,,
645,08/13/17 07:25:05 AM,28.853,,,,,
646,08/13/17 08:25:05 AM,28.853,,,,,
647,08/13/17 09:25:05 AM,28.953,,,,,
648,08/13/17 10:25:05 AM,28.953,,,,,
649,08/13/17 11:25:05 AM,28.953,,,,,
650,08/13/17 12:25:05 PM,29.152,,,,,
651,08/13/17 01:25:05 PM,29.452,,,,,
652,08/13/17 02:25:05 PM,29.452,,,,,
653,08/13/17 03:25:05 PM,29.853,,,,,
654,08/13/17 04:25:05 PM,29.652,,,,,
655,08/13/17 05:25:05 PM,29.352,,,,,
656,08/13/17 06:25:05 PM,29.352,,,,,
657,08/13/17 07:25:05 PM,29.352,,,,,
658,08/13/17 08:25:05 PM,29.252,,,,,
659,08/13/17 09:25:05 PM,29.252,,,,,
660,08/13/17 10:25:05 PM,29.352,,,,,
661,08/13/17 11:25:05 PM,29.252,,,,,
662,08/14/17 12:25:05 AM,29.352,,,,,
663,08/14/17 01:25:05 AM,29.352,,,,,
664,08/14/17 02:25:05 AM,29.252,,,,,
665,08/14/17 03:25:05 AM,29.252,,,,,
666,08/14/17 04:25:05 AM,29.152,,,,,
667,08/14/17 05:25:05 AM,29.252,,,,,
668,08/14/17 06:25:05 AM,29.252,,,,,
669,08/14/17 07:25:05 AM,29.252,,,,,
670,08/14/17 08:25:05 AM,29.252,,,,,
671,08/14/17 09:25:05 AM,29.652,,,,,
672,08/14/17 10:25:05 AM,29.853,,,,,
673,08/14/17 11:25:05 AM,30.659,,,,,
674,08/14/17 12:25:05 PM,30.862,,,,,
675,08/14/17 01:25:05 PM,31.064,,,,,
676,08/14/17 02:25:05 PM,30.659,,,,,
677,08/14/17 03:25:05 PM,30.255,,,,,
678,08/14/17 04:25:05 PM,30.054,,,,,
679,08/14/17 05:25:05 PM,29.752,,,,,
680,08/14/17 06:25:05 PM,29.853,,,,,
681,08/14/17 07:25:05 PM,29.752,,,,,
682,08/14/17 08:25:05 PM,29.552,,,,,
683,08/14/17 09:25:05 PM,29.452,,,,,
684,08/14/17 10:25:05 PM,29.752,,,,,
685,08/14/17 11:25:05 PM,29.752,,,,,
686,08/15/17 12:25:05 AM,29.652,,,,,
687,08/15/17 01:25:05 AM,29.652,,,,,
688,08/15/17 02:25:05 AM,29.652,,,,,
689,08/15/17 03:25:05 AM,29.552,,,,,
690,08/15/17 04:25:05 AM,29.452,,,,,
691,08/15/17 05:25:05 AM,29.452,,,,,
692,08/15/17 06:25:05 AM,29.352,,,,,
693,08/15/17 07:25:05 AM,29.352,,,,,
694,08/15/17 08:25:05 AM,29.352,,,,,
695,08/15/17 09:25:05 AM,29.652,,,,,
696,08/15/17 10:25:05 AM,29.853,,,,,
697,08/15/17 11:25:05 AM,30.154,,,,,
698,08/15/17 12:25:05 PM,30.255,,,,,
699,08/15/17 01:25:05 PM,29.853,,,,,
700,08/15/17 02:25:05 PM,30.054,,,,,
701,08/15/17 03:25:05 PM,30.054,,,,,
702,08/15/17 04:25:05 PM,30.154,,,,,
703,08/15/17 05:25:05 PM,30.054,,,,,
704,08/15/17 06:25:05 PM,29.953,,,,,
705,08/15/17 07:25:05 PM,29.853,,,,,
706,08/15/17 08:25:05 PM,29.853,,,,,
707,08/15/17 09:25:05 PM,29.752,,,,,
708,08/15/17 10:25:05 PM,29.652,,,,,
709,08/15/17 11:25:05 PM,29.552,,,,,
710,08/16/17 12:25:05 AM,29.452,,,,,
711,08/16/17 01:25:05 AM,29.352,,,,,
712,08/16/17 02:25:05 AM,29.252,,,,,
713,08/16/17 03:25:05 AM,29.252,,,,,
714,08/16/17 04:25:05 AM,29.152,,,,,
715,08/16/17 05:25:05 AM,29.152,,,,,
716,08/16/17 06:25:05 AM,29.053,,,,,
717,08/16/17 07:25:05 AM,29.053,,,,,
718,08/16/17 08:25:05 AM,28.953,,,,,
719,08/16/17 09:25:05 AM,28.853,,,,,
720,08/16/17 10:25:05 AM,29.053,,,,,
721,08/16/17 11:25:05 AM,29.152,,,,,
722,08/16/17 12:25:05 PM,29.252,,,,,
723,08/16/17 01:25:05 PM,29.252,,,,,
724,08/16/17 02:25:05 PM,29.352,,,,,
725,08/16/17 03:25:05 PM,29.452,,,,,
726,08/16/17 04:25:05 PM,29.452,,,,,
727,08/16/17 05:25:05 PM,29.552,,,,,
728,08/16/17 06:25:05 PM,29.352,,,,,
729,08/16/17 07:25:05 PM,29.152,,,,,
730,08/16/17 08:25:05 PM,29.053,,,,,
731,08/16/17 09:25:05 PM,28.953,,,,,
732,08/16/17 10:25:05 PM,28.953,,,,,
733,08/16/17 11:25:05 PM,28.853,,,,,
734,08/17/17 12:25:05 AM,28.853,,,,,
735,08/17/17 01:25:05 AM,28.853,,,,,
736,08/17/17 02:25:05 AM,28.853,,,,,
737,08/17/17 03:25:05 AM,28.853,,,,,
738,08/17/17 04:25:05 AM,28.853,,,,,
739,08/17/17 05:25:05 AM,28.853,,,,,
740,08/17/17 06:25:05 AM,28.754,,,,,
741,08/17/17 07:25:05 AM,28.853,,,,,
742,08/17/17 08:25:05 AM,28.953,,,,,
743,08/17/17 09:25:05 AM,29.053,,,,,
744,08/17/17 10:25:05 AM,29.352,,,,,
745,08/17/17 11:25:05 AM,29.452,,,,,
746,08/17/17 12:25:05 PM,29.652,,,,,
747,08/17/17 01:25:05 PM,29.752,,,,,
748,08/17/17 02:25:05 PM,29.652,,,,,
749,08/17/17 03:25:05 PM,29.552,,,,,
750,08/17/17 04:25:05 PM,29.452,,,,,
751,08/17/17 05:25:05 PM,29.252,,,,,
752,08/17/17 06:25:05 PM,29.152,,,,,
753,08/17/17 07:25:05 PM,29.152,,,,,
754,08/17/17 08:25:05 PM,29.053,,,,,
755,08/17/17 09:25:05 PM,29.053,,,,,
756,08/17/17 10:25:05 PM,28.953,,,,,
757,08/17/17 11:25:05 PM,28.953,,,,,
758,08/18/17 12:25:05 AM,28.953,,,,,
759,08/18/17 01:25:05 AM,28.853,,,,,
760,08/18/17 02:25:05 AM,28.853,,,,,
761,08/18/17 03:25:05 AM,28.853,,,,,
762,08/18/17 04:25:05 AM,28.853,,,,,
763,08/18/17 05:25:05 AM,28.754,,,,,
764,08/18/17 06:25:05 AM,28.754,,,,,
765,08/18/17 07:25:05 AM,28.754,,,,,
766,08/18/17 08:25:05 AM,28.853,,,,,
767,08/18/17 09:25:05 AM,29.152,,,,,
768,08/18/17 10:25:05 AM,29.352,,,,,
769,08/18/17 11:25:05 AM,29.552,,,,,
770,08/18/17 12:25:05 PM,29.953,,,,,
771,08/18/17 01:25:05 PM,30.255,,,,,
772,08/18/17 02:25:05 PM,29.853,,,,,
773,08/18/17 03:25:05 PM,29.652,,,,,
774,08/18/17 04:25:05 PM,29.352,,,,,
775,08/18/17 05:25:05 PM,29.252,,,,,
776,08/18/17 06:25:05 PM,29.352,,,,,
777,08/18/17 07:25:05 PM,29.252,,,,,
778,08/18/17 08:25:05 PM,29.452,,,,,
779,08/18/17 09:25:05 PM,29.252,,,,,
780,08/18/17 10:25:05 PM,29.252,,,,,
781,08/18/17 11:25:05 PM,29.053,,,,,
782,08/19/17 12:25:05 AM,29.252,,,,,
783,08/19/17 01:25:05 AM,29.252,,,,,
784,08/19/17 02:25:05 AM,29.252,,,,,
785,08/19/17 03:25:05 AM,29.152,,,,,
786,08/19/17 04:25:05 AM,29.053,,,,,
787,08/19/17 05:25:05 AM,28.853,,,,,
788,08/19/17 06:25:05 AM,28.853,,,,,
789,08/19/17 07:25:05 AM,28.953,,,,,
790,08/19/17 08:25:05 AM,28.953,,,,,
791,08/19/17 09:25:05 AM,29.252,,,,,
792,08/19/17 10:25:05 AM,29.352,,,,,
793,08/19/17 11:25:05 AM,29.552,,,,,
794,08/19/17 12:25:05 PM,29.352,,,,,
795,08/19/17 01:25:05 PM,29.352,,,,,
796,08/19/17 02:25:05 PM,29.352,,,,,
797,08/19/17 03:25:05 PM,29.252,,,,,
798,08/19/17 04:25:05 PM,29.152,,,,,
799,08/19/17 05:25:05 PM,29.252,,,,,
800,08/19/17 06:25:05 PM,29.152,,,,,
801,08/19/17 07:25:05 PM,29.152,,,,,
802,08/19/17 08:25:05 PM,28.953,,,,,
803,08/19/17 09:25:05 PM,29.053,,,,,
804,08/19/17 10:25:05 PM,28.953,,,,,
805,08/19/17 11:25:05 PM,28.853,,,,,
806,08/20/17 12:25:05 AM,28.953,,,,,
807,08/20/17 01:25:05 AM,28.953,,,,,
808,08/20/17 02:25:05 AM,28.953,,,,,
809,08/20/17 03:25:05 AM,28.953,,,,,
810,08/20/17 04:25:05 AM,28.953,,,,,
811,08/20/17 05:25:05 AM,28.953,,,,,
812,08/20/17 06:25:05 AM,28.853,,,,,
813,08/20/17 07:25:05 AM,28.853,,,,,
814,08/20/17 08:25:05 AM,28.853,,,,,
815,08/20/17 09:25:05 AM,28.655,,,,,
816,08/20/17 10:25:05 AM,28.754,,,,,
817,08/20/17 11:25:05 AM,28.853,,,,,
818,08/20/17 12:25:05 PM,29.053,,,,,
819,08/20/17 01:25:05 PM,28.953,,,,,
820,08/20/17 02:25:05 PM,28.853,,,,,
821,08/20/17 03:25:05 PM,28.953,,,,,
822,08/20/17 04:25:05 PM,28.953,,,,,
823,08/20/17 05:25:05 PM,28.953,,,,,
824,08/20/17 06:25:05 PM,28.953,,,,,
825,08/20/17 07:25:05 PM,28.853,,,,,
826,08/20/17 08:25:05 PM,28.754,,,,,
827,08/20/17 09:25:05 PM,28.754,,,,,
828,08/20/17 10:25:05 PM,28.754,,,,,
829,08/20/17 11:25:05 PM,28.754,,,,,
830,08/21/17 12:25:05 AM,28.655,,,,,
831,08/21/17 01:25:05 AM,28.655,,,,,
832,08/21/17 02:25:05 AM,28.655,,,,,
833,08/21/17 03:25:05 AM,28.655,,,,,
834,08/21/17 04:25:05 AM,28.555,,,,,
835,08/21/17 05:25:05 AM,28.555,,,,,
836,08/21/17 06:25:05 AM,28.555,,,,,
837,08/21/17 07:25:05 AM,28.555,,,,,
838,08/21/17 08:25:05 AM,28.655,,,,,
839,08/21/17 09:25:05 AM,28.456,,,,,
840,08/21/17 10:25:05 AM,28.555,,,,,
841,08/21/17 11:25:05 AM,28.853,,,,,
842,08/21/17 12:25:05 PM,28.953,,,,,
843,08/21/17 01:25:05 PM,29.252,,,,,
844,08/21/17 02:25:05 PM,29.452,,,,,
845,08/21/17 03:25:05 PM,29.652,,,,,
846,08/21/17 04:25:05 PM,29.352,,,,,
847,08/21/17 05:25:05 PM,29.352,,,,,
848,08/21/17 06:25:05 PM,29.152,,,,,
849,08/21/17 07:25:05 PM,29.152,,,,,
850,08/21/17 08:25:05 PM,29.352,,,,,
851,08/21/17 09:25:05 PM,29.352,,,,,
852,08/21/17 10:25:05 PM,29.252,,,,,
853,08/21/17 11:25:05 PM,29.152,,,,,
854,08/22/17 12:25:05 AM,29.352,,,,,
855,08/22/17 01:25:05 AM,29.452,,,,,
856,08/22/17 02:25:05 AM,29.452,,,,,
857,08/22/17 03:25:05 AM,29.352,,,,,
858,08/22/17 04:25:05 AM,29.252,,,,,
859,08/22/17 05:25:05 AM,29.152,,,,,
860,08/22/17 06:25:05 AM,29.152,,,,,
861,08/22/17 07:25:05 AM,29.152,,,,,
862,08/22/17 08:25:05 AM,29.352,,,,,
863,08/22/17 09:25:05 AM,29.552,,,,,
864,08/22/17 10:25:05 AM,29.652,,,,,
865,08/22/17 11:25:05 AM,29.953,,,,,
866,08/22/17 12:25:05 PM,30.054,,,,,
867,08/22/17 01:25:05 PM,30.255,,,,,
868,08/22/17 02:25:05 PM,30.154,,,,,
869,08/22/17 03:25:05 PM,30.255,,,,,
870,08/22/17 04:25:05 PM,30.054,,,,,
871,08/22/17 05:25:05 PM,29.853,,,,,
872,08/22/17 06:25:05 PM,29.853,,,,,
873,08/22/17 07:25:05 PM,29.853,,,,,
874,08/22/17 08:25:05 PM,29.752,,,,,
875,08/22/17 09:25:05 PM,29.652,,,,,
876,08/22/17 10:25:05 PM,29.652,,,,,
877,08/22/17 11:25:05 PM,29.752,,,,,
878,08/23/17 12:25:05 AM,29.652,,,,,
879,08/23/17 01:25:05 AM,29.552,,,,,
880,08/23/17 02:25:05 AM,29.452,,,,,
881,08/23/17 03:25:05 AM,29.252,,,,,
882,08/23/17 04:25:05 AM,29.152,,,,,
883,08/23/17 05:25:05 AM,29.252,,,,,
884,08/23/17 06:25:05 AM,29.152,,,,,
885,08/23/17 07:25:05 AM,29.152,,,,,
886,08/23/17 08:25:05 AM,29.152,,,,,
887,08/23/17 09:25:05 AM,29.252,,,,,
888,08/23/17 10:25:05 AM,29.152,,,,,
889,08/23/17 11:25:05 AM,29.152,,,,,
890,08/23/17 12:25:05 PM,29.152,,,,,
891,08/23/17 01:25:05 PM,29.152,,,,,
892,08/23/17 02:25:05 PM,29.252,,,,,
893,08/23/17 03:25:05 PM,29.252,,,,,
894,08/23/17 04:25:05 PM,29.152,,,,,
895,08/23/17 05:25:05 PM,29.152,,,,,
896,08/23/17 06:25:05 PM,29.152,,,,,
897,08/23/17 07:25:05 PM,29.152,,,,,
898,08/23/17 08:25:05 PM,29.053,,,,,
899,08/23/17 09:25:05 PM,29.053,,,,,
900,08/23/17 10:25:05 PM,29.053,,,,,
901,08/23/17 11:25:05 PM,29.053,,,,,
902,08/24/17 12:25:05 AM,28.953,,,,,
903,08/24/17 01:25:05 AM,28.953,,,,,
904,08/24/17 02:25:05 AM,28.953,,,,,
905,08/24/17 03:25:05 AM,28.953,,,,,
906,08/24/17 04:25:05 AM,28.853,,,,,
907,08/24/17 05:25:05 AM,28.853,,,,,
908,08/24/17 06:25:05 AM,28.853,,,,,
909,08/24/17 07:25:05 AM,28.853,,,,,
910,08/24/17 08:25:05 AM,28.754,,,,,
911,08/24/17 09:25:05 AM,28.853,,,,,
912,08/24/17 10:25:05 AM,29.053,,,,,
913,08/24/17 11:25:05 AM,29.352,,,,,
914,08/24/17 12:25:05 PM,29.352,,,,,
915,08/24/17 01:25:05 PM,29.352,,,,,
916,08/24/17 02:25:05 PM,29.352,,,,,
917,08/24/17 03:25:05 PM,29.352,,,,,
918,08/24/17 04:25:05 PM,29.252,,,,,
919,08/24/17 05:25:05 PM,29.352,,,,,
920,08/24/17 06:25:05 PM,29.252,,,,,
921,08/24/17 07:25:05 PM,29.252,,,,,
922,08/24/17 08:25:05 PM,29.352,,,,,
923,08/24/17 09:25:05 PM,29.452,,,,,
924,08/24/17 10:25:05 PM,29.352,,,,,
925,08/24/17 11:25:05 PM,29.352,,,,,
926,08/25/17 12:25:05 AM,29.352,,,,,
927,08/25/17 01:25:05 AM,29.352,,,,,
928,08/25/17 02:25:05 AM,29.352,,,,,
929,08/25/17 03:25:05 AM,29.252,,,,,
930,08/25/17 04:25:05 AM,29.252,,,,,
931,08/25/17 05:25:05 AM,29.252,,,,,
932,08/25/17 06:25:05 AM,29.252,,,,,
933,08/25/17 07:25:05 AM,29.252,,,,,
934,08/25/17 08:25:05 AM,29.352,,,,,
935,08/25/17 09:25:05 AM,29.552,,,,,
936,08/25/17 10:25:05 AM,29.652,,,,,
937,08/25/17 11:25:05 AM,29.853,,,,,
938,08/25/17 12:25:05 PM,30.255,,,,,
939,08/25/17 01:25:05 PM,30.154,,,,,
940,08/25/17 02:25:05 PM,30.054,,,,,
941,08/25/17 03:25:05 PM,30.054,,,,,
942,08/25/17 04:25:05 PM,30.054,,,,,
943,08/25/17 05:25:05 PM,30.054,,,,,
944,08/25/17 06:25:05 PM,29.953,,,,,
945,08/25/17 07:25:05 PM,29.853,,,,,
946,08/25/17 08:25:05 PM,29.853,,,,,
947,08/25/17 09:25:05 PM,29.853,,,,,
948,08/25/17 10:25:05 PM,29.752,,,,,
949,08/25/17 11:25:05 PM,29.652,,,,,
950,08/26/17 12:25:05 AM,29.652,,,,,
951,08/26/17 01:25:05 AM,29.552,,,,,
952,08/26/17 02:25:05 AM,29.552,,,,,
953,08/26/17 03:25:05 AM,29.552,,,,,
954,08/26/17 04:25:05 AM,29.552,,,,,
955,08/26/17 05:25:05 AM,29.452,,,,,
956,08/26/17 06:25:05 AM,29.452,,,,,
957,08/26/17 07:25:05 AM,29.452,,,,,
958,08/26/17 08:25:05 AM,29.452,,,,,
959,08/26/17 09:25:05 AM,29.452,,,,,
960,08/26/17 10:25:05 AM,29.552,,,,,
961,08/26/17 11:25:05 AM,29.752,,,,,
962,08/26/17 12:25:05 PM,30.255,,,,,
963,08/26/17 01:25:05 PM,30.76,,,,,
964,08/26/17 02:25:05 PM,31.472,,,,,
965,08/26/17 03:25:05 PM,30.76,,,,,
966,08/26/17 04:25:05 PM,30.154,,,,,
967,08/26/17 05:25:05 PM,30.054,,,,,
968,08/26/17 06:25:05 PM,29.953,,,,,
969,08/26/17 07:25:05 PM,29.953,,,,,
970,08/26/17 08:25:05 PM,29.953,,,,,
971,08/26/17 09:25:05 PM,29.953,,,,,
972,08/26/17 10:25:05 PM,29.853,,,,,
973,08/26/17 11:25:05 PM,29.853,,,,,
974,08/27/17 12:25:05 AM,29.752,,,,,
975,08/27/17 01:25:05 AM,29.752,,,,,
976,08/27/17 02:25:05 AM,29.752,,,,,
977,08/27/17 03:25:05 AM,29.652,,,,,
978,08/27/17 04:25:05 AM,29.552,,,,,
979,08/27/17 05:25:05 AM,29.452,,,,,
980,08/27/17 06:25:05 AM,29.352,,,,,
981,08/27/17 07:25:05 AM,29.252,,,,,
982,08/27/17 08:25:05 AM,29.352,,,,,
983,08/27/17 09:25:05 AM,29.552,,,,,
984,08/27/17 10:25:05 AM,29.752,,,,,
985,08/27/17 11:25:05 AM,29.853,,,,,
986,08/27/17 12:25:05 PM,30.054,,,,,
987,08/27/17 01:25:05 PM,29.953,,,,,
988,08/27/17 02:25:05 PM,29.853,,,,,
989,08/27/17 03:25:05 PM,29.752,,,,,
990,08/27/17 04:25:05 PM,29.352,,,,,
991,08/27/17 05:25:05 PM,29.152,,,,,
992,08/27/17 06:25:05 PM,29.053,,,,,
993,08/27/17 07:25:05 PM,29.053,,,,,
994,08/27/17 08:25:05 PM,28.953,,,,,
995,08/27/17 09:25:05 PM,29.053,,,,,
996,08/27/17 10:25:05 PM,28.953,,,,,
997,08/27/17 11:25:05 PM,28.953,,,,,
998,08/28/17 12:25:05 AM,28.953,,,,,
999,08/28/17 01:25:05 AM,28.853,,,,,
1000,08/28/17 02:25:05 AM,28.853,,,,,
1001,08/28/17 03:25:05 AM,28.853,,,,,
1002,08/28/17 04:25:05 AM,28.754,,,,,
1003,08/28/17 05:25:05 AM,28.754,,,,,
1004,08/28/17 06:25:05 AM,28.655,,,,,
1005,08/28/17 07:25:05 AM,28.655,,,,,
1006,08/28/17 08:25:05 AM,28.655,,,,,
1007,08/28/17 09:25:05 AM,28.754,,,,,
1008,08/28/17 10:25:05 AM,28.853,,,,,
1009,08/28/17 11:25:05 AM,29.152,,,,,
1010,08/28/17 12:25:05 PM,29.152,,,,,
1011,08/28/17 01:25:05 PM,29.252,,,,,
1012,08/28/17 02:25:05 PM,29.352,,,,,
1013,08/28/17 03:25:05 PM,29.452,,,,,
1014,08/28/17 04:25:05 PM,29.252,,,,,
1015,08/28/17 05:25:05 PM,29.053,,,,,
1016,08/28/17 06:25:05 PM,28.853,,,,,
1017,08/28/17 07:25:05 PM,28.754,,,,,
1018,08/28/17 08:25:05 PM,28.754,,,,,
1019,08/28/17 09:25:05 PM,28.754,,,,,
1020,08/28/17 10:25:05 PM,28.655,,,,,
1021,08/28/17 11:25:05 PM,28.655,,,,,
1022,08/29/17 12:25:05 AM,28.655,,,,,
1023,08/29/17 01:25:05 AM,28.655,,,,,
1024,08/29/17 02:25:05 AM,28.655,,,,,
1025,08/29/17 03:25:05 AM,28.655,,,,,
1026,08/29/17 04:25:05 AM,28.655,,,,,
1027,08/29/17 05:25:05 AM,28.456,,,,,
1028,08/29/17 06:25:05 AM,28.456,,,,,
1029,08/29/17 07:25:05 AM,28.456,,,,,
1030,08/29/17 08:25:05 AM,28.357,,,,,
1031,08/29/17 09:25:05 AM,28.357,,,,,
1032,08/29/17 10:25:05 AM,28.456,,,,,
1033,08/29/17 11:25:05 AM,28.655,,,,,
1034,08/29/17 12:25:05 PM,29.352,,,,,
1035,08/29/17 01:25:05 PM,29.752,,,,,
1036,08/29/17 02:25:05 PM,30.054,,,,,
1037,08/29/17 03:25:05 PM,30.154,,,,,
1038,08/29/17 04:25:05 PM,29.752,,,,,
1039,08/29/17 05:25:05 PM,29.652,,,,,
1040,08/29/17 06:25:05 PM,29.053,,,,,
1041,08/29/17 07:25:05 PM,28.853,,,,,
1042,08/29/17 08:25:05 PM,28.754,,,,,
1043,08/29/17 09:25:05 PM,28.754,,,,,
1044,08/29/17 10:25:05 PM,29.452,,,,,
1045,08/29/17 11:25:05 PM,29.853,,,,,
1046,08/30/17 12:25:05 AM,29.652,,,,,
1047,08/30/17 01:25:05 AM,29.552,,,,,
1048,08/30/17 02:25:05 AM,29.652,,,,,
1049,08/30/17 03:25:05 AM,29.652,,,,,
1050,08/30/17 04:25:05 AM,29.452,,,,,
1051,08/30/17 05:25:05 AM,29.352,,,,,
1052,08/30/17 06:25:05 AM,29.452,,,,,
1053,08/30/17 07:25:05 AM,29.452,,,,,
1054,08/30/17 08:25:05 AM,29.552,,,,,
1055,08/30/17 09:25:05 AM,29.552,,,,,
1056,08/30/17 10:25:05 AM,29.552,,,,,
1057,08/30/17 11:25:05 AM,29.552,,,,,
1058,08/30/17 12:25:05 PM,30.154,,,,,
1059,08/30/17 01:25:05 PM,30.154,,,,,
1060,08/30/17 02:25:05 PM,29.953,,,,,
1061,08/30/17 03:25:05 PM,29.853,,,,,
1062,08/30/17 04:25:05 PM,29.853,,,,,
1063,08/30/17 05:25:05 PM,29.752,,,,,
1064,08/30/17 06:25:05 PM,29.652,,,,,
1065,08/30/17 07:25:05 PM,29.552,,,,,
1066,08/30/17 08:25:05 PM,29.452,,,,,
1067,08/30/17 09:25:05 PM,29.452,,,,,
1068,08/30/17 10:25:05 PM,29.452,,,,,
1069,08/30/17 11:25:05 PM,29.452,,,,,
1070,08/31/17 12:25:05 AM,29.452,,,,,
1071,08/31/17 01:25:05 AM,29.452,,,,,
1072,08/31/17 02:25:05 AM,29.452,,,,,
1073,08/31/17 03:25:05 AM,29.452,,,,,
1074,08/31/17 04:25:05 AM,29.352,,,,,
1075,08/31/17 05:25:05 AM,29.352,,,,,
1076,08/31/17 06:25:05 AM,29.352,,,,,
1077,08/31/17 07:25:05 AM,29.352,,,,,
1078,08/31/17 08:25:05 AM,29.552,,,,,
1079,08/31/17 09:25:05 AM,29.752,,,,,
1080,08/31/17 10:25:05 AM,30.255,,,,,
1081,08/31/17 11:25:05 AM,30.659,,,,,
1082,08/31/17 12:25:05 PM,30.862,,,,,
1083,08/31/17 01:25:05 PM,30.76,,,,,
1084,08/31/17 02:25:05 PM,30.76,,,,,
1085,08/31/17 03:25:05 PM,30.76,,,,,
1086,08/31/17 04:25:05 PM,30.558,,,,,
1087,08/31/17 05:25:05 PM,30.457,,,,,
1088,08/31/17 06:25:05 PM,30.255,,,,,
1089,08/31/17 07:25:05 PM,30.154,,,,,
1090,08/31/17 08:25:05 PM,30.054,,,,,
1091,08/31/17 09:25:05 PM,29.953,,,,,
1092,08/31/17 10:25:05 PM,29.853,,,,,
1093,08/31/17 11:25:05 PM,29.752,,,,,
1094,09/01/2017 00:25,29.752,,,,,
1095,09/01/2017 01:25,29.652,,,,,
1096,09/01/2017 02:25,29.652,,,,,
1097,09/01/2017 03:25,29.652,,,,,
1098,09/01/2017 04:25,29.552,,,,,
1099,09/01/2017 05:25,29.552,,,,,
1100,09/01/2017 06:25,29.552,,,,,
1101,09/01/2017 07:25,29.552,,,,,
1102,09/01/2017 08:25,29.752,,,,,
1103,09/01/2017 09:25,29.953,,,,,
1104,09/01/2017 10:25,30.054,,,,,
1105,09/01/2017 11:25,30.255,,,,,
1106,09/01/2017 12:25,31.166,,,,,
1107,09/01/2017 13:25,30.659,,,,,
1108,09/01/2017 14:25,30.76,,,,,
1109,09/01/2017 15:25,30.558,,,,,
1110,09/01/2017 16:25,30.457,,,,,
1111,09/01/2017 17:25,30.255,,,,,
1112,09/01/2017 18:25,30.054,,,,,
1113,09/01/2017 19:25,29.953,,,,,
1114,09/01/2017 20:25,29.853,,,,,
1115,09/01/2017 21:25,29.853,,,,,
1116,09/01/2017 22:25,29.752,,,,,
1117,09/01/2017 23:25,29.752,,,,,
1118,09/02/2017 00:25,29.752,,,,,
1119,09/02/2017 01:25,29.652,,,,,
1120,09/02/2017 02:25,29.652,,,,,
1121,09/02/2017 03:25,29.552,,,,,
1122,09/02/2017 04:25,29.552,,,,,
1123,09/02/2017 05:25,29.552,,,,,
1124,09/02/2017 06:25,29.552,,,,,
1125,09/02/2017 07:25,29.552,,,,,
1126,09/02/2017 08:25,29.652,,,,,
1127,09/02/2017 09:25,29.752,,,,,
1128,09/02/2017 10:25,30.054,,,,,
1129,09/02/2017 11:25,30.558,,,,,
1130,09/02/2017 12:25,30.659,,,,,
1131,09/02/2017 13:25,30.457,,,,,
1132,09/02/2017 14:25,30.255,,,,,
1133,09/02/2017 15:25,30.054,,,,,
1134,09/02/2017 16:25,30.154,,,,,
1135,09/02/2017 17:25,30.054,,,,,
1136,09/02/2017 18:25,29.953,,,,,
1137,09/02/2017 19:25,29.853,,,,,
1138,09/02/2017 20:25,29.853,,,,,
1139,09/02/2017 21:25,29.752,,,,,
1140,09/02/2017 22:25,29.652,,,,,
1141,09/02/2017 23:25,29.552,,,,,
1142,09/03/2017 00:25,29.452,,,,,
1143,09/03/2017 01:25,29.252,,,,,
1144,09/03/2017 02:25,29.152,,,,,
1145,09/03/2017 03:25,29.053,,,,,
1146,09/03/2017 04:25,28.953,,,,,
1147,09/03/2017 05:25,29.053,,,,,
1148,09/03/2017 06:25,29.053,,,,,
1149,09/03/2017 07:25,29.053,,,,,
1150,09/03/2017 08:25,29.053,,,,,
1151,09/03/2017 09:25,29.053,,,,,
1152,09/03/2017 10:25,29.252,,,,,
1153,09/03/2017 11:25,29.853,,,,,
1154,09/03/2017 12:25,30.054,,,,,
1155,09/03/2017 13:25,30.054,,,,,
1156,09/03/2017 14:25,30.154,,,,,
1157,09/03/2017 15:25,29.953,,,,,
1158,09/03/2017 16:25,29.752,,,,,
1159,09/03/2017 17:25,29.953,,,,,
1160,09/03/2017 18:25,29.752,,,,,
1161,09/03/2017 19:25,29.652,,,,,
1162,09/03/2017 20:25,29.552,,,,,
1163,09/03/2017 21:25,29.452,,,,,
1164,09/03/2017 22:25,29.452,,,,,
1165,09/03/2017 23:25,29.452,,,,,
1166,09/04/2017 00:25,29.352,,,,,
1167,09/04/2017 01:25,29.252,,,,,
1168,09/04/2017 02:25,29.252,,,,,
1169,09/04/2017 03:25,29.152,,,,,
1170,09/04/2017 04:25,29.152,,,,,
1171,09/04/2017 05:25,29.152,,,,,
1172,09/04/2017 06:25,29.152,,,,,
1173,09/04/2017 07:25,29.152,,,,,
1174,09/04/2017 08:25,29.152,,,,,
1175,09/04/2017 09:25,29.252,,,,,
1176,09/04/2017 10:25,29.352,,,,,
1177,09/04/2017 11:25,29.452,,,,,
1178,09/04/2017 12:25,29.452,,,,,
1179,09/04/2017 13:25,29.652,,,,,
1180,09/04/2017 14:25,29.652,,,,,
1181,09/04/2017 15:25,29.752,,,,,
1182,09/04/2017 16:25,29.652,,,,,
1183,09/04/2017 17:25,29.552,,,,,
1184,09/04/2017 18:25,29.552,,,,,
1185,09/04/2017 19:25,29.452,,,,,
1186,09/04/2017 20:25,29.452,,,,,
1187,09/04/2017 21:25,29.452,,,,,
1188,09/04/2017 22:25,29.352,,,,,
1189,09/04/2017 23:25,29.352,,,,,
1190,09/05/2017 00:25,29.452,,,,,
1191,09/05/2017 01:25,29.452,,,,,
1192,09/05/2017 02:25,29.352,,,,,
1193,09/05/2017 03:25,29.352,,,,,
1194,09/05/2017 04:25,29.252,,,,,
1195,09/05/2017 05:25,29.252,,,,,
1196,09/05/2017 06:25,29.252,,,,,
1197,09/05/2017 07:25,29.252,,,,,
1198,09/05/2017 08:25,29.252,,,,,
1199,09/05/2017 09:25,29.352,,,,,
1200,09/05/2017 10:25,29.552,,,,,
1201,09/05/2017 11:25,29.552,,,,,
1202,09/05/2017 12:25,29.552,,,,,
1203,09/05/2017 13:25,29.552,,,,,
1204,09/05/2017 14:25,29.652,,,,,
1205,09/05/2017 15:25,29.452,,,,,
1206,09/05/2017 16:25,29.552,,,,,
1207,09/05/2017 17:25,29.552,,,,,
1208,09/05/2017 18:25,29.452,,,,,
1209,09/05/2017 19:25,29.452,,,,,
1210,09/05/2017 20:25,29.352,,,,,
1211,09/05/2017 21:25,29.352,,,,,
1212,09/05/2017 22:25,29.252,,,,,
1213,09/05/2017 23:25,29.252,,,,,
1214,09/06/2017 00:25,29.252,,,,,
1215,09/06/2017 01:25,29.252,,,,,
1216,09/06/2017 02:25,29.152,,,,,
1217,09/06/2017 03:25,29.152,,,,,
1218,09/06/2017 04:25,29.053,,,,,
1219,09/06/2017 05:25,29.053,,,,,
1220,09/06/2017 06:25,29.053,,,,,
1221,09/06/2017 07:25,29.053,,,,,
1222,09/06/2017 08:25,28.953,,,,,
1223,09/06/2017 09:25,29.053,,,,,
1224,09/06/2017 10:25,29.152,,,,,
1225,09/06/2017 11:25,29.152,,,,,
1226,09/06/2017 12:25,29.152,,,,,
1227,09/06/2017 13:25,29.152,,,,,
1228,09/06/2017 14:25,29.252,,,,,
1229,09/06/2017 15:25,29.252,,,,,
1230,09/06/2017 16:25,29.252,,,,,
1231,09/06/2017 17:25,29.252,,,,,
1232,09/06/2017 18:25,29.252,,,,,
1233,09/06/2017 19:25,29.252,,,,,
1234,09/06/2017 20:25,29.252,,,,,
1235,09/06/2017 21:25,29.152,,,,,
1236,09/06/2017 22:25,29.053,,,,,
1237,09/06/2017 23:25,29.053,,,,,
1238,09/07/2017 00:25,29.053,,,,,
1239,09/07/2017 01:25,29.053,,,,,
1240,09/07/2017 02:25,29.053,,,,,
1241,09/07/2017 03:25,29.053,,,,,
1242,09/07/2017 04:25,29.053,,,,,
1243,09/07/2017 05:25,29.053,,,,,
1244,09/07/2017 06:25,28.953,,,,,
1245,09/07/2017 07:25,28.953,,,,,
1246,09/07/2017 08:25,28.953,,,,,
1247,09/07/2017 09:25,28.953,,,,,
1248,09/07/2017 10:25,28.456,,,,,
1249,09/07/2017 11:25,28.456,,,,,
1250,09/07/2017 12:25,28.159,,,,,
1251,09/07/2017 13:25,28.357,,,,,
1252,09/07/2017 14:25,28.655,,,,,
1253,09/07/2017 15:25,28.754,,,,,
1254,09/07/2017 16:25,28.754,,,,,
1255,09/07/2017 17:25,28.655,,,,,
1256,09/07/2017 18:25,28.555,,,,,
1257,09/07/2017 19:25,28.655,,,,,
1258,09/07/2017 20:25,28.456,,,,,
1259,09/07/2017 21:25,28.754,,,,,
1260,09/07/2017 22:25,28.655,,,,,
1261,09/07/2017 23:25,28.655,,,,,
1262,09/08/2017 00:25,28.456,,,,,
1263,09/08/2017 01:25,28.456,,,,,
1264,09/08/2017 02:25,28.357,,,,,
1265,09/08/2017 03:25,28.06,,,,,
1266,09/08/2017 04:25,27.862,,,,,
1267,09/08/2017 05:25,27.665,,,,,
1268,09/08/2017 06:25,27.961,,,,,
1269,09/08/2017 07:25,28.06,,,,,
1270,09/08/2017 08:25,28.06,,,,,
1271,09/08/2017 09:25,28.258,,,,,
1272,09/08/2017 10:25,28.555,,,,,
1273,09/08/2017 11:25,29.152,,,,,
1274,09/08/2017 12:25,29.053,,,,,
1275,09/08/2017 13:25,28.953,,,,,
1276,09/08/2017 14:25,29.452,,,,,
1277,09/08/2017 15:25,29.352,,,,,
1278,09/08/2017 16:25,29.352,,,,,
1279,09/08/2017 17:25,29.252,,,,,
1280,09/08/2017 18:25,29.152,,,,,
1281,09/08/2017 19:25,29.053,,,,,
1282,09/08/2017 20:25,29.053,,,,,
1283,09/08/2017 21:25,29.152,,,,,
1284,09/08/2017 22:25,29.152,,,,,
1285,09/08/2017 23:25,29.152,,,,,
1286,09/09/2017 00:25,28.953,,,,,
1287,09/09/2017 01:25,29.152,,,,,
1288,09/09/2017 02:25,29.053,,,,,
1289,09/09/2017 03:25,29.152,,,,,
1290,09/09/2017 04:25,29.152,,,,,
1291,09/09/2017 05:25,29.053,,,,,
1292,09/09/2017 06:25,29.053,,,,,
1293,09/09/2017 07:25,28.953,,,,,
1294,09/09/2017 08:25,28.655,,,,,
1295,09/09/2017 09:25,28.655,,,,,
1296,09/09/2017 10:25,28.555,,,,,
1297,09/09/2017 11:25,28.754,,,,,
1298,09/09/2017 12:25,28.953,,,,,
1299,09/09/2017 13:25,28.853,,,,,
1300,09/09/2017 14:25,29.053,,,,,
1301,09/09/2017 15:25,29.053,,,,,
1302,09/09/2017 16:25,29.053,,,,,
1303,09/09/2017 17:25,28.953,,,,,
1304,09/09/2017 18:25,28.953,,,,,
1305,09/09/2017 19:25,28.953,,,,,
1306,09/09/2017 20:25,28.853,,,,,
1307,09/09/2017 21:25,28.754,,,,,
1308,09/09/2017 22:25,28.555,,,,,
1309,09/09/2017 23:25,28.555,,,,,
1310,09/10/2017 00:25,28.655,,,,,
1311,09/10/2017 01:25,28.754,,,,,
1312,09/10/2017 02:25,28.754,,,,,
1313,09/10/2017 03:25,28.754,,,,,
1314,09/10/2017 04:25,28.754,,,,,
1315,09/10/2017 05:25,28.754,,,,,
1316,09/10/2017 06:25,28.655,,,,,
1317,09/10/2017 07:25,28.754,,,,,
1318,09/10/2017 08:25,28.655,,,,,
1319,09/10/2017 09:25,28.555,,,,,
1320,09/10/2017 10:25,28.754,,,,,
1321,09/10/2017 11:25,28.754,,,,,
1322,09/10/2017 12:25,28.555,,,,,
1323,09/10/2017 13:25,28.754,,,,,
1324,09/10/2017 14:25,28.754,,,,,
1325,09/10/2017 15:25,28.853,,,,,
1326,09/10/2017 16:25,28.953,,,,,
1327,09/10/2017 17:25,28.853,,,,,
1328,09/10/2017 18:25,28.853,,,,,
1329,09/10/2017 19:25,28.853,,,,,
1330,09/10/2017 20:25,28.555,,,,,
1331,09/10/2017 21:25,28.555,,,,,
1332,09/10/2017 22:25,28.555,,,,,
1333,09/10/2017 23:25,28.555,,,,,
1334,09/11/2017 00:25,28.555,,,,,
1335,09/11/2017 01:25,28.357,,,,,
1336,09/11/2017 02:25,28.456,,,,,
1337,09/11/2017 03:25,28.555,,,,,
1338,09/11/2017 04:25,28.754,,,,,
1339,09/11/2017 05:25,28.655,,,,,
1340,09/11/2017 06:25,28.853,,,,,
1341,09/11/2017 07:25,28.555,,,,,
1342,09/11/2017 08:25,28.754,,,,,
1343,09/11/2017 09:25,29.053,,,,,
1344,09/11/2017 10:25,29.053,,,,,
1345,09/11/2017 11:25,29.152,,,,,
1346,09/11/2017 12:25,28.06,,,,,
1347,09/11/2017 13:25,29.552,,,,,
1348,09/11/2017 14:25,30.054,,,,,
1349,09/11/2017 15:25,29.853,,,,,
1350,09/11/2017 16:25,29.652,,,,,
1351,09/11/2017 17:25,29.452,,,,,
1352,09/11/2017 18:25,29.352,,,,,
1353,09/11/2017 19:25,29.252,,,,,
1354,09/11/2017 20:25,29.252,,,,,
1355,09/11/2017 21:25,29.252,,,,,
1356,09/11/2017 22:25,29.352,,,,,
1357,09/11/2017 23:25,29.452,,,,,
1358,09/12/2017 00:25,29.352,,,,,
1359,09/12/2017 01:25,29.252,,,,,
1360,09/12/2017 02:25,29.252,,,,,
1361,09/12/2017 03:25,28.953,,,,,
1362,09/12/2017 04:25,29.053,,,,,
1363,09/12/2017 05:25,29.053,,,,,
1364,09/12/2017 06:25,29.053,,,,,
1365,09/12/2017 07:25,28.953,,,,,
1366,09/12/2017 08:25,29.152,,,,,
1367,09/12/2017 09:25,29.452,,,,,
1368,09/12/2017 10:25,29.452,,,,,
1369,09/12/2017 11:25,29.752,,,,,
1370,09/12/2017 12:25,29.853,,,,,
1371,09/12/2017 13:25,29.953,,,,,
1372,09/12/2017 14:25,30.154,,,,,
1373,09/12/2017 15:25,30.255,,,,,
1374,09/12/2017 16:25,30.054,,,,,
1375,09/12/2017 17:25,30.054,,,,,
1376,09/12/2017 18:25,29.853,,,,,
1377,09/12/2017 19:25,29.853,,,,,
1378,09/12/2017 20:25,29.752,,,,,
1379,09/12/2017 21:25,29.752,,,,,
1380,09/12/2017 22:25,29.652,,,,,
1381,09/12/2017 23:25,29.652,,,,,
1382,09/13/17 12:25:05 AM,29.652,,,,,
1383,09/13/17 01:25:05 AM,29.652,,,,,
1384,09/13/17 02:25:05 AM,29.652,,,,,
1385,09/13/17 03:25:05 AM,29.552,,,,,
1386,09/13/17 04:25:05 AM,29.552,,,,,
1387,09/13/17 05:25:05 AM,29.452,,,,,
1388,09/13/17 06:25:05 AM,29.352,,,,,
1389,09/13/17 07:25:05 AM,29.352,,,,,
1390,09/13/17 08:25:05 AM,29.252,,,,,
1391,09/13/17 09:25:05 AM,29.252,,,,,
1392,09/13/17 10:25:05 AM,29.152,,,,,
1393,09/13/17 11:25:05 AM,29.252,,,,,
1394,09/13/17 12:25:05 PM,29.352,,,,,
1395,09/13/17 01:25:05 PM,29.552,,,,,
1396,09/13/17 02:25:05 PM,29.652,,,,,
1397,09/13/17 03:25:05 PM,29.752,,,,,
1398,09/13/17 04:25:05 PM,29.752,,,,,
1399,09/13/17 05:25:05 PM,29.652,,,,,
1400,09/13/17 06:25:05 PM,29.552,,,,,
1401,09/13/17 07:25:05 PM,29.452,,,,,
1402,09/13/17 08:25:05 PM,29.352,,,,,
1403,09/13/17 09:25:05 PM,29.352,,,,,
1404,09/13/17 10:25:05 PM,29.352,,,,,
1405,09/13/17 11:25:05 PM,29.252,,,,,
1406,09/14/17 12:25:05 AM,29.252,,,,,
1407,09/14/17 01:25:05 AM,29.252,,,,,
1408,09/14/17 02:25:05 AM,29.252,,,,,
1409,09/14/17 03:25:05 AM,29.152,,,,,
1410,09/14/17 04:25:05 AM,29.152,,,,,
1411,09/14/17 05:25:05 AM,29.053,,,,,
1412,09/14/17 06:25:05 AM,29.053,,,,,
1413,09/14/17 07:25:05 AM,29.053,,,,,
1414,09/14/17 08:25:05 AM,29.152,,,,,
1415,09/14/17 09:25:05 AM,29.352,,,,,
1416,09/14/17 10:25:05 AM,29.452,,,,,
1417,09/14/17 11:25:05 AM,29.853,,,,,
1418,09/14/17 12:25:05 PM,30.255,,,,,
1419,09/14/17 01:25:05 PM,30.457,,,,,
1420,09/14/17 02:25:05 PM,30.154,,,,,
1421,09/14/17 03:25:05 PM,29.853,,,,,
1422,09/14/17 04:25:05 PM,29.652,,,,,
1423,09/14/17 05:25:05 PM,29.652,,,,,
1424,09/14/17 06:25:05 PM,29.552,,,,,
1425,09/14/17 07:25:05 PM,29.452,,,,,
1426,09/14/17 08:25:05 PM,29.352,,,,,
1427,09/14/17 09:25:05 PM,29.252,,,,,
1428,09/14/17 10:25:05 PM,29.252,,,,,
1429,09/14/17 11:25:05 PM,29.252,,,,,
1430,09/15/17 12:25:05 AM,29.252,,,,,
1431,09/15/17 01:25:05 AM,29.252,,,,,
1432,09/15/17 02:25:05 AM,29.152,,,,,
1433,09/15/17 03:25:05 AM,29.252,,,,,
1434,09/15/17 04:25:05 AM,29.252,,,,,
1435,09/15/17 05:25:05 AM,29.152,,,,,
1436,09/15/17 06:25:05 AM,29.152,,,,,
1437,09/15/17 07:25:05 AM,29.152,,,,,
1438,09/15/17 08:25:05 AM,29.352,,,,,
1439,09/15/17 09:25:05 AM,29.352,,,,,
1440,09/15/17 10:25:05 AM,29.652,,,,,
1441,09/15/17 11:25:05 AM,29.752,,,,,
1442,09/15/17 12:25:05 PM,29.953,,,,,
1443,09/15/17 01:25:05 PM,29.853,,,,,
1444,09/15/17 02:25:05 PM,29.752,,,,,
1445,09/15/17 03:25:05 PM,29.752,,,,,
1446,09/15/17 04:25:05 PM,29.652,,,,,
1447,09/15/17 05:25:05 PM,29.552,,,,,
1448,09/15/17 06:25:05 PM,29.652,,,,,
1449,09/15/17 07:25:05 PM,29.652,,,,,
1450,09/15/17 08:25:05 PM,29.552,,,,,
1451,09/15/17 09:25:05 PM,29.552,,,,,
1452,09/15/17 10:25:05 PM,29.452,,,,,
1453,09/15/17 11:25:05 PM,29.352,,,,,
1454,09/16/17 12:25:05 AM,29.352,,,,,
1455,09/16/17 01:25:05 AM,29.252,,,,,
1456,09/16/17 02:25:05 AM,29.352,,,,,
1457,09/16/17 03:25:05 AM,29.252,,,,,
1458,09/16/17 04:25:05 AM,29.252,,,,,
1459,09/16/17 05:25:05 AM,29.252,,,,,
1460,09/16/17 06:25:05 AM,29.152,,,,,
1461,09/16/17 07:25:05 AM,29.152,,,,,
1462,09/16/17 08:25:05 AM,29.252,,,,,
1463,09/16/17 09:25:05 AM,29.452,,,,,
1464,09/16/17 10:25:05 AM,29.652,,,,,
1465,09/16/17 11:25:05 AM,29.552,,,,,
1466,09/16/17 12:25:05 PM,30.558,,,,,
1467,09/16/17 01:25:05 PM,30.457,,,,,
1468,09/16/17 02:25:05 PM,30.255,,,,,
1469,09/16/17 03:25:05 PM,29.953,,,,,
1470,09/16/17 04:25:05 PM,29.752,,,,,
1471,09/16/17 05:25:05 PM,29.652,,,,,
1472,09/16/17 06:25:05 PM,29.552,,,,,
1473,09/16/17 07:25:05 PM,29.252,,,,,
1474,09/16/17 08:25:05 PM,29.452,,,,,
1475,09/16/17 09:25:05 PM,29.552,,,,,
1476,09/16/17 10:25:05 PM,29.552,,,,,
1477,09/16/17 11:25:05 PM,29.452,,,,,
1478,09/17/17 12:25:05 AM,29.452,,,,,
1479,09/17/17 01:25:05 AM,29.452,,,,,
1480,09/17/17 02:25:05 AM,29.452,,,,,
1481,09/17/17 03:25:05 AM,29.352,,,,,
1482,09/17/17 04:25:05 AM,29.452,,,,,
1483,09/17/17 05:25:05 AM,29.452,,,,,
1484,09/17/17 06:25:05 AM,29.352,,,,,
1485,09/17/17 07:25:05 AM,29.452,,,,,
1486,09/17/17 08:25:05 AM,29.452,,,,,
1487,09/17/17 09:25:05 AM,29.652,,,,,
1488,09/17/17 10:25:05 AM,29.853,,,,,
1489,09/17/17 11:25:05 AM,29.953,,,,,
1490,09/17/17 12:25:05 PM,30.154,,,,,
1491,09/17/17 01:25:05 PM,30.255,,,,,
1492,09/17/17 02:25:05 PM,30.356,,,,,
1493,09/17/17 03:25:05 PM,30.356,,,,,
1494,09/17/17 04:25:05 PM,30.356,,,,,
1495,09/17/17 05:25:05 PM,30.356,,,,,
1496,09/17/17 06:25:05 PM,30.255,,,,,
1497,09/17/17 07:25:05 PM,30.054,,,,,
1498,09/17/17 08:25:05 PM,29.853,,,,,
1499,09/17/17 09:25:05 PM,29.853,,,,,
1500,09/17/17 10:25:05 PM,29.853,,,,,
1501,09/17/17 11:25:05 PM,29.853,,,,,
1502,09/18/17 12:25:05 AM,29.853,,,,,
1503,09/18/17 01:25:05 AM,29.853,,,,,
1504,09/18/17 02:25:05 AM,29.853,,,,,
1505,09/18/17 03:25:05 AM,29.853,,,,,
1506,09/18/17 04:25:05 AM,29.853,,,,,
1507,09/18/17 05:25:05 AM,29.752,,,,,
1508,09/18/17 06:25:05 AM,29.752,,,,,
1509,09/18/17 07:25:05 AM,29.853,,,,,
1510,09/18/17 08:25:05 AM,29.853,,,,,
1511,09/18/17 09:25:05 AM,29.953,,,,,
1512,09/18/17 10:25:05 AM,29.953,,,,,
1513,09/18/17 11:25:05 AM,29.953,,,,,
1514,09/18/17 12:25:05 PM,30.054,,,,,
1515,09/18/17 01:25:05 PM,30.356,,,,,
1516,09/18/17 02:25:05 PM,30.255,,,,,
1517,09/18/17 03:25:05 PM,30.255,,,,,
1518,09/18/17 04:25:05 PM,30.255,,,,,
1519,09/18/17 05:25:05 PM,30.154,,,,,
1520,09/18/17 06:25:05 PM,30.154,,,,,
1521,09/18/17 07:25:05 PM,30.054,,,,,
1522,09/18/17 08:25:05 PM,29.953,,,,,
1523,09/18/17 09:25:05 PM,29.853,,,,,
1524,09/18/17 10:25:05 PM,29.853,,,,,
1525,09/18/17 11:25:05 PM,29.853,,,,,
1526,09/19/17 12:25:05 AM,29.752,,,,,
1527,09/19/17 01:25:05 AM,29.752,,,,,
1528,09/19/17 02:25:05 AM,29.752,,,,,
1529,09/19/17 03:25:05 AM,29.652,,,,,
1530,09/19/17 04:25:05 AM,29.652,,,,,
1531,09/19/17 05:25:05 AM,29.652,,,,,
1532,09/19/17 06:25:05 AM,29.652,,,,,
1533,09/19/17 07:25:05 AM,29.552,,,,,
1534,09/19/17 08:25:05 AM,29.652,,,,,
1535,09/19/17 09:25:05 AM,30.054,,,,,
1536,09/19/17 10:25:05 AM,30.255,,,,,
1537,09/19/17 11:25:05 AM,30.356,,,,,
1538,09/19/17 12:25:05 PM,30.255,,,,,
1539,09/19/17 01:25:05 PM,30.356,,,,,
1540,09/19/17 02:25:05 PM,30.558,,,,,
1541,09/19/17 03:25:05 PM,30.457,,,,,
1542,09/19/17 04:25:05 PM,30.154,,,,,
1543,09/19/17 05:25:05 PM,30.054,,,,,
1544,09/19/17 06:25:05 PM,30.054,,,,,
1545,09/19/17 07:25:05 PM,30.054,,,,,
1546,09/19/17 08:25:05 PM,30.054,,,,,
1547,09/19/17 09:25:05 PM,30.054,,,,,
1548,09/19/17 10:25:05 PM,30.054,,,,,
1549,09/19/17 11:25:05 PM,30.154,,,,,
1550,09/20/17 12:25:05 AM,30.054,,,,,
1551,09/20/17 01:25:05 AM,29.953,,,,,
1552,09/20/17 02:25:05 AM,29.953,,,,,
1553,09/20/17 03:25:05 AM,29.853,,,,,
1554,09/20/17 04:25:05 AM,29.853,,,,,
1555,09/20/17 05:25:05 AM,29.752,,,,,
1556,09/20/17 06:25:05 AM,29.752,,,,,
1557,09/20/17 07:25:05 AM,29.752,,,,,
1558,09/20/17 08:25:05 AM,29.652,,,,,
1559,09/20/17 09:25:05 AM,29.752,,,,,
1560,09/20/17 10:25:05 AM,30.457,,,,,
1561,09/20/17 11:25:05 AM,30.356,,,,,
1562,09/20/17 12:25:05 PM,30.558,,,,,
1563,09/20/17 01:25:05 PM,30.862,,,,,
1564,09/20/17 02:25:05 PM,30.558,,,,,
1565,09/20/17 03:25:05 PM,30.76,,,,,
1566,09/20/17 04:25:05 PM,30.558,,,,,
1567,09/20/17 05:25:05 PM,30.356,,,,,
1568,09/20/17 06:25:05 PM,30.558,,,,,
1569,09/20/17 07:25:05 PM,30.659,,,,,
1570,09/20/17 08:25:05 PM,30.659,,,,,
1571,09/20/17 09:25:05 PM,30.659,,,,,
1572,09/20/17 10:25:05 PM,30.558,,,,,
1573,09/20/17 11:25:05 PM,30.457,,,,,
1574,09/21/17 12:25:05 AM,30.558,,,,,
1575,09/21/17 01:25:05 AM,30.558,,,,,
1576,09/21/17 02:25:05 AM,30.457,,,,,
1577,09/21/17 03:25:05 AM,30.356,,,,,
1578,09/21/17 04:25:05 AM,30.356,,,,,
1579,09/21/17 05:25:05 AM,30.255,,,,,
1580,09/21/17 06:25:05 AM,30.255,,,,,
1581,09/21/17 07:25:05 AM,30.356,,,,,
1582,09/21/17 08:25:05 AM,30.255,,,,,
1583,09/21/17 09:25:05 AM,30.356,,,,,
1584,09/21/17 10:25:05 AM,30.356,,,,,
1585,09/21/17 11:25:05 AM,30.356,,,,,
1586,09/21/17 12:25:05 PM,30.659,,,,,
1587,09/21/17 01:25:05 PM,30.76,,,,,
1588,09/21/17 02:25:05 PM,30.862,,,,,
1589,09/21/17 03:25:05 PM,30.963,,,,,
1590,09/21/17 04:25:05 PM,30.963,,,,,
1591,09/21/17 05:25:05 PM,30.862,,,,,
1592,09/21/17 06:25:05 PM,30.862,,,,,
1593,09/21/17 07:25:05 PM,30.659,,,,,
1594,09/21/17 08:25:05 PM,30.76,,,,,
1595,09/21/17 09:25:05 PM,30.76,,,,,
1596,09/21/17 10:25:05 PM,30.76,,,,,
1597,09/21/17 11:25:05 PM,30.659,,,,,
1598,09/22/17 12:25:05 AM,30.558,,,,,
1599,09/22/17 01:25:05 AM,30.558,,,,,
1600,09/22/17 02:25:05 AM,30.558,,,,,
1601,09/22/17 03:25:05 AM,30.457,,,,,
1602,09/22/17 04:25:05 AM,30.356,,,,,
1603,09/22/17 05:25:05 AM,30.356,,,,,
1604,09/22/17 06:25:05 AM,30.255,,,,,
1605,09/22/17 07:25:05 AM,30.356,,,,,
1606,09/22/17 08:25:05 AM,30.457,,,,,
1607,09/22/17 09:25:05 AM,30.76,,,,,
1608,09/22/17 10:25:05 AM,30.963,,,,,
1609,09/22/17 11:25:05 AM,31.268,,,,,
1610,09/22/17 12:25:05 PM,31.268,,,,,
1611,09/22/17 01:25:05 PM,31.166,,,,,
1612,09/22/17 02:25:05 PM,31.166,,,,,
1613,09/22/17 03:25:05 PM,30.862,,,,,
1614,09/22/17 04:25:05 PM,30.963,,,,,
1615,09/22/17 05:25:05 PM,30.862,,,,,
1616,09/22/17 06:25:05 PM,30.76,,,,,
1617,09/22/17 07:25:05 PM,30.76,,,,,
1618,09/22/17 08:25:05 PM,30.76,,,,,
1619,09/22/17 09:25:05 PM,30.862,,,,,
1620,09/22/17 10:25:05 PM,30.963,,,,,
1621,09/22/17 11:25:05 PM,30.862,,,,,
1622,09/23/17 12:25:05 AM,30.862,,,,,
1623,09/23/17 01:25:05 AM,30.76,,,,,
1624,09/23/17 02:25:05 AM,30.558,,,,,
1625,09/23/17 03:25:05 AM,30.457,,,,,
1626,09/23/17 04:25:05 AM,30.356,,,,,
1627,09/23/17 05:25:05 AM,30.255,,,,,
1628,09/23/17 06:25:05 AM,30.154,,,,,
1629,09/23/17 07:25:05 AM,30.154,,,,,
1630,09/23/17 08:25:05 AM,30.255,,,,,
1631,09/23/17 09:25:05 AM,29.953,,,,,
1632,09/23/17 10:25:05 AM,30.054,,,,,
1633,09/23/17 11:25:05 AM,30.356,,,,,
1634,09/23/17 12:25:05 PM,30.558,,,,,
1635,09/23/17 01:25:05 PM,30.862,,,,,
1636,09/23/17 02:25:05 PM,30.457,,,,,
1637,09/23/17 03:25:05 PM,30.659,,,,,
1638,09/23/17 04:25:05 PM,30.659,,,,,
1639,09/23/17 05:25:05 PM,30.558,,,,,
1640,09/23/17 06:25:05 PM,30.356,,,,,
1641,09/23/17 07:25:05 PM,29.953,,,,,
1642,09/23/17 08:25:05 PM,30.154,,,,,
1643,09/23/17 09:25:05 PM,30.255,,,,,
1644,09/23/17 10:25:05 PM,30.356,,,,,
1645,09/23/17 11:25:05 PM,30.255,,,,,
1646,09/24/17 12:25:05 AM,30.154,,,,,
1647,09/24/17 01:25:05 AM,30.154,,,,,
1648,09/24/17 02:25:05 AM,30.154,,,,,
1649,09/24/17 03:25:05 AM,30.154,,,,,
1650,09/24/17 04:25:05 AM,30.054,,,,,
1651,09/24/17 05:25:05 AM,30.054,,,,,
1652,09/24/17 06:25:05 AM,29.953,,,,,
1653,09/24/17 07:25:05 AM,29.853,,,,,
1654,09/24/17 08:25:05 AM,29.853,,,,,
1655,09/24/17 09:25:05 AM,29.752,,,,,
1656,09/24/17 10:25:05 AM,29.853,,,,,
1657,09/24/17 11:25:05 AM,29.853,,,,,
1658,09/24/17 12:25:05 PM,30.255,,,,,
1659,09/24/17 01:25:05 PM,30.862,,,,,
1660,09/24/17 02:25:05 PM,30.862,,,,,
1661,09/24/17 03:25:05 PM,30.659,,,,,
1662,09/24/17 04:25:05 PM,30.862,,,,,
1663,09/24/17 05:25:05 PM,30.659,,,,,
1664,09/24/17 06:25:05 PM,30.659,,,,,
1665,09/24/17 07:25:05 PM,30.659,,,,,
1666,09/24/17 08:25:05 PM,30.558,,,,,
1667,09/24/17 09:25:05 PM,30.457,,,,,
1668,09/24/17 10:25:05 PM,30.558,,,,,
1669,09/24/17 11:25:05 PM,30.558,,,,,
1670,09/25/17 12:25:05 AM,30.457,,,,,
1671,09/25/17 01:25:05 AM,30.457,,,,,
1672,09/25/17 02:25:05 AM,30.558,,,,,
1673,09/25/17 03:25:05 AM,30.659,,,,,
1674,09/25/17 04:25:05 AM,30.356,,,,,
1675,09/25/17 05:25:05 AM,30.356,,,,,
1676,09/25/17 06:25:05 AM,30.255,,,,,
1677,09/25/17 07:25:05 AM,30.255,,,,,
1678,09/25/17 08:25:05 AM,30.255,,,,,
1679,09/25/17 09:25:05 AM,30.154,,,,,
1680,09/25/17 10:25:05 AM,30.154,,,,,
1681,09/25/17 11:25:05 AM,30.255,,,,,
1682,09/25/17 12:25:05 PM,30.255,,,,,
1683,09/25/17 01:25:05 PM,30.356,,,,,
1684,09/25/17 02:25:05 PM,30.356,,,,,
1685,09/25/17 03:25:05 PM,30.356,,,,,
1686,09/25/17 04:25:05 PM,30.356,,,,,
1687,09/25/17 05:25:05 PM,30.457,,,,,
1688,09/25/17 06:25:05 PM,30.255,,,,,
1689,09/25/17 07:25:05 PM,30.154,,,,,
1690,09/25/17 08:25:05 PM,30.154,,,,,
1691,09/25/17 09:25:05 PM,30.154,,,,,
1692,09/25/17 10:25:05 PM,30.154,,,,,
1693,09/25/17 11:25:05 PM,30.054,,,,,
1694,09/26/17 12:25:05 AM,30.054,,,,,
1695,09/26/17 01:25:05 AM,30.054,,,,,
1696,09/26/17 02:25:05 AM,30.054,,,,,
1697,09/26/17 03:25:05 AM,29.953,,,,,
1698,09/26/17 04:25:05 AM,30.054,,,,,
1699,09/26/17 05:25:05 AM,29.953,,,,,
1700,09/26/17 06:25:05 AM,29.953,,,,,
1701,09/26/17 07:25:05 AM,29.953,,,,,
1702,09/26/17 08:25:05 AM,29.953,,,,,
1703,09/26/17 09:25:05 AM,30.054,,,,,
1704,09/26/17 10:25:05 AM,30.154,,,,,
1705,09/26/17 11:25:05 AM,30.255,,,,,
1706,09/26/17 12:25:05 PM,30.457,,,,,
1707,09/26/17 01:25:05 PM,30.558,,,,,
1708,09/26/17 02:25:05 PM,30.76,,,,,
1709,09/26/17 03:25:05 PM,30.862,,,,,
1710,09/26/17 04:25:05 PM,30.356,,,,,
1711,09/26/17 05:25:05 PM,30.255,,,,,
1712,09/26/17 06:25:05 PM,30.154,,,,,
1713,09/26/17 07:25:05 PM,30.054,,,,,
1714,09/26/17 08:25:05 PM,29.953,,,,,
1715,09/26/17 09:25:05 PM,29.953,,,,,
1716,09/26/17 10:25:05 PM,29.853,,,,,
1717,09/26/17 11:25:05 PM,29.853,,,,,
1718,09/27/17 12:25:05 AM,29.953,,,,,
1719,09/27/17 01:25:05 AM,29.853,,,,,
1720,09/27/17 02:25:05 AM,29.752,,,,,
1721,09/27/17 03:25:05 AM,29.652,,,,,
1722,09/27/17 04:25:05 AM,29.752,,,,,
1723,09/27/17 05:25:05 AM,29.752,,,,,
1724,09/27/17 06:25:05 AM,29.752,,,,,
1725,09/27/17 07:25:05 AM,29.652,,,,,
1726,09/27/17 08:25:05 AM,29.652,,,,,
1727,09/27/17 09:25:05 AM,29.953,,,,,
1728,09/27/17 10:25:05 AM,30.255,,,,,
1729,09/27/17 11:25:05 AM,30.558,,,,,
1730,09/27/17 12:25:05 PM,30.862,,,,,
1731,09/27/17 01:25:05 PM,31.064,,,,,
1732,09/27/17 02:25:05 PM,31.268,,,,,
1733,09/27/17 03:25:05 PM,31.064,,,,,
1734,09/27/17 04:25:05 PM,30.862,,,,,
1735,09/27/17 05:25:05 PM,30.558,,,,,
1736,09/27/17 06:25:05 PM,30.356,,,,,
1737,09/27/17 07:25:05 PM,30.356,,,,,
1738,09/27/17 08:25:05 PM,30.255,,,,,
1739,09/27/17 09:25:05 PM,30.356,,,,,
1740,09/27/17 10:25:05 PM,30.356,,,,,
1741,09/27/17 11:25:05 PM,30.457,,,,,
1742,09/28/17 12:25:05 AM,30.356,,,,,
1743,09/28/17 01:25:05 AM,30.356,,,,,
1744,09/28/17 02:25:05 AM,30.255,,,,,
1745,09/28/17 03:25:05 AM,30.154,,,,,
1746,09/28/17 04:25:05 AM,30.154,,,,,
1747,09/28/17 05:25:05 AM,30.054,,,,,
1748,09/28/17 06:25:05 AM,29.953,,,,,
1749,09/28/17 07:25:05 AM,29.953,,,,,
1750,09/28/17 08:25:05 AM,29.953,,,,,
1751,09/28/17 09:25:05 AM,30.054,,,,,
1752,09/28/17 10:25:05 AM,30.457,,,,,
1753,09/28/17 11:25:05 AM,30.76,,,,,
1754,09/28/17 12:25:05 PM,31.064,,,,,
1755,09/28/17 01:25:05 PM,31.064,,,,,
1756,09/28/17 02:25:05 PM,31.064,,,,,
1757,09/28/17 03:25:05 PM,30.862,,,,,
1758,09/28/17 04:25:05 PM,30.76,,,,,
1759,09/28/17 05:25:05 PM,30.659,,,,,
1760,09/28/17 06:25:05 PM,30.659,,,,,
1761,09/28/17 07:25:05 PM,30.558,,,,,
1762,09/28/17 08:25:05 PM,30.457,,,,,
1763,09/28/17 09:25:05 PM,30.356,,,,,
1764,09/28/17 10:25:05 PM,30.76,,,,,
1765,09/28/17 11:25:05 PM,30.659,,,,,
1766,09/29/17 12:25:05 AM,30.659,,,,,
1767,09/29/17 01:25:05 AM,30.558,,,,,
1768,09/29/17 02:25:05 AM,30.558,,,,,
1769,09/29/17 03:25:05 AM,30.457,,,,,
1770,09/29/17 04:25:05 AM,30.356,,,,,
1771,09/29/17 05:25:05 AM,30.255,,,,,
1772,09/29/17 06:25:05 AM,30.255,,,,,
1773,09/29/17 07:25:05 AM,30.255,,,,,
1774,09/29/17 08:25:05 AM,30.154,,,,,
1775,09/29/17 09:25:05 AM,30.356,,,,,
1776,09/29/17 10:25:05 AM,30.558,,,,,
1777,09/29/17 11:25:05 AM,30.76,,,,,
1778,09/29/17 12:25:05 PM,31.064,,,,,
1779,09/29/17 01:25:05 PM,31.268,,,,,
1780,09/29/17 02:25:05 PM,31.268,,,,,
1781,09/29/17 03:25:05 PM,31.166,,,,,
1782,09/29/17 04:25:05 PM,31.166,,,,,
1783,09/29/17 05:25:05 PM,30.862,,,,,
1784,09/29/17 06:25:05 PM,30.659,,,,,
1785,09/29/17 07:25:05 PM,30.457,,,,,
1786,09/29/17 08:25:05 PM,30.356,,,,,
1787,09/29/17 09:25:05 PM,30.255,,,,,
1788,09/29/17 10:25:05 PM,30.154,,,,,
1789,09/29/17 11:25:05 PM,30.154,,,,,
1790,09/30/17 12:25:05 AM,30.054,,,,,
1791,09/30/17 01:25:05 AM,30.054,,,,,
1792,09/30/17 02:25:05 AM,30.054,,,,,
1793,09/30/17 03:25:05 AM,30.154,,,,,
1794,09/30/17 04:25:05 AM,30.054,,,,,
1795,09/30/17 05:25:05 AM,29.953,,,,,
1796,09/30/17 06:25:05 AM,29.752,,,,,
1797,09/30/17 07:25:05 AM,29.752,,,,,
1798,09/30/17 08:25:05 AM,29.752,,,,,
1799,09/30/17 09:25:05 AM,29.752,,,,,
1800,09/30/17 10:25:05 AM,29.853,,,,,
1801,09/30/17 11:25:05 AM,29.853,,,,,
1802,09/30/17 12:25:05 PM,29.953,,,,,
1803,09/30/17 01:25:05 PM,29.953,,,,,
1804,09/30/17 02:25:05 PM,29.953,,,,,
1805,09/30/17 03:25:05 PM,30.054,,,,,
1806,09/30/17 04:25:05 PM,29.953,,,,,
1807,09/30/17 05:25:05 PM,29.953,,,,,
1808,09/30/17 06:25:05 PM,29.853,,,,,
1809,09/30/17 07:25:05 PM,29.853,,,,,
1810,09/30/17 08:25:05 PM,29.853,,,,,
1811,09/30/17 09:25:05 PM,29.853,,,,,
1812,09/30/17 10:25:05 PM,29.752,,,,,
1813,09/30/17 11:25:05 PM,29.752,,,,,
1814,10/01/2017 00:25,29.652,,,,,
1815,10/01/2017 01:25,29.552,,,,,
1816,10/01/2017 02:25,29.552,,,,,
1817,10/01/2017 03:25,29.452,,,,,
1818,10/01/2017 04:25,29.452,,,,,
1819,10/01/2017 05:25,29.452,,,,,
1820,10/01/2017 06:25,29.352,,,,,
1821,10/01/2017 07:25,29.452,,,,,
1822,10/01/2017 08:25,29.552,,,,,
1823,10/01/2017 09:25,29.652,,,,,
1824,10/01/2017 10:25,29.752,,,,,
1825,10/01/2017 11:25,29.752,,,,,
1826,10/01/2017 12:25,29.752,,,,,
1827,10/01/2017 13:25,30.054,,,,,
1828,10/01/2017 14:25,30.054,,,,,
1829,10/01/2017 15:25,29.853,,,,,
1830,10/01/2017 16:25,29.853,,,,,
1831,10/01/2017 17:25,29.853,,,,,
1832,10/01/2017 18:25,29.853,,,,,
1833,10/01/2017 19:25,29.652,,,,,
1834,10/01/2017 20:25,29.652,,,,,
1835,10/01/2017 21:25,29.652,,,,,
1836,10/01/2017 22:25,29.652,,,,,
1837,10/01/2017 23:25,29.652,,,,,
1838,10/02/2017 00:25,29.652,,,,,
1839,10/02/2017 01:25,29.652,,,,,
1840,10/02/2017 02:25,29.652,,,,,
1841,10/02/2017 03:25,29.552,,,,,
1842,10/02/2017 04:25,29.452,,,,,
1843,10/02/2017 05:25,29.352,,,,,
1844,10/02/2017 06:25,29.352,,,,,
1845,10/02/2017 07:25,29.252,,,,,
1846,10/02/2017 08:25,29.352,,,,,
1847,10/02/2017 09:25,29.452,,,,,
1848,10/02/2017 10:25,29.552,,,,,
1849,10/02/2017 11:25,29.752,,,,,
1850,10/02/2017 12:25,30.356,,,,,
1851,10/02/2017 13:25,30.255,,,,,
1852,10/02/2017 14:25,29.953,,,,,
1853,10/02/2017 15:25,29.853,,,,,
1854,10/02/2017 16:25,29.752,,,,,
1855,10/02/2017 17:25,29.853,,,,,
1856,10/02/2017 18:25,29.752,,,,,
1857,10/02/2017 19:25,29.452,,,,,
1858,10/02/2017 20:25,29.452,,,,,
1859,10/02/2017 21:25,29.452,,,,,
1860,10/02/2017 22:25,29.452,,,,,
1861,10/02/2017 23:25,29.252,,,,,
1862,10/03/2017 00:25,29.252,,,,,
1863,10/03/2017 01:25,29.152,,,,,
1864,10/03/2017 02:25,29.053,,,,,
1865,10/03/2017 03:25,29.053,,,,,
1866,10/03/2017 04:25,29.152,,,,,
1867,10/03/2017 05:25,28.953,,,,,
1868,10/03/2017 06:25,28.853,,,,,
1869,10/03/2017 07:25,28.853,,,,,
1870,10/03/2017 08:25,28.853,,,,,
1871,10/03/2017 09:25,28.853,,,,,
1872,10/03/2017 10:25,28.853,,,,,
1873,10/03/2017 11:25,28.853,,,,,
1874,10/03/2017 12:25,28.953,,,,,
1875,10/03/2017 13:25,28.953,,,,,
1876,10/03/2017 14:25,29.053,,,,,
1877,10/03/2017 15:25,29.352,,,,,
1878,10/03/2017 16:25,29.552,,,,,
1879,10/03/2017 17:25,29.452,,,,,
1880,10/03/2017 18:25,29.152,,,,,
1881,10/03/2017 19:25,28.953,,,,,
1882,10/03/2017 20:25,29.053,,,,,
1883,10/03/2017 21:25,29.053,,,,,
1884,10/03/2017 22:25,29.053,,,,,
1885,10/03/2017 23:25,28.853,,,,,
1886,10/04/2017 00:25,28.853,,,,,
1887,10/04/2017 01:25,28.853,,,,,
1888,10/04/2017 02:25,28.853,,,,,
1889,10/04/2017 03:25,28.754,,,,,
1890,10/04/2017 04:25,28.754,,,,,
1891,10/04/2017 05:25,28.655,,,,,
1892,10/04/2017 06:25,28.655,,,,,
1893,10/04/2017 07:25,28.853,,,,,
1894,10/04/2017 08:25,29.252,,,,,
1895,10/04/2017 09:25,29.053,,,,,
1896,10/04/2017 10:25,29.152,,,,,
1897,10/04/2017 11:25,29.452,,,,,
1898,10/04/2017 12:25,29.452,,,,,
1899,10/04/2017 13:25,29.652,,,,,
1900,10/04/2017 14:25,29.752,,,,,
1901,10/04/2017 15:25,29.853,,,,,
1902,10/04/2017 16:25,29.853,,,,,
1903,10/04/2017 17:25,29.752,,,,,
1904,10/04/2017 18:25,29.452,,,,,
1905,10/04/2017 19:25,29.252,,,,,
1906,10/04/2017 20:25,29.452,,,,,
1907,10/04/2017 21:25,29.552,,,,,
1908,10/04/2017 22:25,29.652,,,,,
1909,10/04/2017 23:25,29.352,,,,,
1910,10/05/2017 00:25,29.452,,,,,
1911,10/05/2017 01:25,29.152,,,,,
1912,10/05/2017 02:25,29.053,,,,,
1913,10/05/2017 03:25,29.053,,,,,
1914,10/05/2017 04:25,28.953,,,,,
1915,10/05/2017 05:25,29.053,,,,,
1916,10/05/2017 06:25,29.053,,,,,
1917,10/05/2017 07:25,28.953,,,,,
1918,10/05/2017 08:25,28.953,,,,,
1919,10/05/2017 09:25,29.053,,,,,
1920,10/05/2017 10:25,29.152,,,,,
1921,10/05/2017 11:25,29.252,,,,,
1922,10/05/2017 12:25,29.252,,,,,
1923,10/05/2017 13:25,29.252,,,,,
1924,10/05/2017 14:25,29.252,,,,,
1925,10/05/2017 15:25,29.053,,,,,
1926,10/05/2017 16:25,28.953,,,,,
1927,10/05/2017 17:25,28.853,,,,,
1928,10/05/2017 18:25,28.853,,,,,
1929,10/05/2017 19:25,28.853,,,,,
1930,10/05/2017 20:25,28.853,,,,,
1931,10/05/2017 21:25,28.754,,,,,
1932,10/05/2017 22:25,28.953,,,,,
1933,10/05/2017 23:25,28.754,,,,,
1934,10/06/2017 00:25,28.754,,,,,
1935,10/06/2017 01:25,28.853,,,,,
1936,10/06/2017 02:25,28.853,,,,,
1937,10/06/2017 03:25,28.853,,,,,
1938,10/06/2017 04:25,28.853,,,,,
1939,10/06/2017 05:25,28.853,,,,,
1940,10/06/2017 06:25,28.853,,,,,
1941,10/06/2017 07:25,28.853,,,,,
1942,10/06/2017 08:25,28.655,,,,,
1943,10/06/2017 09:25,28.655,,,,,
1944,10/06/2017 10:25,28.655,,,,,
1945,10/06/2017 11:25,23.292,,,,,
1946,10/06/2017 12:25,22.621,,,,,
1947,10/06/2017 13:25,20.71,,,,,
1948,10/06/2017 14:25,20.71,,,,,
1949,10/06/2017 15:25,21.282,,,,,
1950,10/06/2017 16:25,21.569,,,,,
1951,10/06/2017 17:25,21.569,,,,,
1952,10/06/2017 18:25,21.378,,,,,
1953,10/06/2017 19:25,22.717,,,,,
1954,10/06/2017 20:25,22.621,,,,,
1955,10/06/2017 21:25,22.429,,,,,
1956,10/06/2017 22:25,22.238,,,,,
1957,10/06/2017 23:25,22.142,,,,,
1958,10/07/2017 00:25,22.046,,,,,
1959,10/07/2017 01:25,21.951,,,,,
1960,10/07/2017 02:25,21.76,,,,,
1961,10/07/2017 03:25,21.664,,,,,
1962,10/07/2017 04:25,21.569,,,,,
1963,10/07/2017 05:25,21.569,,,,,
1964,10/07/2017 06:25,21.569,,,,,
1965,10/07/2017 07:25,21.664,,,,,
1966,10/07/2017 08:25,22.046,,,,,
1967,10/07/2017 09:25,22.333,,,,,
1968,10/07/2017 10:25,22.812,,,,,
1969,10/07/2017 11:25,23.292,,,,,
1970,10/07/2017 12:25,23.677,,,,,
1971,10/07/2017 13:25,22.908,,,,,
1972,10/07/2017 14:25,24.545,,,,,
1973,10/07/2017 15:25,23.484,,,,,
1974,10/07/2017 16:25,23.004,,,,,
1975,10/07/2017 17:25,23.292,,,,,
1976,10/07/2017 18:25,23.196,,,,,
1977,10/07/2017 19:25,23.004,,,,,
1978,10/07/2017 20:25,22.717,,,,,
1979,10/07/2017 21:25,22.621,,,,,
1980,10/07/2017 22:25,22.525,,,,,
1981,10/07/2017 23:25,22.333,,,,,
1982,10/08/2017 00:25,22.142,,,,,
1983,10/08/2017 01:25,21.951,,,,,
1984,10/08/2017 02:25,21.76,,,,,
1985,10/08/2017 03:25,21.664,,,,,
1986,10/08/2017 04:25,21.855,,,,,
1987,10/08/2017 05:25,22.429,,,,,
1988,10/08/2017 06:25,21.76,,,,,
1989,10/08/2017 07:25,22.142,,,,,
1990,10/08/2017 08:25,22.046,,,,,
1991,10/08/2017 09:25,22.333,,,,,
1992,10/08/2017 10:25,22.908,,,,,
1993,10/08/2017 11:25,23.388,,,,,
1994,10/08/2017 12:25,23.869,,,,,
1995,10/08/2017 13:25,23.004,,,,,
1996,10/08/2017 14:25,23.292,,,,,
1997,10/08/2017 15:25,22.717,,,,,
1998,10/08/2017 16:25,23.581,,,,,
1999,10/08/2017 17:25,22.717,,,,,
2000,10/08/2017 18:25,23.196,,,,,
2001,10/08/2017 19:25,23.1,,,,,
2002,10/08/2017 20:25,22.908,,,,,
2003,10/08/2017 21:25,22.812,,,,,
2004,10/08/2017 22:25,22.621,,,,,
2005,10/08/2017 23:25,22.525,,,,,
2006,10/09/2017 00:25,22.333,,,,,
2007,10/09/2017 01:25,22.238,,,,,
2008,10/09/2017 02:25,22.142,,,,,
2009,10/09/2017 03:25,22.046,,,,,
2010,10/09/2017 04:25,22.046,,,,,
2011,10/09/2017 05:25,21.951,,,,,
2012,10/09/2017 06:25,21.855,,,,,
2013,10/09/2017 07:25,21.951,,,,,
2014,10/09/2017 08:25,22.429,,,,,
2015,10/09/2017 09:25,22.812,,,,,
2016,10/09/2017 10:14,,,Logged,,,
2017,10/09/2017 10:14,,,,Logged,,
2018,10/09/2017 10:21,,,,,Logged,Logged
